#
# A fatal error has been detected by the Java Runtime Environment:
#
#  SIGSEGV (0xb) at pc=0x000000010b4110b4, pid=79137, tid=75291
#
# JRE version: OpenJDK Runtime Environment JBR-25.0.4.1+1-583.48-jcef (25.0.4.1+1) (build 25.0.4.1+1-b583.48)
# Java VM: OpenJDK 64-Bit Server VM JBR-25.0.4.1+1-583.48-jcef (25.0.4.1+1-b583.48, mixed mode, sharing, tiered, compressed oops, compressed class ptrs, g1 gc, bsd-aarch64)
# Problematic frame:
# V  [libjvm.dylib+0x6850b4]  VM_EnhancedRedefineClasses::do_topological_class_sorting(ResourceHashtable<Klass*, Klass*, 1031u, (AnyObj::allocation_type)2, (MemTag)9, &old2new_ptr_hash(Klass* const&), &old2new_ptr_equals(Klass* const&, Klass* const&)>*, JavaThread*)+0x294
#
# No core dump will be written. Core dumps have been disabled. To enable core dumping, try "ulimit -c unlimited" before starting Java again
#
# If you would like to submit a bug report, please visit:
#   https://youtrack.jetbrains.com/issues/JBR
#

---------------  S U M M A R Y ------------

Command Line: -Dcompose.reload.argfile=/Volumes/Box/Code/Kotlin/Traclock/desktopApp/build/run/main/main.argfile -Dcompose.reload.build.continuous=false -Dcompose.reload.build.warmup=true -Dcompose.reload.buildSystem=Gradle -Dcompose.reload.devToolsClasspath=/Volumes/Box/DevCache/gradle/caches/modules-2/files-2.1/org.jetbrains.compose.hot-reload/hot-reload-devtools/1.2.0/ecf423a2878fa5c7b94e92f89022ecf583c15590/hot-reload-devtools-1.2.0.jar:/Volumes/Box/DevCache/gradle/caches/modules-2/files-2.1/org.jetbrains.compose.hot-reload/hot-reload-devtools-api/1.2.0/33d7788af49b43f2fb91ffdb3251f9b00cf3d184/hot-reload-devtools-api-1.2.0.jar:/Volumes/Box/DevCache/gradle/caches/modules-2/files-2.1/org.jetbrains.compose.hot-reload/hot-reload-orchestration/1.2.0/d9ee1ef097b41c43b6eed1db54c7941b48803f13/hot-reload-orchestration-1.2.0.jar:/Volumes/Box/DevCache/gradle/caches/modules-2/files-2.1/org.jetbrains.compose.hot-reload/hot-reload-core/1.2.0/c4afec6d35620b41ddfd1f29bc68ce668c653786/hot-reload-core-1.2.0.jar:/Volumes/Box/DevCache/gradle/caches/modules-2/files-2.1/org.jetbrains.compose.hot-reload/hot-reload-runtime-api-jvm/1.2.0/337a75369a4ae1fb64c9d7bebe139802c2ab54a6/hot-reload-runtime-api-jvm-1.2.0.jar:/Volumes/Box/DevCache/gradle/caches/modules-2/files-2.1/org.jetbrains.compose.desktop/desktop-jvm/1.11.1/1fee826ff9d1fafd500b57a22facfc0236bc14c7/desktop-jvm-1.11.1.jar:/Volumes/Box/DevCache/gradle/caches/modules-2/files-2.1/org.jetbrains.compose.components/components-resources-desktop/1.11.1/f4eb52d87f31584dacdb816a26376f39a1802e8a/library-desktop-1.11.1.jar:/Volumes/Box/DevCache/gradle/caches/modules-2/files-2.1/io.sellmair/evas-compose-jvm/1.4.0/a89b78f345d4a21a29c295820e4aa931aec1b93b/evas-compose-jvm-1.4.0.jar:/Volumes/Box/DevCache/gradle/caches/modules-2/files-2.1/io.sellmair/evas-jvm/1.4.0/3c6955af5c56c65290575b2b998ec166c5079de4/evas-jvm-1.4.0.jar:/Volumes/Box/DevCache/gradle/caches/modules-2/files-2.1/org.jetbrains.skiko/skiko-awt-runtime-macos-arm64/0.144.6/fa12044f1775530103fd37e71f7bf5398a1d735d/skiko-awt-runtime-macos-arm64-0.144.6.jar:/Volumes/Box/DevCache/gradle/caches/modules-2/files-2.1/org.jetbrains.compose.material3/material3-desktop/1.9.0/19004c4eb3dc6618eb66a076bbe3d7e1a2e7b-Dcompose.reload.devToolsDetached=false -Dcompose.reload.devToolsEnabled=true -Dcompose.reload.devToolsHeadless=false -Dcompose.reload.devToolsTransparencyEnabled=true -Dcompose.reload.dirtyResolveDepthLimit=5 -Dcompose.reload.effectsEnabled=true -Dcompose.reload.gradle.build.optimize=true -Dcompose.reload.gradle.build.optimize.unsafe=false -Dcompose.reload.isActive=true -Dcompose.reload.launchMode=GradleBlocking -Dcompose.reload.logLevel=Info -Dcompose.reload.logStdout=false -Dcompose.reload.mainClass=com.mean.traclock.MainKt -Dcompose.reload.pidFile=/Volumes/Box/Code/Kotlin/Traclock/desktopApp/build/run/main/main.pid -Dcompose.reload.staticsReinitializeMode=AllDirty -Dcompose.reload.virtualMethodResolveEnabled=true -Dgradle.build.project=:desktopApp -Dgradle.build.root=/Volumes/Box/Code/Kotlin/Traclock -Dgradle.build.task=hotReloadMain -Dgradle.offline.mode=false -Dorg.gradle.java.home=/Users/mean/Library/Java/JavaVirtualMachines/jbr-21.0.11/Contents/Home -XX:+IgnoreUnrecognizedVMOptions -XX:+AllowEnhancedClassRedefinition -javaagent:/Volumes/Box/DevCache/gradle/caches/modules-2/files-2.1/org.jetbrains.compose.hot-reload/hot-reload-agent/1.2.0/ea0a27affaa1e54108a144c72be56fa0fc402889/hot-reload-agent-1.2.0.jar -Dfile.encoding=UTF-8 -Duser.country=CN -Duser.language=zh -Duser.variant com.mean.traclock.MainKt

Host: "Mac16,10" arm64, 10 cores, 16G, Darwin 27.0.0, macOS 27.0.1 (26A434)
Time: Mon Oct  5 23:32:32 2026 CST elapsed time: 601.823916 seconds (0d 0h 10m 1s)

---------------  T H R E A D  ---------------

Current thread (0x00000078e9ce6800):  JavaThread "AWT-EventQueue-0"        [_thread_in_vm, id=75291, stack(0x000000016e850000,0x000000016ea53000) (2060K)]

Stack: [0x000000016e850000,0x000000016ea53000],  sp=0x000000016ea4fa80,  free space=2046k
Native frames: (J=compiled Java code, j=interpreted, Vv=VM code, C=native code)
V  [libjvm.dylib+0x6850b4]  VM_EnhancedRedefineClasses::do_topological_class_sorting(ResourceHashtable<Klass*, Klass*, 1031u, (AnyObj::allocation_type)2, (MemTag)9, &old2new_ptr_hash(Klass* const&), &old2new_ptr_equals(Klass* const&, Klass* const&)>*, JavaThread*)+0x294
V  [libjvm.dylib+0x68233c]  VM_EnhancedRedefineClasses::find_sorted_affected_classes(bool, GrowableArray<Klass*>*, ResourceHashtable<Klass*, Klass*, 1031u, (AnyObj::allocation_type)2, (MemTag)9, &old2new_ptr_hash(Klass* const&), &old2new_ptr_equals(Klass* const&, Klass* const&)>*, JavaThread*)+0x194
V  [libjvm.dylib+0x680a84]  VM_EnhancedRedefineClasses::load_new_class_versions(JavaThread*)+0x10c
V  [libjvm.dylib+0x6807d0]  VM_EnhancedRedefineClasses::doit_prologue()+0x128
V  [libjvm.dylib+0xbb456c]  VMThread::execute(VM_Operation*)+0x78
V  [libjvm.dylib+0x6d54bc]  JvmtiEnv::RedefineClasses(int, jvmtiClassDefinition const*)+0x78
V  [libjvm.dylib+0x699324]  jvmti_RedefineClasses(_jvmtiEnv*, int, jvmtiClassDefinition const*)+0x1cc
C  [libinstrument.dylib+0x4958]  redefineClasses+0x414
j  sun.instrument.InstrumentationImpl.redefineClasses0(J[Ljava/lang/instrument/ClassDefinition;)V+0 java.instrument@25.0.4.1
j  sun.instrument.InstrumentationImpl.redefineClasses([Ljava/lang/instrument/ClassDefinition;)V+79 java.instrument@25.0.4.1
j  org.jetbrains.compose.reload.agent.ReloadKt.reload(Lorg/jetbrains/compose/reload/core/Context;Ljava/lang/instrument/Instrumentation;Lorg/jetbrains/compose/reload/orchestration/OrchestrationMessageId;Ljava/util/Map;)Lorg/jetbrains/compose/reload/core/Either;+1431
j  org.jetbrains.compose.reload.agent.ReloadRequestHandlerKt$launchReloadRequestHandler$1$1.invokeSuspend$lambda$0(Lkotlin/jvm/internal/Ref$ObjectRef;Lorg/jetbrains/compose/reload/orchestration/OrchestrationMessage$ReloadClassesRequest;Ljava/lang/instrument/Instrumentation;)Lkotlin/Unit;+64
j  org.jetbrains.compose.reload.agent.ReloadRequestHandlerKt$launchReloadRequestHandler$1$1$$Lambda+0x000000f00254e380.invoke()Ljava/lang/Object;+12
j  org.jetbrains.compose.reload.agent.UiThreadKt.runOnUiThread$lambda$0(Ljava/util/concurrent/CompletableFuture;Lkotlin/jvm/functions/Function0;)V+3
j  org.jetbrains.compose.reload.agent.UiThreadKt$$Lambda+0x000000f00254e5e8.run()V+8
J 7603 c2 java.awt.event.InvocationEvent.dispatch()V java.desktop (69 bytes) @ 0x0000000118656cf4 [0x0000000118656c80+0x0000000000000074]
J 8102 c2 java.awt.EventDispatchThread.pumpOneEventForFilters(I)V java.desktop (106 bytes) @ 0x00000001186a3684 [0x00000001186a28c0+0x0000000000000dc4]
J 8436% c1 java.awt.EventDispatchThread.pumpEventsForFilter(ILjava/awt/Conditional;Ljava/awt/EventFilter;)V java.desktop (47 bytes) @ 0x000000011093482c [0x0000000110934580+0x00000000000002ac]
j  java.awt.EventDispatchThread.pumpEventsForHierarchy(ILjava/awt/Conditional;Ljava/awt/Component;)V+11 java.desktop
j  java.awt.EventDispatchThread.pumpEvents(ILjava/awt/Conditional;)V+4 java.desktop
j  java.awt.EventDispatchThread.pumpEvents(Ljava/awt/Conditional;)V+3 java.desktop
j  java.awt.EventDispatchThread.run()V+18 java.desktop
v  ~StubRoutines::call_stub 0x0000000117e50154
V  [libjvm.dylib+0x4f2a4c]  JavaCalls::call_helper(JavaValue*, methodHandle const&, JavaCallArguments*, JavaThread*)+0x3d4
V  [libjvm.dylib+0x4f1978]  JavaCalls::call_virtual(JavaValue*, Klass*, Symbol*, Symbol*, JavaCallArguments*, JavaThread*)+0x164
V  [libjvm.dylib+0x4f1a44]  JavaCalls::call_virtual(JavaValue*, Handle, Klass*, Symbol*, Symbol*, JavaThread*)+0x64
V  [libjvm.dylib+0x5d2e90]  thread_entry(JavaThread*, JavaThread*)+0x9c
V  [libjvm.dylib+0x50746c]  JavaThread::thread_main_inner()+0xa4
V  [libjvm.dylib+0xb191e8]  Thread::call_run()+0xc8
V  [libjvm.dylib+0x8b488c]  thread_native_entry(Thread*)+0x118
C  [libsystem_pthread.dylib+0x6d00]  _pthread_start+0x88
Java frames: (J=compiled Java code, j=interpreted, Vv=VM code)
j  sun.instrument.InstrumentationImpl.redefineClasses0(J[Ljava/lang/instrument/ClassDefinition;)V+0 java.instrument@25.0.4.1
j  sun.instrument.InstrumentationImpl.redefineClasses([Ljava/lang/instrument/ClassDefinition;)V+79 java.instrument@25.0.4.1
j  org.jetbrains.compose.reload.agent.ReloadKt.reload(Lorg/jetbrains/compose/reload/core/Context;Ljava/lang/instrument/Instrumentation;Lorg/jetbrains/compose/reload/orchestration/OrchestrationMessageId;Ljava/util/Map;)Lorg/jetbrains/compose/reload/core/Either;+1431
j  org.jetbrains.compose.reload.agent.ReloadRequestHandlerKt$launchReloadRequestHandler$1$1.invokeSuspend$lambda$0(Lkotlin/jvm/internal/Ref$ObjectRef;Lorg/jetbrains/compose/reload/orchestration/OrchestrationMessage$ReloadClassesRequest;Ljava/lang/instrument/Instrumentation;)Lkotlin/Unit;+64
j  org.jetbrains.compose.reload.agent.ReloadRequestHandlerKt$launchReloadRequestHandler$1$1$$Lambda+0x000000f00254e380.invoke()Ljava/lang/Object;+12
j  org.jetbrains.compose.reload.agent.UiThreadKt.runOnUiThread$lambda$0(Ljava/util/concurrent/CompletableFuture;Lkotlin/jvm/functions/Function0;)V+3
j  org.jetbrains.compose.reload.agent.UiThreadKt$$Lambda+0x000000f00254e5e8.run()V+8
J 7603 c2 java.awt.event.InvocationEvent.dispatch()V java.desktop (69 bytes) @ 0x0000000118656cf4 [0x0000000118656c80+0x0000000000000074]
J 8102 c2 java.awt.EventDispatchThread.pumpOneEventForFilters(I)V java.desktop (106 bytes) @ 0x00000001186a3684 [0x00000001186a28c0+0x0000000000000dc4]
J 8436% c1 java.awt.EventDispatchThread.pumpEventsForFilter(ILjava/awt/Conditional;Ljava/awt/EventFilter;)V java.desktop (47 bytes) @ 0x000000011093482c [0x0000000110934580+0x00000000000002ac]
j  java.awt.EventDispatchThread.pumpEventsForHierarchy(ILjava/awt/Conditional;Ljava/awt/Component;)V+11 java.desktop
j  java.awt.EventDispatchThread.pumpEvents(ILjava/awt/Conditional;)V+4 java.desktop
j  java.awt.EventDispatchThread.pumpEvents(Ljava/awt/Conditional;)V+3 java.desktop
j  java.awt.EventDispatchThread.run()V+18 java.desktop
v  ~StubRoutines::call_stub 0x0000000117e50154

siginfo: si_signo: 11 (SIGSEGV), si_code: 2 (SEGV_ACCERR), si_addr: 0x0000000000000000

Registers:
 x0=0x000000016ea4fb28  x1=0x000000016ea4faf8  x2=0x00000078e9ce6800  x3=0x00000078eadda8a0
 x4=0x000000016ea4fad8  x5=0x0000000000000000  x6=0x000000016ea4fe18  x7=0x00000078e9ce6800
 x8=0x0000007009df3258  x9=0x818db2d1971a001d x10=0x0000000098620004 x11=0x0000000098620003
x12=0x0000000000004100 x13=0x0000410000004100 x14=0x000000010ba2bd43 x15=0x0000007009df3210
x16=0x0000000186a50a1c x17=0x00000078eae805a0 x18=0x0000000000000000 x19=0x0000000000000004
x20=0x0000000000000002 x21=0x0000000000000000 x22=0x000000016ea51f30 x23=0x00000078ecd0bc18
x24=0x0000000000000000 x25=0x0000000000000000 x26=0x000000012a9928d0 x27=0x000000f002156068
x28=0x00000070ffc56100  fp=0x000000016ea4fd50  lr=0x000000010b410fec  sp=0x000000016ea4fa80
pc=0x000000010b4110b4 cpsr=0x0000000060000000

Register to memory mapping:

x0 =0x000000016ea4fb28 is pointing into the stack for thread: 0x00000078e9ce6800
x1 =0x000000016ea4faf8 is pointing into the stack for thread: 0x00000078e9ce6800
x2 =0x00000078e9ce6800 is a thread
x3 =0x00000078eadda8a0 points into unknown readable memory: 0x00000078eb0a1408 | 08 14 0a eb 78 00 00 00
x4 =0x000000016ea4fad8 is pointing into the stack for thread: 0x00000078e9ce6800
x5 =0x0 is null
x6 =0x000000016ea4fe18 is pointing into the stack for thread: 0x00000078e9ce6800
x7 =0x00000078e9ce6800 is a thread
x8 =0x0000007009df3258 is an oop: java.lang.NoClassDefFoundError 
{0x0000007009df3258} - klass: 'java/lang/NoClassDefFoundError' - flags: 

 - ---- fields (total size 5 words):
 - private transient 'depth' 'I' @12  14 (0x0000000e)
 - private transient 'backtrace' 'Ljava/lang/Object;' @16  a 'java/lang/Object'[7] {0x0000007009df3280} (0x013be650)
 - private 'detailMessage' 'Ljava/lang/String;' @20  "androidx/room3/RoomDatabase"{0x0000007009df3210} (0x013be642)
 - private 'cause' 'Ljava/lang/Throwable;' @24  a 'java/lang/ClassNotFoundException'{0x0000007009df2f38} (0x013be5e7)
 - private 'stackTrace' '[Ljava/lang/StackTraceElement;' @28  a 'java/lang/StackTraceElement'[0] {0x000000700149e0c8} (0x00293c19)
 - private 'suppressedExceptions' 'Ljava/util/List;' @32  a 'java/util/Collections$EmptyList'{0x0000007100097a70} (0x20012f4e)
x9 =0x818db2d1971a001d is an unknown value
x10=0x0000000098620004 is an unknown value
x11=0x0000000098620003 is an unknown value
x12=0x0000000000004100 is an unknown value
x13=0x0000410000004100 is an unknown value
x14=0x000000010ba2bd43: _ZZN11ClassLoader24file_name_for_class_nameEPKciE12class_suffix+0x1157a in /Volumes/Box/DevCache/gradle/jdks/jetbrains_s_r_o_-25-aarch64-os_x.2/jbrsdk_jcef-25.0.4.1-osx-aarch64-b583.48/Contents/Home/lib/server/libjvm.dylib at 0x000000010ad8c000
x15=0x0000007009df3210 is an oop: java.lang.String 
{0x0000007009df3210} - klass: 'java/lang/String' - flags: 

 - string: "androidx/room3/RoomDatabase"
 - ---- fields (total size 3 words):
 - private 'hash' 'I' @12  0 (0x00000000)
 - private final 'coder' 'B' @16  0 (0x00)
 - private 'hashIsZero' 'Z' @17  false (0x00)
 - injected 'flags' 'B' @18  0 (0x00)
 - private final 'value' '[B' @20  [B{0x0000007009df3228} (0x013be645)
x16=0x0000000186a50a1c: pthread_mutex_unlock+0 in /usr/lib/system/libsystem_pthread.dylib at 0x0000000186a4f000
x17=0x00000078eae805a0 points into unknown readable memory: 0x00000000ffffffff | ff ff ff ff 00 00 00 00
x18=0x0 is null
x19=0x0000000000000004 is an unknown value
x20=0x0000000000000002 is an unknown value
x21=0x0 is null
x22=0x000000016ea51f30 is pointing into the stack for thread: 0x00000078e9ce6800
x23=0x00000078ecd0bc18 points into unknown readable memory: 0x000000010bb8b488 | 88 b4 b8 0b 01 00 00 00
x24=0x0 is null
x25=0x0 is null
x26=0x000000012a9928d0 is pointing into metadata
x27=0x000000f002156068 is a pointer to class: 
com.mean.traclock.database.TraclockDatabaseKt {0x000000f002156068}
 - instance size:     2
 - klass size:        73
 - access:            public final synchronized 
 - flags:             rewritten should_verify_class defined_by_app_loader has_localvariable_table has_final_method 
 - state:             fully_initialized
 - name:              'com/mean/traclock/database/TraclockDatabaseKt'
 - super:             'java/lang/Object'
 - sub:               
 - arrays:            null
 - methods:           Array<T>(0x0000000128cdefd8)
 - method ordering:   Array<T>(0x0000000128cdf168)
 - local interfaces:  Array<T>(0x000000f000e58950)
 - trans. interfaces: Array<T>(0x000000f000e58950)
 - secondary supers: Array<T>(0x000000f000e58938)
 - hash_slot:         41
 - secondary bitmap: 0x0000000000000000
 - constants:         constant pool [82] {0x0000000128cdeca8} for 'com/mean/traclock/database/TraclockDatabaseKt' cache=0x0000000128cdf208
 - class loader data:  loader data: 0x00000078eadda8a0 for instance a 'jdk/internal/loader/ClassLoaders$AppClassLoader'{0x0000007100200638}
 - source file:       'TraclockDatabase.kt'
 - class annotations:       Array<T>(0x0000000128cdf0d0)
 - inner classes:     Array<T>(0x0000000128cdf118)
 - nest members:     Array<T>(0x000000f000e58948)
 - permitted subclasses:     Array<T>(0x000000f000e58948)
 - java mirror:       a 'java/lang/Class'{0x00000070ffd5bb30} = 'com/mean/traclock/database/TraclockDatabaseKt'
 - vtable length      5  (start addr: 0x000000f002156278)
 - itable length      2 (start addr: 0x000000f0021562a0)
 - ---- static fields (1 words):
 - public static final 'DB_FILE_NAME' 'Ljava/lang/String;' @120 
 - ---- non-static fields (0 words):
 - non-static oop maps (0 entries): 
x28=0x00000070ffc56100 is an oop: java.security.ProtectionDomain 
{0x00000070ffc56100} - klass: 'java/security/ProtectionDomain' - flags: 

 - ---- fields (total size 4 words):
 - private 'hasAllPerm' 'Z' @12  false (0x00)
 - private final 'staticPermissions' 'Z' @13  false (0x00)
 - private final 'codesource' 'Ljava/security/CodeSource;' @16  a 'java/security/CodeSource'{0x00000070ffc56120} (0x1ff8ac24)
 - private final 'classloader' 'Ljava/lang/ClassLoader;' @20  a 'jdk/internal/loader/ClassLoaders$AppClassLoader'{0x0000007100200638} (0x200400c7)
 - private final 'principals' '[Ljava/security/Principal;' @24  a 'java/security/Principal'[0] {0x00000070ffc561e8} (0x1ff8ac3d)
 - private 'permissions' 'Ljava/security/PermissionCollection;' @28  a 'java/security/Permissions'{0x00000070ffc561f8} (0x1ff8ac3f)
 fp=0x000000016ea4fd50 is pointing into the stack for thread: 0x00000078e9ce6800
 lr=0x000000010b410fec: _ZN26VM_EnhancedRedefineClasses28do_topological_class_sortingEP17ResourceHashtableIP5KlassS2_Lj1031ELN6AnyObj15allocation_typeE2EL6MemTag9EXadL_Z16old2new_ptr_hashRKS2_EEXadL_Z18old2new_ptr_equalsS7_S7_EEEP10JavaThread+0x1cc in /Volumes/Box/DevCache/gradle/jdks/jetbrains_s_r_o_-25-aarch64-os_x.2/jbrsdk_jcef-25.0.4.1-osx-aarch64-b583.48/Contents/Home/lib/server/libjvm.dylib at 0x000000010ad8c000
 sp=0x000000016ea4fa80 is pointing into the stack for thread: 0x00000078e9ce6800

Top of Stack: (sp=0x000000016ea4fa80)
0x000000016ea4fa80:   00000002e2b0e820 00000000000003d8    ...............
0x000000016ea4fa90:   00000078ecd0bc00 00000078e946cf60   ....x...`.F.x...
0x000000016ea4faa0:   000000016ea4fae0 000000016ea4fe18   ...n.......n....
0x000000016ea4fab0:   00000078ecd0bc18 00000078ecd0bff0   ....x.......x...
0x000000016ea4fac0:   00000002e2ac12b0 00000078e9ce6800   .........h..x...
0x000000016ea4fad0:   0000000000000004 00000078ecd1ef98   ............x...
0x000000016ea4fae0:   0000000000000000 0000000000000000   ................
0x000000016ea4faf0:   00000002e2000000 000000010bb587d8   ................
0x000000016ea4fb00:   00000078e6e1e000 00000078e6e1e78f   ....x.......x...
0x000000016ea4fb10:   00000078e6e1e000 000000010ba560ce   ....x....`......
0x000000016ea4fb20:   00000002e2000001 000000016ea4faf8   ...........n....
0x000000016ea4fb30:   00000078ed950b88 00000078eadda8a0   ....x.......x...
0x000000016ea4fb40:   00000000e2890000 0000000200000000   ................
0x000000016ea4fb50:   0000000000000000 0000000000000000   ................
0x000000016ea4fb60:   0000000000000000 0000000000000000   ................
0x000000016ea4fb70:   0000000000000000 0000000000000000   ................
0x000000016ea4fb80:   0000000000000000 0000000000000000   ................
0x000000016ea4fb90:   00000002e2890000 0000000000000000   ................
0x000000016ea4fba0:   0000000000000000 0000000000000000   ................
0x000000016ea4fbb0:   0000000000000000 0000000000000000   ................
0x000000016ea4fbc0:   0000000000000000 0000000000000000   ................
0x000000016ea4fbd0:   0000000000000000 0000000000000000   ................
0x000000016ea4fbe0:   0000000000000000 0000000000000000   ................
0x000000016ea4fbf0:   0000000000000000 0000000000000000   ................
0x000000016ea4fc00:   0000000000000000 0000000000000000   ................
0x000000016ea4fc10:   0000000000000000 0217ff21002501ff   ..........%.!...
0x000000016ea4fc20:   31781c040fff020d ff12a17d0603ff12   ......x1....}...
0x000000016ea4fc30:   0000261dff7d0603 00000002e288a540   ..}..&..@.......
0x000000016ea4fc40:   00000002e2896570 00000002e288c058   pe......X.......
0x000000016ea4fc50:   00000002e289a480 00000002e2880808   ................
0x000000016ea4fc60:   00000002e288c890 00000002e2a3c658   ........X.......
0x000000016ea4fc70:   00000002e290b7a0 00000002e2883a30   ........0:......

Instructions: (pc=0x000000010b4110b4)
  0x000000010b410fb4:   09 11 00 f9 1c 00 00 f9 e0 2f 00 f9 e8 1b 42 a9
  0x000000010b410fc4:   1f 7d 00 a9 1f f1 00 b8 62 0f 40 f9 63 4f 40 f9
  0x000000010b410fd4:   e0 a3 02 91 e1 e3 01 91 e4 63 01 91 05 00 80 52
  0x000000010b410fe4:   e7 27 40 f9 60 bb ef 97 f8 6b 40 f9 f3 2b 00 f9
  0x000000010b410ff4:   f8 05 00 b4 c9 4a 40 f9 28 01 40 b9 1f 05 00 71
  0x000000010b411004:   6b 05 00 54 29 05 40 f9 2a 01 40 f9 5f 01 18 eb
  0x000000010b411014:   60 01 00 54 2b 00 80 52 ea 03 0b aa 1f 01 0b eb
  0x000000010b411024:   a0 00 00 54 2c 79 6a f8 4b 05 00 91 9f 01 18 eb
  0x000000010b411034:   41 ff ff 54 5f 01 08 eb a2 03 00 54 bf 02 14 6b
  0x000000010b411044:   01 03 00 54 88 06 00 11 1f 01 14 6a 09 00 80 12
  0x000000010b411054:   84 02 49 7a 08 11 c0 5a e8 03 08 4b 29 00 80 52
  0x000000010b411064:   28 21 c8 1a 1c d5 94 1a e0 03 1c aa 01 02 80 52
  0x000000010b411074:   eb 4a f8 97 9f 06 00 71 0b 01 00 54 08 00 80 d2
  0x000000010b411084:   89 7e 7c d3 e0 6a e8 3c 00 68 a8 3c 08 41 00 91
  0x000000010b411094:   3f 01 08 eb 81 ff ff 54 f4 03 1c aa f7 03 00 aa
  0x000000010b4110a4:   e8 d2 35 8b b5 06 00 11 18 6d 00 a9 f9 97 40 f9
=>0x000000010b4110b4:   28 03 40 b9 1f 05 00 71 eb ef ff 54 18 00 80 d2
  0x000000010b4110c4:   3a 23 00 91 0a 00 00 14 f4 03 1c aa f7 03 00 aa
  0x000000010b4110d4:   e8 d2 35 8b b5 06 00 11 13 6d 00 a9 28 03 40 b9
  0x000000010b4110e4:   18 07 00 91 1f c3 28 eb 6a ee ff 54 53 7b 78 f8
  0x000000010b4110f4:   93 ff ff b4 ca 4a 40 f9 49 01 40 b9 3f 05 00 71
  0x000000010b411104:   0b ff ff 54 4a 05 40 f9 4b 01 40 f9 7f 01 13 eb
  0x000000010b411114:   60 01 00 54 2c 00 80 52 eb 03 0c aa 3f 01 0c eb
  0x000000010b411124:   a0 00 00 54 4d 79 6b f8 6c 05 00 91 bf 01 13 eb
  0x000000010b411134:   41 ff ff 54 7f 01 09 eb 42 fd ff 54 bf 02 14 6b
  0x000000010b411144:   81 fc ff 54 88 06 00 11 1f 01 14 6a 09 00 80 12
  0x000000010b411154:   84 02 49 7a 08 11 c0 5a e8 03 08 4b 29 00 80 52
  0x000000010b411164:   28 21 c8 1a 1c d5 94 1a e0 03 1c aa 01 02 80 52
  0x000000010b411174:   ab 4a f8 97 9f 06 00 71 8b fa ff 54 08 00 80 d2
  0x000000010b411184:   89 7e 7c d3 e0 6a e8 3c 00 68 a8 3c 08 41 00 91
  0x000000010b411194:   3f 01 08 eb 81 ff ff 54 cc ff ff 17 15 00 80 52
  0x000000010b4111a4:   c8 4a 40 f9 09 01 40 b9 3f 05 00 71 e1 0f c0 3d


Stack slot to memory mapping:

stack at sp + 0 slots: 0x00000002e2b0e820: ApplicationServicesVersionNumber+0x3d459f00 in /System/Library/Frameworks/ApplicationServices.framework/Versions/A/ApplicationServices at 0x00000001a56b4000
stack at sp + 1 slots: 0x00000000000003d8 is an unknown value
stack at sp + 2 slots: 0x00000078ecd0bc00 points into unknown readable memory: 0x00000078e8914000 | 00 40 91 e8 78 00 00 00
stack at sp + 3 slots: 0x00000078e946cf60 points into unknown readable memory: 0x0000000000000002 | 02 00 00 00 00 00 00 00
stack at sp + 4 slots: 0x000000016ea4fae0 is pointing into the stack for thread: 0x00000078e9ce6800
stack at sp + 5 slots: 0x000000016ea4fe18 is pointing into the stack for thread: 0x00000078e9ce6800
stack at sp + 6 slots: 0x00000078ecd0bc18 points into unknown readable memory: 0x000000010bb8b488 | 88 b4 b8 0b 01 00 00 00
stack at sp + 7 slots: 0x00000078ecd0bff0 points into unknown readable memory: 0x0000000000000000 | 00 00 00 00 00 00 00 00

Lock stack of current Java thread (top to bottom):


Compiled method (c2) 601840 7603   !   4       java.awt.event.InvocationEvent::dispatch (69 bytes)
 total in heap  [0x0000000118656b88,0x0000000118656da8] = 544
 main code      [0x0000000118656c80,0x0000000118656d88] = 264
 stub code      [0x0000000118656d88,0x0000000118656da8] = 32
 mutable data [0x00000078ef601900,0x00000078ef601938] = 56
 relocation     [0x00000078ef601900,0x00000078ef601928] = 40
 metadata       [0x00000078ef601928,0x00000078ef601938] = 16
 immutable data [0x00000078ed748620,0x00000078ed7486f8] = 216
 dependencies   [0x00000078ed748620,0x00000078ed748628] = 8
 handler table  [0x00000078ed748628,0x00000078ed748640] = 24
 scopes pcs     [0x00000078ed748640,0x00000078ed7486b0] = 112
 scopes data    [0x00000078ed7486b0,0x00000078ed7486f8] = 72

[Constant Pool (empty)]

[MachCode]
[Instructions begin]
  0x0000000118656c80: 1f20 03d5 | 1f20 03d5 | 1f20 03d5 
[Entry Point]
  # {method} {0x00000001281e03a0} 'dispatch' '()V' in 'java/awt/event/InvocationEvent'
  #           [sp+0x30]  (sp of caller)
  0x0000000118656c8c: 2808 40b9 | 2a09 40b9 | 1f01 0a6b | 4000 0054 

  0x0000000118656c9c: ;   {runtime_call Shared Runtime ic_miss_blob}
  0x0000000118656c9c: d9d1 e017 
[Verified Entry Point]
  0x0000000118656ca0: 1f20 03d5 | e953 40d1 | 3f01 00f9 | ffc3 00d1 | fd7b 02a9 | 8806 0018 | 8923 40b9 | 1f01 09eb 
  0x0000000118656cc0: 8105 0054 | 2b74 4039 | ec03 01aa | 2a28 40b9 | 0b03 0035 | fd03 01aa | e103 0aaa | 4a00 00b4 
  0x0000000118656ce0: 610f 0a8b | 0972 9ed2 | 69ea bcf2 | 090f c0f2 

  0x0000000118656cf0: ; ImmutableOopMap {rfp=Oop }
                      ;*invokeinterface run {reexecute=0 rethrow=0 return_oop=0}
                      ; - java.awt.event.InvocationEvent::dispatch@47 (line 323)
                      ;   {virtual_call}
  0x0000000118656cf0: 763d e497 | eb03 1daa | ec03 0032 | 6a71 0091 | 4cfd 9f08 | 6ab1 0091 | 5dfd df88 | bd01 0035 
  0x0000000118656d10: 7d31 40b9 | dd01 0035 | fd7b 42a9 | ffc3 0091 

  0x0000000118656d20: ;   {poll_return}
  0x0000000118656d20: 8817 40f9 | ff63 28eb | e801 0054 | c003 5fd6 | 4117 8012 | fd03 0caa | eb03 00b9 

  0x0000000118656d3c: ; ImmutableOopMap {rfp=Oop }
                      ;*ifeq {reexecute=1 rethrow=0 return_oop=0}
                      ; - (reexecute) java.awt.event.InvocationEvent::dispatch@4 (line 311)
                      ;   {runtime_call UncommonTrapBlob}
  0x0000000118656d3c: e136 e497 | 4117 8012 | eb03 00f9 

  0x0000000118656d48: ; ImmutableOopMap {rfp=NarrowOop [0]=Oop }
                      ;*ifnull {reexecute=1 rethrow=0 return_oop=0}
                      ; - (reexecute) java.awt.event.InvocationEvent::finishedDispatching@9 (line 407)
                      ; - java.awt.event.InvocationEvent::dispatch@54 (line 326)
                      ;   {runtime_call UncommonTrapBlob}
  0x0000000118656d48: de36 e497 | 4117 8012 | eb03 00f9 

  0x0000000118656d54: ; ImmutableOopMap {rfp=NarrowOop [0]=Oop }
                      ;*ifnull {reexecute=1 rethrow=0 return_oop=0}
                      ; - (reexecute) java.awt.event.InvocationEvent::finishedDispatching@40 (line 413)
                      ; - java.awt.event.InvocationEvent::dispatch@54 (line 326)
                      ;   {runtime_call UncommonTrapBlob}
  0x0000000118656d54: db36 e497 | e003 00f9 | 410d 8012 

  0x0000000118656d60: ; ImmutableOopMap {rfp=Oop [0]=Oop }
                      ;*astore_2 {reexecute=0 rethrow=0 return_oop=0}
                      ; - java.awt.event.InvocationEvent::dispatch@60 (line 326)
                      ;   {runtime_call UncommonTrapBlob}
  0x0000000118656d60: d836 e497 

  0x0000000118656d64: ;   {internal_word}
  0x0000000118656d64: e8fd ff10 | 8863 02f9 

  0x0000000118656d6c: ;   {runtime_call SafepointBlob}
  0x0000000118656d6c: c5d7 e017 

  0x0000000118656d70: ;   {runtime_call Stub::method_entry_barrier}
  0x0000000118656d70: 0830 88d2 | 28fd a2f2 | 2800 c0f2 | 0001 3fd6 | d1ff ff17 

  0x0000000118656d84: ;   {entry_guard}
  0x0000000118656d84: 0a00 0000 
[Stub Code]
  0x0000000118656d88: ;   {trampoline_stub}
  0x0000000118656d88: 4800 0058 | 0001 1fd6 | c862 f617 | 0100 0000 
[Exception Handler]
  0x0000000118656d98: ;   {runtime_call ExceptionBlob}
  0x0000000118656d98: 2a37 e417 
[Deopt Handler Code]
  0x0000000118656d9c: 1e00 0010 

  0x0000000118656da0: ;   {runtime_call DeoptimizationBlob}
  0x0000000118656da0: 38d8 e017 | 0000 0000 
[/MachCode]


Compiled method (c2) 601842 8102   !   4       java.awt.EventDispatchThread::pumpOneEventForFilters (106 bytes)
 total in heap  [0x00000001186a27c8,0x00000001186a64e0] = 15640
 main code      [0x00000001186a28c0,0x00000001186a6140] = 14464
 stub code      [0x00000001186a6140,0x00000001186a6490] = 848
 oops           [0x00000001186a6490,0x00000001186a64e0] = 80
 mutable data [0x00000078e7655800,0x00000078e7655f48] = 1864
 relocation     [0x00000078e7655800,0x00000078e7655ba0] = 928
 metadata       [0x00000078e7655ba0,0x00000078e7655f48] = 936
 immutable data [0x00000078ef558000,0x00000078ef559b88] = 7048
 dependencies   [0x00000078ef558000,0x00000078ef5580e8] = 232
 nul chk table  [0x00000078ef5580e8,0x00000078ef5581e8] = 256
 handler table  [0x00000078ef5581e8,0x00000078ef558440] = 600
 scopes pcs     [0x00000078ef558440,0x00000078ef558cf0] = 2224
 scopes data    [0x00000078ef558cf0,0x00000078ef559b88] = 3736

[Constant Pool (empty)]

[MachCode]
[Instructions begin]
  0x00000001186a28c0: 1f20 03d5 | 1f20 03d5 | 1f20 03d5 
[Entry Point]
  # {method} {0x00000001281e34c8} 'pumpOneEventForFilters' '(I)V' in 'java/awt/EventDispatchThread'
  # this:     c_rarg1:c_rarg1 
                        = 'java/awt/EventDispatchThread'
  # parm0:    c_rarg2   = int
  #           [sp+0x80]  (sp of caller)
  0x00000001186a28cc: 2808 40b9 | 2a09 40b9 | 1f01 0a6b | 4000 0054 

  0x00000001186a28dc: ;   {runtime_call Shared Runtime ic_miss_blob}
  0x00000001186a28dc: c9a2 df17 
[Verified Entry Point]
  0x00000001186a28e0: 1f20 03d5 | e953 40d1 | 3f01 00f9 | ff03 02d1 | fd7b 07a9 | 48c2 0118 | 8923 40b9 | 1f01 09eb 
  0x00000001186a2900: 41c1 0154 | 8afb 41f9 | ed83 0191 | 5601 40f9 | 8a2b 47b9 | 5fdd 1d71 | 8c03 0054 | 4c21 0051 
  0x00000001186a2920: 8c6b 6cf8 | 3f00 0ceb | 2001 0054 | 2b00 40f9 | 6b01 0837 | 6b01 40b2 | 6c01 40d2 | e803 0baa 
  0x00000001186a2940: 2c7c e8c8 | 1f01 0beb | 0102 0054 | 816b 2af8 | 4a21 0011 | 8a2b 07b9 | 0c00 0014 | 6af9 0091 
  0x00000001186a2960: 8957 42f9 | ec03 1faa | 497d ecc8 | 9f01 1feb | c000 0054 | 9f01 09eb | 8100 0054 | 6861 48f8 
  0x00000001186a2980: 0805 0091 | 6861 08f8 | fd03 022a | f303 01aa | 61f6 0054 | 7572 40b9 | ed83 0191 | 8c2b 47b9 
  0x00000001186a29a0: 8c21 0051 | 8a6b 6cf8 | 7f02 0aeb | 0102 0054 | 8c2b 07b9 | 8a21 0051 | 8a6b 6af8 | 7f02 0aeb 
  0x00000001186a29c0: e003 0054 | 6b02 40f9 | 4b01 0837 | 6a01 40b2 | e803 0baa | 6afe a8c8 | 1f01 0beb | 0003 0054 
  0x00000001186a29e0: 8c21 0011 | 8c97 03f9 | 1600 0014 | 6b02 40f9 | 6b09 00d1 | 6c45 40f9 | ac00 00b4 | 8c05 00d1 
  0x00000001186a2a00: 6c45 00f9 | 9f01 0ceb | 0d00 0014 | 6c01 0191 | 9ffd 9fc8 | bf3b 03d5 | 6849 40f9 | 1f01 1feb 
  0x00000001186a2a20: e000 0054 | 6851 40f9 | 1f01 1feb | 8100 0054 | 8be7 02f9 | ff03 1ceb | 0200 0014 | ff03 1feb 
  0x00000001186a2a40: a1ef 0054 | 770f 158b | eb03 1d2a | 7f05 0031 | 8100 0154 

  0x00000001186a2a54: ; implicit exception: dispatches to 0x00000001186a50e8
  0x00000001186a2a54: ec46 40b9 | 6f0f 0c8b 

  0x00000001186a2a5c: ; implicit exception: dispatches to 0x00000001186a50f4
  0x00000001186a2a5c: eb0d 40b9 | 710f 0b8b | cbea 0034 | f083 0191 | 8e2b 47b9 | dfdd 1d71 | 8c03 0054 | ca21 0051 
  0x00000001186a2a7c: 8a6b 6af8 | 3f02 0aeb | 2001 0054 | 2d02 40f9 | 6d01 0837 | ad01 40b2 | aa01 40d2 | e803 0daa 
  0x00000001186a2a9c: 2a7e e8c8 | 1f01 0deb | 0102 0054 | 916b 2ef8 | ce21 0011 | 8e2b 07b9 | 0c00 0014 | aef9 0091 
  0x00000001186a2abc: 8957 42f9 | ea03 1faa | c97d eac8 | 5f01 1feb | c000 0054 | 5f01 09eb | 8100 0054 | a861 48f8 
  0x00000001186a2adc: 0805 0091 | a861 08f8 | 81ec 0054 | ed31 40b9 | 6a0f 0d8b 

  0x00000001186a2af0: ; implicit exception: dispatches to 0x00000001186a51ac
  0x00000001186a2af0: 500d 40b9 

  0x00000001186a2af4: ;   {oop("PostEventQueue"{0x000000700144cfa8})}
  0x00000001186a2af4: 0d05 a0d2 | ad3e 93f2 | 1f02 0d6b | 6015 0054 | ed0d 40b9 | 6a0f 0d8b 

  0x00000001186a2b0c: ; implicit exception: dispatches to 0x00000001186a51c0
  0x00000001186a2b0c: 4e09 40b9 

  0x00000001186a2b10: ;   {metadata('java/util/HashMap')}
  0x00000001186a2b10: 0008 a0d2 | 0049 8bf2 | df01 006b | 0102 0154 | 4d15 40b9 | 6d03 0034 | 6a0f 0d8b | 500d 40b9 
  0x00000001186a2b30: 0d06 0051 | 2e46 9452 | cea8 b372 | ad01 0e0a | 4ac9 2d8b | 3009 0134 | 4d11 40b9 | 2d02 0034 
  0x00000001186a2b50: 7d0f 0d8b | aa0f 40b9 | 2846 9452 | c8a8 b372 | 5f01 086b | 818f 0054 | aa13 40b9 

  0x00000001186a2b6c: ;   {oop("PostEventQueue"{0x000000700144cfa8})}
  0x00000001186a2b6c: 0d05 a0d2 | ad3e 93f2 | 5f01 0d6b | 81a0 0054 | aa17 40b9 | ed03 0aaa | 4a00 00b4 | 6d0f 0a8b 
  0x00000001186a2b8c: 0200 0014 | ed03 1faa | ee29 4629 | b401 1beb | 9422 9f9a | 94fe 43d3 | 700f 0a8b | 4e05 0134 
  0x00000001186a2bac: cafc 0034 | edc1 0091 | 8223 4139 | c243 0135 | aa01 00b9 | e103 0aaa | 4a00 00b4 | 610f 0a8b 
  0x00000001186a2bcc: a201 01ca | 42fc 55d3 | 2201 00b4 | 0101 00b4 | a2fd 49d3 | 0000 90d2 | 20f2 bcf2 | 4200 008b 
  0x00000001186a2bec: 4000 4039 | 1f08 0071 | e144 0154 

  0x00000001186a2bf8: ;   {oop("PostEventQueue"{0x000000700144cfa8})}
  0x00000001186a2bf8: 0a05 a0d2 | aa3e 93f2 | 0c32 0091 | 8023 4139 | 0047 0135 | 8a01 00b9 | ed03 0aaa | 4a00 00b4 
  0x00000001186a2c18: 6d0f 0a8b | 8001 0dca | 00fc 55d3 | 2001 00b4 | 0d01 00b4 | 80fd 49d3 | 0100 90d2 | 21f2 bcf2 
  0x00000001186a2c38: 0000 018b | 0100 4039 | 3f08 0071 | 2148 0154 | 0b42 0091 | 8c23 4139 | 6c4a 0135 | 7401 00b9 
  0x00000001186a2c58: ea03 14aa | 5400 00b4 | 6a0f 148b | 6c01 0aca | 8cfd 55d3 | 2c01 00b4 | 0a01 00b4 | 6cfd 49d3 
  0x00000001186a2c78: 0d00 90d2 | 2df2 bcf2 | 8c01 0d8b | 8d01 4039 | bf09 0071 | 414b 0154 | efd1 0091 | 8b23 4139 
  0x00000001186a2c98: ab4d 0135 | ee01 00b9 | ea03 0eaa | 4e00 00b4 | 6a0f 0e8b | eb01 0aca | 6bfd 55d3 | 2b01 00b4 
  0x00000001186a2cb8: 0a01 00b4 | ebfd 49d3 | 1000 90d2 | 30f2 bcf2 | 6b01 108b | 7001 4039 | 1f0a 0071 | 814e 0154 
  0x00000001186a2cd8: ed83 0191 | 8c2b 47b9 | 8c21 0051 | 8a6b 6cf8 | 3f02 0aeb | 0102 0054 | 8c2b 07b9 | 8a21 0051 
  0x00000001186a2cf8: 8a6b 6af8 | 3f02 0aeb | e003 0054 | 2b02 40f9 | 4b01 0837 | 6a01 40b2 | e803 0baa | 2afe a8c8 
  0x00000001186a2d18: 1f01 0beb | 0003 0054 | 8c21 0011 | 8c97 03f9 | 1600 0014 | 2b02 40f9 | 6b09 00d1 | 6c45 40f9 
  0x00000001186a2d38: ac00 00b4 | 8c05 00d1 | 6c45 00f9 | 9f01 0ceb | 0d00 0014 | 6c01 0191 | 9ffd 9fc8 | bf3b 03d5 
  0x00000001186a2d58: 6849 40f9 | 1f01 1feb | e000 0054 | 6851 40f9 | 1f01 1feb | 8100 0054 | 8be7 02f9 | ff03 1ceb 
  0x00000001186a2d78: 0200 0014 | ff03 1feb | e006 0054 | e183 0191 | e203 1caa | e003 11aa | c900 0010 | 890b 02f9 
  0x00000001186a2d98: ;   {runtime_call SharedRuntime::complete_monitor_unlocking_C(oopDesc*, BasicLock*, JavaThread*)}
  0x00000001186a2d98: 08c9 90d2 | e86d a1f2 | 2800 c0f2 | 0001 3fd6 | 2d00 0014 | 5411 40b9 | ed83 0191 | 8c2b 47b9 
  0x00000001186a2db8: 8c21 0051 | 8a6b 6cf8 | 3f02 0aeb | 0102 0054 | 8c2b 07b9 | 8a21 0051 | 8a6b 6af8 | 3f02 0aeb 
  0x00000001186a2dd8: e003 0054 | 2b02 40f9 | 4b01 0837 | 6a01 40b2 | e803 0baa | 2afe a8c8 | 1f01 0beb | 0003 0054 
  0x00000001186a2df8: 8c21 0011 | 8c97 03f9 | 1600 0014 | 2b02 40f9 | 6b09 00d1 | 6c45 40f9 | ac00 00b4 | 8c05 00d1 
  0x00000001186a2e18: 6c45 00f9 | 9f01 0ceb | 0d00 0014 | 6c01 0191 | 9ffd 9fc8 | bf3b 03d5 | 6849 40f9 | 1f01 1feb 
  0x00000001186a2e38: e000 0054 | 6851 40f9 | 1f01 1feb | 8100 0054 | 8be7 02f9 | ff03 1ceb | 0200 0014 | ff03 1feb 
  0x00000001186a2e58: 01df 0054 | 610f 148b 

  0x00000001186a2e60: ; implicit exception: dispatches to 0x00000001186a5104
  0x00000001186a2e60: 2a08 40b9 

  0x00000001186a2e64: ;   {metadata('sun/awt/PostEventQueue')}
  0x00000001186a2e64: 2c40 a0d2 | 0cad 9ff2 | 5f01 0c6b | 010f 0154 | fd03 16aa | f303 00f9 | f50f 00b9 | f70b 00f9 
  0x00000001186a2e84: ; ImmutableOopMap {rfp=Oop [0]=Oop [12]=NarrowOop [16]=Oop }
                      ;*invokevirtual flush {reexecute=0 rethrow=0 return_oop=0}
                      ; - sun.awt.SunToolkit::flushPendingEvents@15 (line 552)
                      ; - java.awt.EventQueue::getNextEvent@4 (line 552)
                      ; - java.awt.EventDispatchThread::pumpOneEventForFilters@20 (line 194)
                      ;   {optimized virtual_call}
  0x00000001186a2e84: e746 ff97 | ef0b 40f9 | ea2d 40b9 | 6b0f 0a8b 

  0x00000001186a2e94: ; implicit exception: dispatches to 0x00000001186a5114
  0x00000001186a2e94: 6d09 40b9 

  0x00000001186a2e98: ;   {metadata('java/util/concurrent/locks/ReentrantLock')}
  0x00000001186a2e98: 6c07 a0d2 | 0ccf 86f2 | bf01 0c6b | c1d0 0054 | 6d0d 40b9 | 0dc9 0034 | 610f 0d8b | eb03 0032 
  0x00000001186a2eb8: ec03 1f2a | 2a60 0091 | e803 0caa | 4bfd e888 | 1f01 0c6b | eb17 9f9a | cb8b 0034 | f003 1daa 
  0x00000001186a2ed8: 2a30 0091 | 8b23 4139 | ab40 0135 | 0d02 1bcb | adfd 43d3 | 4d01 00b9 | 4b01 10ca | 6bfd 55d3 
  0x00000001186a2ef8: 0b01 00b4 | 4bfd 49d3 | 0c00 90d2 | 2cf2 bcf2 | 6b01 0c8b | 6c01 4039 | 9f09 0071 | c141 0154 
  0x00000001186a2f18: ea21 40b9 | 6b0f 0a8b 

  0x00000001186a2f20: ; implicit exception: dispatches to 0x00000001186a47a8
  0x00000001186a2f20: 6d0d 40b9 | bf05 0071 | 09c4 0054 | bf0d 0071 | c9c3 0054 | 6c1d 40b9 | 710f 0c8b 

  0x00000001186a2f3c: ; implicit exception: dispatches to 0x00000001186a50b0
  0x00000001186a2f3c: 2e0e 40b9 | 6e3d 0034 | 6a0f 0e8b | 4c85 4129 | 660f 0c8b | c100 0035 | e203 1faa | 2a42 0091 
  0x00000001186a2f5c: 8d23 4139 | ed41 0135 | 4201 00b9 | 2a32 0091 | 9123 4139 | f144 0135 | 4101 00b9 | ed03 01aa 
  0x00000001186a2f7c: 4100 00b4 | 6d0f 018b | 5101 0dca | 31fe 55d3 | 3101 00b4 | 0d01 00b4 | 51fd 49d3 | 0b00 90d2 
  0x00000001186a2f9c: 2bf2 bcf2 | 3102 0b8b | 2b02 4039 | 7f09 0071 | 4146 0154 

  0x00000001186a2fb0: ; implicit exception: dispatches to 0x00000001186a5128
  0x00000001186a2fb0: cb14 40b9 | cd08 40b9 | 7fdd 0771 | 6100 0054 | f103 1f32 | 0900 0014 | 71dd 0751 | 3fae 0471 
  0x00000001186a2fd0: 0392 0054 

  0x00000001186a2fd4: ;   {metadata('sun/awt/PeerEvent')}
  0x00000001186a2fd4: 4b40 a0d2 | 0b39 83f2 | bf01 0b6b | c16f 0054 | f103 1e32 | 3f06 0031 | c002 0054 | ca0c 40b9 
  0x00000001186a2ff4: 6a0f 0a8b 

  0x00000001186a2ff8: ; implicit exception: dispatches to 0x00000001186a51d4
  0x00000001186a2ff8: 4b09 40b9 | 6b0d 5cd2 | 6b1d 40f9 

  0x00000001186a3004: ;   {metadata('java/awt/Component')}
  0x00000001186a3004: 0052 85d2 | 4040 a0f2 | 001e c0f2 | 7f01 00eb | 8101 0054 | 4bc5 40b9 | 6a0f 0b8b 

  0x00000001186a3020: ; implicit exception: dispatches to 0x00000001186a5250
  0x00000001186a3020: 410d 40b9 | 3f02 016b | 42da 0054 | 4bc9 318b | 6a41 0091 | e003 1faa | 9123 4139 | d144 0135 
  0x00000001186a3040: 4001 00b9 | eb2d 40b9 | 6a0f 0b8b 

  0x00000001186a304c: ; implicit exception: dispatches to 0x00000001186a513c
  0x00000001186a304c: 4e09 40b9 

  0x00000001186a3050: ;   {metadata('java/util/concurrent/locks/ReentrantLock')}
  0x00000001186a3050: 6007 a0d2 | 00cf 86f2 | df01 006b | a1c3 0054 | 4a0d 40b9 | 6b0f 0a8b | cabb 0034 | 6e61 0091 
  0x00000001186a3070: c3fd df88 | 600d 40b9 | f103 00aa | 4000 00b4 | 710f 008b | 3f02 10eb | a1d1 0054 | 7f04 0071 
  0x00000001186a3090: c100 0054 | e403 1faa | 6a31 0091 | 8123 4139 | e144 0135 | 4401 00b9 | 6a04 0051 | cafd 9f88 
  0x00000001186a30b0: 7f04 0071 | 0101 0054 | 6a41 0091 | 4afd df88 | aa00 0034 | 6a0f 0a8b | 4a51 0091 | 4bfd df88 
  0x00000001186a30d0: 8b68 0035 | e703 40f9 | fd74 40b9 | 650f 1d8b | 9db8 0034 | f183 0191 | 8a2b 47b9 | 5fdd 1d71 
  0x00000001186a30f0: 8c03 0054 | 4e21 0051 | 8e6b 6ef8 | bf00 0eeb | 2001 0054 | ab00 40f9 | 6b01 0837 | 6b01 40b2 
  0x00000001186a3110: 6e01 40d2 | e803 0baa | ae7c e8c8 | 1f01 0beb | 0102 0054 | 856b 2af8 | 4a21 0011 | 8a2b 07b9 
  0x00000001186a3130: 0c00 0014 | 6af9 0091 | 8957 42f9 | ee03 1faa | 497d eec8 | df01 1feb | c000 0054 | df01 09eb 
  0x00000001186a3150: 8100 0054 | 6861 48f8 | 0805 0091 | 6861 08f8 | 01bc 0054 | ee74 40b9 | 6b0f 0e8b 

  0x00000001186a316c: ; implicit exception: dispatches to 0x00000001186a514c
  0x00000001186a316c: 6211 40b9 | 4a04 0051 | 8a03 f837 | 7115 40b9 | 730f 118b | 82c7 f837 

  0x00000001186a3184: ; implicit exception: dispatches to 0x00000001186a4a70
  0x00000001186a3184: 610e 40b9 

  0x00000001186a3188: ;   {metadata('java/awt/EventDispatchThread$HierarchyEventFilter')}
  0x00000001186a3188: 4040 a0d2 | 0014 89f2 | 5f01 026b | a2b3 0054 | eb03 0a2a | e303 0c2a | 6cca 2b8b | 7f01 016b 
  0x00000001186a31a8: c2b3 0054 | 8a11 40b9 | 640f 0a8b 

  0x00000001186a31b4: ; implicit exception: dispatches to 0x00000001186a517c
  0x00000001186a31b4: 8c08 40b9 | 9f01 006b | 21f5 0054 | 8c0c 40b9 | 6cc9 0035 | 8c1b 40f9 

  0x00000001186a31cc: ; ImmutableOopMap {r14=NarrowOop r15=Oop r16=Oop r17=NarrowOop c_rarg3=NarrowOop c_rarg5=Oop c_rarg6=Oop c_rarg7=Oop r19=Oop rfp=NarrowOop [12]=NarrowOop }
                      ;*goto {reexecute=1 rethrow=0 return_oop=0}
                      ; - (reexecute) java.awt.EventDispatchThread::filterAndCheckEvent@76 (line 171)
                      ; - java.awt.EventDispatchThread::pumpOneEventForFilters@35 (line 196)
  0x00000001186a31cc: 6a05 0051 

  0x00000001186a31d0: ;   {poll}
  0x00000001186a31d0: 9f01 40b9 | 6a00 f837 | ec03 032a | edff ff17 | ec03 032a | f183 0191 | 8b2b 47b9 | 6b21 0051 
  0x00000001186a31f0: 8a6b 6bf8 | bf00 0aeb | 0102 0054 | 8b2b 07b9 | 6a21 0051 | 8a6b 6af8 | bf00 0aeb | e003 0054 
  0x00000001186a3210: ae00 40f9 | 4e01 0837 | ca01 40b2 | e803 0eaa | aafc a8c8 | 1f01 0eeb | 0003 0054 | 6b21 0011 
  0x00000001186a3230: 8b97 03f9 | 1600 0014 | ae00 40f9 | ce09 00d1 | cb45 40f9 | ab00 00b4 | 6b05 00d1 | cb45 00f9 
  0x00000001186a3250: 7f01 0beb | 0d00 0014 | cb01 0191 | 7ffd 9fc8 | bf3b 03d5 | c849 40f9 | 1f01 1feb | e000 0054 
  0x00000001186a3270: c851 40f9 | 1f01 1feb | 8100 0054 | 8ee7 02f9 | ff03 1ceb | 0200 0014 | ff03 1feb | 81b4 0054 
  0x00000001186a3290: ;   {oop(a 'java/lang/Class'{0x00000070ffc156e8} = 'sun/awt/dnd/SunDragSourceContextPeer')}
  0x00000001186a3290: 0add 8ad2 | 2af8 bff2 | 0a0e c0f2 | 4a45 0291 | 4bfd df08 

  0x00000001186a32a4: ;   {oop(a 'sun/util/logging/PlatformLogger'{0x0000007001512a38})}
  0x00000001186a32a4: 0a47 85d2 | 2a2a a0f2 | 0a0e c0f2 | 4e0d 40b9 | 600f 0e8b | 0bc1 0035 

  0x00000001186a32bc: ; implicit exception: dispatches to 0x00000001186a515c
  0x00000001186a32bc: 0a08 40b9 

  0x00000001186a32c0: ;   {metadata('jdk/internal/logger/LazyLoggers$JdkLazyLogger')}
  0x00000001186a32c0: 5112 a0d2 | 117f 8cf2 | 5f01 116b | 41b5 0054 | 0a0c 40b9 | 620f 0a8b 

  0x00000001186a32d8: ; implicit exception: dispatches to 0x00000001186a516c
  0x00000001186a32d8: 4e08 40b9 

  0x00000001186a32dc: ;   {metadata('jdk/internal/logger/LazyLoggers$LazyLoggerAccessor')}
  0x00000001186a32dc: 5112 a0d2 | 111e 89f2 | df01 116b | 01b5 0054 | 5180 0091 | 2bfe df88 | eb7d 0034 | 6a0f 0b8b 
  0x00000001186a32fc: 4b09 40b9 

  0x00000001186a3300: ;   {metadata('jdk/internal/logger/SurrogateLogger')}
  0x00000001186a3300: 5111 a0d2 | 11a0 94f2 | 7f01 116b | e1b4 0054 | 4b51 0091 | 6efd df88 | a40d 5cd2 | 4ebb 0035 
  0x00000001186a3320: ee4d 40b9 | ca0c 40b9 | ceb4 0035 

  0x00000001186a332c: ;   {metadata('java/awt/event/InvocationEvent')}
  0x00000001186a332c: 4b40 a0d2 | 0b41 80f2 | ee03 0032 | bf01 0b6b | 9d28 40f9 | ce68 0039 | a008 0054 

  0x00000001186a3348: ;   {metadata('sun/awt/PeerEvent')}
  0x00000001186a3348: 4e40 a0d2 | 0e39 83f2 | bf01 0e6b | 2008 0054 | 8b10 40f9 

  0x00000001186a335c: ;   {metadata('java/awt/ActiveEvent')}
  0x00000001186a335c: 00f9 9fd2 | 2040 a0f2 | 001e c0f2 | 7f01 00eb | 6007 0054 | e503 40b2 | 8954 40f9 | 8054 40fd 
  0x00000001186a337c: 8901 7836 | 0054 705f | 0058 200e | 00b8 310e | 0300 669e | 8114 40f9 | 2578 63f8 | a500 00ca 
  0x00000001186a339c: 8500 00b4 | 6900 8036 | 293d c993 

  0x00000001186a33a8: ;   {runtime_call Stub::lookup_secondary_supers_table_slow_path}
  0x00000001186a33a8: cec3 df97 | 6505 00b4 | 610f 0a8b 

  0x00000001186a33b4: ; implicit exception: dispatches to 0x00000001186a5298
  0x00000001186a33b4: 2e08 40b9 | cb0d 5cd2 | 6b1d 40f9 

  0x00000001186a33c0: ;   {metadata('java/awt/Component')}
  0x00000001186a33c0: 0e52 85d2 | 4e40 a0f2 | 0e1e c0f2 | 7f01 0eeb | a1ce 0054 | 2b08 40b9 

  0x00000001186a33d8: ;   {metadata('org/jetbrains/skiko/SkiaLayer$1')}
  0x00000001186a33d8: ca44 a0d2 | 0a5e 80f2 | 7f01 0a6b | 81ce 0054 | e703 00f9 | ec37 0129 | e60b 00f9 | e203 06aa 
  0x00000001186a33f8: ; ImmutableOopMap {[0]=Oop [8]=NarrowOop [16]=Oop }
                      ;*invokevirtual dispatchEventImpl {reexecute=0 rethrow=0 return_oop=0}
                      ; - java.awt.Component::dispatchEvent@2 (line 4836)
                      ; - java.awt.EventQueue::dispatchEventImpl@41 (line 734)
                      ; - java.awt.EventQueue::dispatchEvent@22 (line 711)
                      ; - java.awt.EventDispatchThread::pumpOneEventForFilters@81 (line 207)
                      ;   {optimized virtual_call}
  0x00000001186a33f8: 82a0 df97 

  0x00000001186a33fc: ;   {metadata('java/awt/event/InputEvent')}
  0x00000001186a33fc: 0a12 91d2 | 2a40 a0f2 | 0a1e c0f2 | bf03 0aeb | c113 0054 

  0x00000001186a3410: ;   {oop(a 'java/lang/Class'{0x0000007000b52250} = 'sun/awt/AWTAccessor')}
  0x00000001186a3410: 0a4a 84d2 | aa16 a0f2 | 0a0e c0f2 | 4a8d 40b9 | 6b0f 0a8b 

  0x00000001186a3424: ; implicit exception: dispatches to 0x00000001186a52cc
  0x00000001186a3424: 6c09 40b9 

  0x00000001186a3428: ;   {metadata('java/awt/event/MouseEvent')}
  0x00000001186a3428: 2e44 a0d2 | 0e5f 9af2 | eb0f 40b9 | 7f01 0e6b | 81e2 0054 

  0x00000001186a343c: ;   {metadata('java/awt/event/InputEvent$1')}
  0x00000001186a343c: 2e40 a0d2 | 0e9c 92f2 | eb0b 40f9 | 9f01 0e6b | 41cd 0054 | 7fa1 0039 | 8c00 0014 | ee2d 40b9 
  0x00000001186a345c: 6a0f 0e8b 

  0x00000001186a3460: ; implicit exception: dispatches to 0x00000001186a518c
  0x00000001186a3460: 4b09 40b9 

  0x00000001186a3464: ;   {metadata('java/util/concurrent/locks/ReentrantLock')}
  0x00000001186a3464: 7107 a0d2 | 11cf 86f2 | 7f01 116b | 41ac 0054 | 400d 40b9 | 00ab 0034 | 610f 008b | eb03 0032 
  0x00000001186a3484: ee03 1f2a | 2a60 0091 | e803 0eaa | 4bfd e888 | 1f01 0e6b | ee17 9f9a | 8e5f 0034 | 2a30 0091 
  0x00000001186a34a4: 8b23 4139 | 2b28 0135 | 0e02 1bcb | cefd 43d3 | 4e01 00b9 | 4b01 10ca | 6bfd 55d3 | 0b01 00b4 
  0x00000001186a34c4: 4bfd 49d3 | 1100 90d2 | 31f2 bcf2 | 6b01 118b | 7101 4039 | 3f0a 0071 | c129 0154 

  0x00000001186a34e0: ;   {oop(a 'java/lang/Class'{0x000000700150f168} = 'java/awt/EventQueue')}
  0x00000001186a34e0: 0e2d 9ed2 | 0e2a a0f2 | 0e0e c0f2 | ea35 40b9 | cec1 4239 | eb03 0aaa | 4a00 00b4 | 6b0f 0a8b 
  0x00000001186a3500: 2ead 0035 | 1f02 0beb | 21b0 0054 | 80e7 40f9 | 8aef 40f9 | 0b80 0091 | 7f01 0aeb | 6277 0054 
  0x00000001186a3520: ea03 40b2 | 8be7 00f9 

  0x00000001186a3528: ;   {metadata('java/lang/ref/WeakReference')}
  0x00000001186a3528: 0e07 a0d2 | 0efe 90f2 | 0a00 00f9 | 0e08 00b9 | 70c1 80f9 | 1f0c 00b9 | 0a40 0091 | 5f7d 00a9 
  0x00000001186a3548: bf3a 03d5 | 0c0c 00b9 

  0x00000001186a3550: ;   {oop(a 'java/lang/ref/ReferenceQueue$Null'{0x0000007100207be8})}
  0x00000001186a3550: 8200 a4d2 | a2ef 81f2 | 0a40 0091 | 42fd 9f88 | ee2d 40b9 | eb01 0191 | 9123 4139 | 9128 0135 
  0x00000001186a3570: 0a00 1bcb | 4afd 43d3 | 6a01 00b9 | 7101 00ca | 31fe 55d3 | 1101 00b4 | 71fd 49d3 | 0100 90d2 
  0x00000001186a3590: 21f2 bcf2 | 3102 018b | 2102 4039 | 3f08 0071 | 612a 0154 

  0x00000001186a35a4: ;   {metadata('java/awt/event/InputEvent')}
  0x00000001186a35a4: 0a12 91d2 | 2a40 a0f2 | 0a1e c0f2 | 620f 0e8b | bf03 0aeb | 213a 0054 

  0x00000001186a35bc: ;   {metadata('java/awt/event/MouseEvent')}
  0x00000001186a35bc: 2b44 a0d2 | 0b5f 9af2 | bf01 0b6b | 81d6 0054 | ea03 06aa | 4a11 40f9 | eb09 40f9 | 5f01 0beb 
  0x00000001186a35dc: 6ab1 8a9a | ea09 00f9 

  0x00000001186a35e4: ; implicit exception: dispatches to 0x00000001186a519c
  0x00000001186a35e4: 4a08 40b9 

  0x00000001186a35e8: ;   {metadata('java/util/concurrent/locks/ReentrantLock')}
  0x00000001186a35e8: 6d07 a0d2 | 0dcf 86f2 | 5f01 0d6b | e1a0 0054 | 4a0c 40b9 | 6b0f 0a8b | 4a9f 0034 | 6d61 0091 
  0x00000001186a3608: b1fd df88 | 6f0d 40b9 | ee03 0faa | 4f00 00b4 | 6e0f 0f8b | df01 10eb | 61a8 0054 | 3f06 0071 
  0x00000001186a3628: c100 0054 | e103 1faa | 6a31 0091 | 9023 4139 | f028 0135 | 4101 00b9 | 2e06 0051 | aefd 9f88 
  0x00000001186a3648: 3f06 0071 | a15e 0054 | 6a41 0091 | 4bfd df88 | ab00 0034 | 6a0f 0b8b | 4a51 0091 | 4bfd df88 
  0x00000001186a3668: 2b40 0035 | e703 00f9 | e103 06aa | 09e8 82d2 | 69ec bcf2 | 090f c0f2 

  0x00000001186a3680: ; ImmutableOopMap {[0]=Oop }
                      ;*invokeinterface dispatch {reexecute=0 rethrow=0 return_oop=0}
                      ; - java.awt.EventQueue::dispatchEventImpl@21 (line 732)
                      ; - java.awt.EventQueue::dispatchEvent@22 (line 711)
                      ; - java.awt.EventDispatchThread::pumpOneEventForFilters@81 (line 207)
                      ;   {virtual_call}
  0x00000001186a3680: 83cd fe97 | fd7b 47a9 | ff03 0291 | 88a3 42f9 | ff63 28eb | 4302 0054 | fd7b bfa9 | fd03 0091 
  0x00000001186a36a0: ;   {runtime_call SharedRuntime::enable_stack_reserved_zone(JavaThread*)}
  0x00000001186a36a0: 88a9 96d2 | e86d a1f2 | 2800 c0f2 | e003 1caa | 0001 3fd6 | bf03 0091 | fd7b c1a8 

  0x00000001186a36bc: ;   {runtime_call Shared Runtime throw_delayed_StackOverflowError_blob}
  0x00000001186a36bc: 0860 87d2 | a8fc a2f2 | 2800 c0f2 | 0001 1fd6 

  0x00000001186a36cc: ;   {external_word}
  0x00000001186a36cc: 005e 84d2 | 2074 a1f2 | 2000 c0f2 | c1d5 bbd4 

  0x00000001186a36dc: ;   {poll_return}
  0x00000001186a36dc: 8817 40f9 | ff63 28eb | c851 0154 | c003 5fd6 | bf09 0071 | 8999 0054 | 6a19 40b9 | 710f 0a8b 
  0x00000001186a36fc: ; implicit exception: dispatches to 0x00000001186a50b0
  0x00000001186a36fc: 2e0e 40b9 | 2ec2 ff35 | 6c15 40b9 | 710f 0c8b 

  0x00000001186a370c: ; implicit exception: dispatches to 0x00000001186a50b0
  0x00000001186a370c: 2e0e 40b9 | aec1 ff35 | 6a11 40b9 | 710f 0a8b 

  0x00000001186a371c: ; implicit exception: dispatches to 0x00000001186a50b0
  0x00000001186a371c: 2e0e 40b9 | 2ec1 ff35 | eb35 40b9 | fd03 10aa | ef0b 00f9 | e203 0baa | 4b00 00b4 | 620f 0b8b 
  0x00000001186a373c: ;   {oop(a 'sun/awt/AWTAutoShutdown'{0x000000710028dd58})}
  0x00000001186a373c: 01ab 9bd2 | 0105 a0f2 | 210e c0f2 

  0x00000001186a3748: ; ImmutableOopMap {rfp=Oop [0]=Oop [12]=NarrowOop [16]=Oop }
                      ;*invokevirtual notifyThreadFree {reexecute=0 rethrow=0 return_oop=0}
                      ; - java.awt.EventQueue::getNextEvent@45 (line 559)
                      ; - java.awt.EventDispatchThread::pumpOneEventForFilters@20 (line 194)
                      ;   {optimized virtual_call}
  0x00000001186a3748: 369f f897 | ea0b 40f9 | 4a35 40b9 | e103 0aaa | 4a00 00b4 | 610f 0a8b 

  0x00000001186a3760: ; ImmutableOopMap {rfp=Oop [0]=Oop [12]=NarrowOop [16]=Oop }
                      ;*invokestatic getInstance {reexecute=0 rethrow=0 return_oop=1}
                      ; - java.awt.EventQueue::getNextEvent@52 (line 560)
                      ; - java.awt.EventDispatchThread::pumpOneEventForFilters@20 (line 194)
                      ;   {static_call}
  0x00000001186a3760: 28a2 fe97 | 20a1 00b4 | e103 00aa 

  0x00000001186a376c: ; ImmutableOopMap {rfp=Oop [0]=Oop [12]=NarrowOop [16]=Oop }
                      ;*invokevirtual notifyEventDispatchThreadFree {reexecute=0 rethrow=0 return_oop=0}
                      ; - java.awt.EventQueue::getNextEvent@55 (line 560)
                      ; - java.awt.EventDispatchThread::pumpOneEventForFilters@20 (line 194)
                      ;   {optimized virtual_call}
  0x00000001186a376c: dd83 f897 | ec0b 40f9 | 8b31 40b9 | 610f 0b8b 

  0x00000001186a377c: ; implicit exception: dispatches to 0x00000001186a51ec
  0x00000001186a377c: 2a08 40b9 

  0x00000001186a3780: ;   {metadata('java/util/concurrent/locks/AbstractQueuedSynchronizer$ConditionObject')}
  0x00000001186a3780: ed0a a0d2 | 0d5f 9df2 | 5f01 0d6b | 61a2 0054 

  0x00000001186a3790: ; ImmutableOopMap {rfp=Oop [0]=Oop [12]=NarrowOop [16]=Oop }
                      ;*invokeinterface await {reexecute=0 rethrow=0 return_oop=0}
                      ; - java.awt.EventQueue::getNextEvent@62 (line 561)
                      ; - java.awt.EventDispatchThread::pumpOneEventForFilters@20 (line 194)
                      ;   {optimized virtual_call}
  0x00000001186a3790: 84a3 0094 | e00b 40f9 | 0a2c 40b9 | 6b0f 0a8b 

  0x00000001186a37a0: ; implicit exception: dispatches to 0x00000001186a5200
  0x00000001186a37a0: 6d09 40b9 

  0x00000001186a37a4: ;   {metadata('java/util/concurrent/locks/ReentrantLock')}
  0x00000001186a37a4: 6c07 a0d2 | 0ccf 86f2 | bf01 0c6b | e1a1 0054 | 6b0d 40b9 | 6a0f 0b8b | 0b9f 0034 | 4c61 0091 
  0x00000001186a37c4: 81fd df88 | 4e0d 40b9 | ed03 0eaa | 4e00 00b4 | 6d0f 0e8b | f103 1daa | bf01 11eb | a1a7 0054 
  0x00000001186a37e4: 3f04 0071 | c100 0054 | f003 1faa | 4b31 0091 | 8e23 4139 | 2e1e 0135 | 7001 00b9 | 2b04 0051 
  0x00000001186a3804: 8bfd 9f88 | 3f04 0071 | 0101 0054 | 4a41 0091 | 4afd df88 | aa00 0034 | 6a0f 0a8b | 4a51 0091 
  0x00000001186a3824: 4afd df88 | 6a3d 0035 | 0c44 40b9 | 610f 0c8b 

  0x00000001186a3834: ; implicit exception: dispatches to 0x00000001186a5214
  0x00000001186a3834: 2b0c 40b9 | 700f 0b8b | ab9b 0034 | ef83 0191 | 8e2b 47b9 | dfdd 1d71 | 8c03 0054 | ca21 0051 
  0x00000001186a3854: 8a6b 6af8 | 1f02 0aeb | 2001 0054 | 0d02 40f9 | 6d01 0837 | ad01 40b2 | aa01 40d2 | e803 0daa 
  0x00000001186a3874: 0a7e e8c8 | 1f01 0deb | 0102 0054 | 906b 2ef8 | ce21 0011 | 8e2b 07b9 | 0c00 0014 | aef9 0091 
  0x00000001186a3894: 8957 42f9 | ea03 1faa | c97d eac8 | 5f01 1feb | c000 0054 | 5f01 09eb | 8100 0054 | a861 48f8 
  0x00000001186a38b4: 0805 0091 | a861 08f8 | 219a 0054 | 2e30 40b9 | 6a0f 0e8b 

  0x00000001186a38c8: ; implicit exception: dispatches to 0x00000001186a5268
  0x00000001186a38c8: 4d0d 40b9 

  0x00000001186a38cc: ;   {oop("PostEventQueue"{0x000000700144cfa8})}
  0x00000001186a38cc: 0f05 a0d2 | af3e 93f2 | bf01 0f6b | e015 0054 | 2e0c 40b9 | 6a0f 0e8b 

  0x00000001186a38e4: ; implicit exception: dispatches to 0x00000001186a5280
  0x00000001186a38e4: 4d09 40b9 

  0x00000001186a38e8: ;   {metadata('java/util/HashMap')}
  0x00000001186a38e8: 0f08 a0d2 | 0f49 8bf2 | bf01 0f6b | c1a0 0054 | 4d15 40b9 | 6d03 0034 | 6a0f 0d8b | 4f0d 40b9 
  0x00000001186a3908: ed05 0051 | 2246 9452 | c2a8 b372 | ad01 020a | 4ac9 2d8b | 8fa2 0034 | 4d11 40b9 | 2d02 0034 
  0x00000001186a3928: 7d0f 0d8b | aa0f 40b9 | 2846 9452 | c8a8 b372 | 5f01 086b | 412e 0054 | aa13 40b9 

  0x00000001186a3944: ;   {oop("PostEventQueue"{0x000000700144cfa8})}
  0x00000001186a3944: 0e05 a0d2 | ae3e 93f2 | 5f01 0e6b | 013d 0054 | ad17 40b9 | ee03 0daa | 4d00 00b4 | 6e0f 0d8b 
  0x00000001186a3964: 0200 0014 | ee03 1faa | 2a0c 4629 | d301 1beb | 7322 9f9a | 73fe 43d3 | 6d0f 038b | 8a9e 0034 
  0x00000001186a3984: 639b 0034 | ab41 0091 | ac31 0091 | 2dd0 0091 | 2ec0 0091 | 8223 4139 | 4214 0135 | 7301 00b9 
  0x00000001186a39a4: e403 13aa | 5300 00b4 | 640f 138b | 6201 04ca | 42fc 55d3 | 2201 00b4 | 0401 00b4 | 62fd 49d3 
  0x00000001186a39c4: 0100 90d2 | 21f2 bcf2 | 4200 018b | 4100 4039 | 3f08 0071 | e115 0154 | 8b23 4139 | eb18 0135 
  0x00000001186a39e4: aa01 00b9 | ef03 0aaa | 4a00 00b4 | 6f0f 0a8b | ab01 0fca | 6bfd 55d3 | 2b01 00b4 | 0f01 00b4 
  0x00000001186a3a04: abfd 49d3 | 0100 90d2 | 21f2 bcf2 | 6b01 018b | 6101 4039 | 3f08 0071 | 411a 0154 | 8b23 4139 
  0x00000001186a3a24: 0b1d 0135 | c301 00b9 | ea03 03aa | 4300 00b4 | 6a0f 038b | cb01 0aca | 6bfd 55d3 | 2b01 00b4 
  0x00000001186a3a44: 0a01 00b4 | cbfd 49d3 | 0d00 90d2 | 2df2 bcf2 | 6b01 0d8b | 6d01 4039 | bf09 0071 | 211e 0154 
  0x00000001186a3a64: ;   {oop("PostEventQueue"{0x000000700144cfa8})}
  0x00000001186a3a64: 0e05 a0d2 | ae3e 93f2 | 8b23 4139 | 6b20 0135 | 8e01 00b9 | ea03 0eaa | 4e00 00b4 | 6a0f 0e8b 
  0x00000001186a3a84: 8b01 0aca | 6bfd 55d3 | 2b01 00b4 | 0a01 00b4 | 8bfd 49d3 | 0d00 90d2 | 2df2 bcf2 | 6b01 0d8b 
  0x00000001186a3aa4: 6d01 4039 | bf09 0071 | 8121 0154 | ed83 0191 | 8b2b 47b9 | 6b21 0051 | 8a6b 6bf8 | 1f02 0aeb 
  0x00000001186a3ac4: 0102 0054 | 8b2b 07b9 | 6a21 0051 | 8a6b 6af8 | 1f02 0aeb | e003 0054 | 0c02 40f9 | 4c01 0837 
  0x00000001186a3ae4: 8a01 40b2 | e803 0caa | 0afe a8c8 | 1f01 0ceb | 0003 0054 | 6b21 0011 | 8b97 03f9 | 1600 0014 
  0x00000001186a3b04: 0c02 40f9 | 8c09 00d1 | 8b45 40f9 | ab00 00b4 | 6b05 00d1 | 8b45 00f9 | 7f01 0beb | 0d00 0014 
  0x00000001186a3b24: 8b01 0191 | 7ffd 9fc8 | bf3b 03d5 | 8849 40f9 | 1f01 1feb | e000 0054 | 8851 40f9 | 1f01 1feb 
  0x00000001186a3b44: 8100 0054 | 8ce7 02f9 | ff03 1ceb | 0200 0014 | ff03 1feb | 6007 0054 | f403 11aa | e183 0191 
  0x00000001186a3b64: f503 00aa | e203 1caa | e003 10aa | c900 0010 | 890b 02f9 

  0x00000001186a3b78: ;   {runtime_call SharedRuntime::complete_monitor_unlocking_C(oopDesc*, BasicLock*, JavaThread*)}
  0x00000001186a3b78: 08c9 90d2 | e86d a1f2 | 2800 c0f2 | 0001 3fd6 | f103 14aa | e003 15aa | 2d00 0014 | 5311 40b9 
  0x00000001186a3b98: ed83 0191 | 8b2b 47b9 | 6b21 0051 | 8a6b 6bf8 | 1f02 0aeb | 0102 0054 | 8b2b 07b9 | 6a21 0051 
  0x00000001186a3bb8: 8a6b 6af8 | 1f02 0aeb | e003 0054 | 0c02 40f9 | 4c01 0837 | 8a01 40b2 | e803 0caa | 0afe a8c8 
  0x00000001186a3bd8: 1f01 0ceb | 0003 0054 | 6b21 0011 | 8b97 03f9 | 1600 0014 | 0c02 40f9 | 8c09 00d1 | 8b45 40f9 
  0x00000001186a3bf8: ab00 00b4 | 6b05 00d1 | 8b45 00f9 | 7f01 0beb | 0d00 0014 | 8b01 0191 | 7ffd 9fc8 | bf3b 03d5 
  0x00000001186a3c18: 8849 40f9 | 1f01 1feb | e000 0054 | 8851 40f9 | 1f01 1feb | 8100 0054 | 8ce7 02f9 | ff03 1ceb 
  0x00000001186a3c38: 0200 0014 | ff03 1feb | e182 0054 | 610f 138b 

  0x00000001186a3c48: ; implicit exception: dispatches to 0x00000001186a5228
  0x00000001186a3c48: 2b08 40b9 

  0x00000001186a3c4c: ;   {metadata('sun/awt/PostEventQueue')}
  0x00000001186a3c4c: 2a40 a0d2 | 0aad 9ff2 | 7f01 0a6b | e1a0 0054 | e00b 00f9 | fd03 11aa 

  0x00000001186a3c64: ; ImmutableOopMap {rfp=Oop [0]=Oop [12]=NarrowOop [16]=Oop }
                      ;*invokevirtual flush {reexecute=0 rethrow=0 return_oop=0}
                      ; - sun.awt.SunToolkit::flushPendingEvents@15 (line 552)
                      ; - java.awt.EventQueue::getNextEvent@4 (line 552)
                      ; - java.awt.EventDispatchThread::pumpOneEventForFilters@20 (line 194)
                      ;   {optimized virtual_call}
  0x00000001186a3c64: 6f43 ff97 | ef0b 40f9 | eb2d 40b9 | 6a0f 0b8b 

  0x00000001186a3c74: ; implicit exception: dispatches to 0x00000001186a523c
  0x00000001186a3c74: 4c09 40b9 

  0x00000001186a3c78: ;   {metadata('java/util/concurrent/locks/ReentrantLock')}
  0x00000001186a3c78: 6e07 a0d2 | 0ecf 86f2 | 9f01 0e6b | c17d 0054 | 4b0d 40b9 | cb79 0034 | 610f 0b8b | ec03 0032 
  0x00000001186a3c98: ed03 1f2a | 2a60 0091 | e803 0daa | 4cfd e888 | 1f01 0d6b | ec17 9f9a | ec28 0034 | 2a30 0091 
  0x00000001186a3cb8: f003 1daa | 8d23 4139 | ad13 0135 | 0b02 1bcb | 6bfd 43d3 | 4b01 00b9 | 4d01 10ca | adfd 55d3 
  0x00000001186a3cd8: 0d01 00b4 | 4dfd 49d3 | 0c00 90d2 | 2cf2 bcf2 | ad01 0c8b | ac01 4039 | 9f09 0071 | c114 0154 
  0x00000001186a3cf8: 88fc ff17 

  0x00000001186a3cfc: ;   {metadata('java/awt/event/InputMethodEvent')}
  0x00000001186a3cfc: 4b40 a0d2 | 0bf5 8af2 | bf01 0b6b | 8a24 40f9 | 807b 0054 

  0x00000001186a3d10: ;   {metadata('java/awt/event/ActionEvent')}
  0x00000001186a3d10: 4b40 a0d2 | 0b4e 8bf2 | bf01 0b6b | 807b 0054 

  0x00000001186a3d20: ;   {metadata('java/awt/event/InvocationEvent')}
  0x00000001186a3d20: 0b41 80d2 | 4b40 a0f2 | 0b1e c0f2 | 5f01 0beb | c10d 0054 | ea03 06aa | 4a11 40f9 | 26fe ff17 
  0x00000001186a3d40: f35b 40a9 | f533 4229 | f7bf 41a9 | eb2b 40b9 | f11b 40f9 | ad1b 40b9 | cd71 ff34 | aa0b 40b9 
  0x00000001186a3d60: ;   {metadata('java/util/HashMap$TreeNode')}
  0x00000001186a3d60: f00a a0d2 | 10ba 87f2 | 5f01 106b | 811e 0054 | e103 1daa | f35b 00a9 | f533 0229 | f7bf 01a9 
  0x00000001186a3d80: eb2b 00b9 | f11b 00f9 | 2246 9452 | c2a8 b372 

  0x00000001186a3d90: ;   {oop("PostEventQueue"{0x000000700144cfa8})}
  0x00000001186a3d90: 03f5 99d2 | 8328 a0f2 | 030e c0f2 

  0x00000001186a3d9c: ; ImmutableOopMap {[0]=Oop [8]=Oop [16]=NarrowOop [20]=NarrowOop [24]=Oop [32]=Oop [40]=NarrowOop [48]=Oop }
                      ;*invokevirtual getTreeNode {reexecute=0 rethrow=0 return_oop=1}
                      ; - java.util.HashMap::getNode@95 (line 583)
                      ; - java.util.HashMap::get@2 (line 565)
                      ; - sun.awt.AppContext::get@36 (line 562)
                      ; - sun.awt.SunToolkit::flushPendingEvents@3 (line 550)
                      ; - java.awt.EventQueue::getNextEvent@4 (line 552)
                      ; - java.awt.EventDispatchThread::pumpOneEventForFilters@20 (line 194)
                      ;   {optimized virtual_call}
  0x00000001186a3d9c: 199e df97 | 0001 00b4 | fd03 00aa | f35b 40a9 | f533 4229 | f7bf 41a9 | eb2b 40b9 | f11b 40f9 
  0x00000001186a3dbc: 70fb ff17 | f35b 40a9 | f533 4229 | f7bf 41a9 | eb2b 40b9 | f11b 40f9 | 6ffb ff17 | 1100 a012 
  0x00000001186a3ddc: 83fc ff17 | 6a0f 0b8b | 4e31 0091 | d1fd df88 | 5197 ff34 | c0fd df88 | 1178 1f12 | e803 00aa 
  0x00000001186a3dfc: d1fd e888 | 1f01 006b | f117 9f1a | 4e19 40b9 | f17d 0034 | 2e96 ff34 | 620f 0e8b | 4a08 40b9 
  0x00000001186a3e1c: 4a0d 5cd2 | 4a21 40f9 

  0x00000001186a3e24: ;   {metadata('java/lang/BaseVirtualThread')}
  0x00000001186a3e24: 0b5e 82d2 | eb06 a0f2 | 0b1e c0f2 | 5f01 0beb | 807a 0054 | ec0b 00b9 | ef1b 01a9 | ed23 00b9 
  0x00000001186a3e44: fd03 10aa 

  0x00000001186a3e48: ;   {oop(a 'jdk/internal/misc/Unsafe'{0x0000007100200000})}
  0x00000001186a3e48: 0100 80d2 | 0104 a0f2 | 210e c0f2 

  0x00000001186a3e54: ; ImmutableOopMap {rfp=Oop [0]=Oop [8]=NarrowOop [12]=NarrowOop [16]=Oop [24]=Oop }
                      ;*invokevirtual unpark {reexecute=0 rethrow=0 return_oop=0}
                      ; - java.util.concurrent.locks.LockSupport::unpark@27 (line 183)
                      ; - java.util.concurrent.locks.AbstractQueuedSynchronizer::signalNext@30 (line 646)
                      ; - java.util.concurrent.locks.AbstractQueuedSynchronizer::release@12 (line 1100)
                      ; - java.util.concurrent.locks.ReentrantLock::unlock@5 (line 495)
                      ; - java.awt.EventQueue::getNextEvent@31 (line 563)
                      ; - java.awt.EventDispatchThread::pumpOneEventForFilters@20 (line 194)
                      ;   {optimized virtual_call}
  0x00000001186a3e54: 213f f697 | f003 1daa | ec0b 40b9 | ef1b 41a9 | ed23 40b9 | 9bfc ff17 | 6a0f 0b8b | 4d31 0091 
  0x00000001186a3e74: aefd df88 | aebf ff34 | affd df88 | ee79 1f12 | e803 0faa | aefd e888 | 1f01 0f6b | ee17 9f1a 
  0x00000001186a3e94: 4a19 40b9 | 4e7a 0034 | 8abe ff34 | 620f 0a8b | 4d08 40b9 | ab0d 5cd2 | 6b21 40f9 

  0x00000001186a3eb0: ;   {metadata('java/lang/BaseVirtualThread')}
  0x00000001186a3eb0: 0d5e 82d2 | ed06 a0f2 | 0d1e c0f2 | 7f01 0deb | a076 0054 | fd03 06aa | e703 00f9 

  0x00000001186a3ecc: ;   {oop(a 'jdk/internal/misc/Unsafe'{0x0000007100200000})}
  0x00000001186a3ecc: 0100 80d2 | 0104 a0f2 | 210e c0f2 

  0x00000001186a3ed8: ; ImmutableOopMap {rfp=Oop [0]=Oop }
                      ;*invokevirtual unpark {reexecute=0 rethrow=0 return_oop=0}
                      ; - java.util.concurrent.locks.LockSupport::unpark@27 (line 183)
                      ; - java.util.concurrent.locks.AbstractQueuedSynchronizer::signalNext@30 (line 646)
                      ; - java.util.concurrent.locks.AbstractQueuedSynchronizer::release@12 (line 1100)
                      ; - java.util.concurrent.locks.ReentrantLock::unlock@5 (line 495)
                      ; - java.awt.EventQueue::setCurrentEventAndMostRecentTimeImpl@168 (line 1250)
                      ; - java.awt.EventQueue::dispatchEventImpl@14 (line 731)
                      ; - java.awt.EventQueue::dispatchEvent@22 (line 711)
                      ; - java.awt.EventDispatchThread::pumpOneEventForFilters@81 (line 207)
                      ;   {optimized virtual_call}
  0x00000001186a3ed8: 003f f697 | e703 40f9 | e603 1daa | e2fd ff17 | ea03 41b2 | bafd ff17 | ec0b 40b9 | f103 41a9 
  0x00000001186a3ef8: e113 40f9 | eb2b 40b9 | f01b 40f9 | aa1b 40b9 | 0ad3 ff34 | ae0b 40b9 

  0x00000001186a3f10: ;   {metadata('java/util/HashMap$TreeNode')}
  0x00000001186a3f10: ed0a a0d2 | 0dba 87f2 | df01 0d6b | 6118 0054 | e113 00f9 | e103 1daa | ec0b 00b9 | f103 01a9 
  0x00000001186a3f30: eb2b 00b9 | f01b 00f9 | 2246 9452 | c2a8 b372 

  0x00000001186a3f40: ;   {oop("PostEventQueue"{0x000000700144cfa8})}
  0x00000001186a3f40: 03f5 99d2 | 8328 a0f2 | 030e c0f2 

  0x00000001186a3f4c: ; ImmutableOopMap {[0]=Oop [8]=NarrowOop [12]=NarrowOop [16]=Oop [24]=Oop [32]=Oop [40]=NarrowOop [48]=Oop }
                      ;*invokevirtual getTreeNode {reexecute=0 rethrow=0 return_oop=1}
                      ; - java.util.HashMap::getNode@95 (line 583)
                      ; - java.util.HashMap::get@2 (line 565)
                      ; - sun.awt.AppContext::get@36 (line 562)
                      ; - sun.awt.SunToolkit::flushPendingEvents@3 (line 550)
                      ; - java.awt.EventQueue::getNextEvent@4 (line 552)
                      ; - java.awt.EventDispatchThread::pumpOneEventForFilters@20 (line 194)
                      ;   {optimized virtual_call}
  0x00000001186a3f4c: ad9d df97 | 0001 00b4 | fd03 00aa | ec0b 40b9 | f103 41a9 | e113 40f9 | eb2b 40b9 | f01b 40f9 
  0x00000001186a3f6c: 7afe ff17 | ec0b 40b9 | f103 41a9 | e113 40f9 | eb2b 40b9 | f01b 40f9 | 79fe ff17 | f35b 00a9 
  0x00000001186a3f8c: f533 0229 | f7bf 01a9 | eb2b 00b9 | f11b 00f9 | e203 0aaa | 4a00 00b4 | 620f 0a8b 

  0x00000001186a3fa8: ;   {oop("PostEventQueue"{0x000000700144cfa8})}
  0x00000001186a3fa8: 01f5 99d2 | 8128 a0f2 | 010e c0f2 

  0x00000001186a3fb4: ; ImmutableOopMap {rfp=Oop [0]=Oop [8]=Oop [16]=NarrowOop [20]=NarrowOop [24]=Oop [32]=Oop [40]=NarrowOop [48]=Oop }
                      ;*invokevirtual equals {reexecute=0 rethrow=0 return_oop=0}
                      ; - java.util.HashMap::getNode@63 (line 579)
                      ; - java.util.HashMap::get@2 (line 565)
                      ; - sun.awt.AppContext::get@36 (line 562)
                      ; - sun.awt.SunToolkit::flushPendingEvents@3 (line 550)
                      ; - java.awt.EventQueue::getNextEvent@4 (line 552)
                      ; - java.awt.EventDispatchThread::pumpOneEventForFilters@20 (line 194)
                      ;   {optimized virtual_call}
  0x00000001186a3fb4: 939d df97 | 40ec ff34 | f35b 40a9 | f533 4229 | f7bf 41a9 | eb2b 40b9 | f11b 40f9 | ebfa ff17 
  0x00000001186a3fd4: 6b0f 0a8b | 6c31 0091 | 8efd df88 | 6ec2 ff34 | 8dfd df88 | af79 1f12 | e803 0daa | 8ffd e888 
  0x00000001186a3ff4: 1f01 0d6b | ec17 9f1a | 6d19 40b9 | 4c72 0034 | 4dc1 ff34 | 620f 0d8b | 4a08 40b9 | 4a0d 5cd2 
  0x00000001186a4014: 4a21 40f9 

  0x00000001186a4018: ;   {metadata('java/lang/BaseVirtualThread')}
  0x00000001186a4018: 0b5e 82d2 | eb06 a0f2 | 0b1e c0f2 | 5f01 0beb | 006f 0054 

  0x00000001186a402c: ;   {oop(a 'jdk/internal/misc/Unsafe'{0x0000007100200000})}
  0x00000001186a402c: 0100 80d2 | 0104 a0f2 | 210e c0f2 

  0x00000001186a4038: ; ImmutableOopMap {rfp=Oop [0]=Oop [12]=NarrowOop [16]=Oop }
                      ;*invokevirtual unpark {reexecute=0 rethrow=0 return_oop=0}
                      ; - java.util.concurrent.locks.LockSupport::unpark@27 (line 183)
                      ; - java.util.concurrent.locks.AbstractQueuedSynchronizer::signalNext@30 (line 646)
                      ; - java.util.concurrent.locks.AbstractQueuedSynchronizer::release@12 (line 1100)
                      ; - java.util.concurrent.locks.ReentrantLock::unlock@5 (line 495)
                      ; - java.awt.EventQueue::getNextEvent@71 (line 563)
                      ; - java.awt.EventDispatchThread::pumpOneEventForFilters@20 (line 194)
                      ;   {optimized virtual_call}
  0x00000001186a4038: a83e f697 | f103 1daa | e00b 40f9 | fafd ff17 | 2c0c 40b9 | eb03 0caa | 4c00 00b4 | 6b0f 0c8b 
  0x00000001186a4058: f003 1daa | 7f01 10eb | c000 0054 | e203 0032 

  0x00000001186a4068: ; ImmutableOopMap {rfp=Oop [0]=Oop [12]=NarrowOop [16]=Oop }
                      ;*invokevirtual acquire {reexecute=0 rethrow=0 return_oop=0}
                      ; - java.util.concurrent.locks.ReentrantLock$Sync::lock@9 (line 154)
                      ; - java.util.concurrent.locks.ReentrantLock::lock@4 (line 323)
                      ; - java.awt.EventQueue::getNextEvent@11 (line 553)
                      ; - java.awt.EventDispatchThread::pumpOneEventForFilters@20 (line 194)
                      ;   {optimized virtual_call}
  0x00000001186a4068: be85 f897 | f003 1daa | ef0b 40f9 | a9fb ff17 | 4cfd df88 | 8b05 0011 | eb6c f837 | 4bfd 9f88 
  0x00000001186a4088: a4fb ff17 | 2b0c 40b9 | 4b00 00b4 | 6b0f 0b8b | 7f01 10eb | 0002 0054 | e703 00f9 | ec0b 00b9 
  0x00000001186a40a8: f03f 01a9 | e613 00f9 | ed2b 00b9 | e41b 00f9 | e203 0032 

  0x00000001186a40bc: ; ImmutableOopMap {[0]=Oop [8]=NarrowOop [12]=NarrowOop [16]=Oop [24]=Oop [32]=Oop }
                      ;*invokevirtual acquire {reexecute=0 rethrow=0 return_oop=0}
                      ; - java.util.concurrent.locks.ReentrantLock$Sync::lock@9 (line 154)
                      ; - java.util.concurrent.locks.ReentrantLock::lock@4 (line 323)
                      ; - java.awt.EventQueue::setCurrentEventAndMostRecentTimeImpl@4 (line 1215)
                      ; - java.awt.EventQueue::dispatchEventImpl@14 (line 731)
                      ; - java.awt.EventQueue::dispatchEvent@22 (line 711)
                      ; - java.awt.EventDispatchThread::pumpOneEventForFilters@81 (line 207)
                      ;   {optimized virtual_call}
  0x00000001186a40bc: a985 f897 | e703 40f9 | ec0b 40b9 | f03f 41a9 | e613 40f9 | ed2b 40b9 | e41b 40f9 | 02fd ff17 
  0x00000001186a40dc: 4efd df88 | cb05 0011 | 6b6a f837 | 4bfd 9f88 | fdfc ff17 | ec0b 00b9 | f103 01a9 | e113 00f9 
  0x00000001186a40fc: eb2b 00b9 | f01b 00f9 | e203 0aaa | 4a00 00b4 | 620f 0a8b 

  0x00000001186a4110: ;   {oop("PostEventQueue"{0x000000700144cfa8})}
  0x00000001186a4110: 01f5 99d2 | 8128 a0f2 | 010e c0f2 

  0x00000001186a411c: ; ImmutableOopMap {rfp=Oop [0]=Oop [8]=NarrowOop [12]=NarrowOop [16]=Oop [24]=Oop [32]=Oop [40]=NarrowOop [48]=Oop }
                      ;*invokevirtual equals {reexecute=0 rethrow=0 return_oop=0}
                      ; - java.util.HashMap::getNode@63 (line 579)
                      ; - java.util.HashMap::get@2 (line 565)
                      ; - sun.awt.AppContext::get@36 (line 562)
                      ; - sun.awt.SunToolkit::flushPendingEvents@3 (line 550)
                      ; - java.awt.EventQueue::getNextEvent@4 (line 552)
                      ; - java.awt.EventDispatchThread::pumpOneEventForFilters@20 (line 194)
                      ;   {optimized virtual_call}
  0x00000001186a411c: 399d df97 | 80ee ff34 | ec0b 40b9 | f103 41a9 | e113 40f9 | eb2b 40b9 | f01b 40f9 | 07fe ff17 
  0x00000001186a413c: 7d0f 0d8b | ad0f 40b9 | 2846 9452 | c8a8 b372 | bf01 086b | e000 0054 | b41b 40b9 

  0x00000001186a4158: ; ImmutableOopMap {r11=NarrowOop r12=NarrowOop r15=Oop r17=Oop r19=Oop resp=NarrowOop rdispatch=NarrowOop rbcp=Oop r23=Oop }
                      ;*ifnonnull {reexecute=1 rethrow=0 return_oop=0}
                      ; - (reexecute) java.util.HashMap::getNode@145 (line 588)
                      ; - java.util.HashMap::get@2 (line 565)
                      ; - sun.awt.AppContext::get@36 (line 562)
                      ; - sun.awt.SunToolkit::flushPendingEvents@3 (line 550)
                      ; - java.awt.EventQueue::getNextEvent@4 (line 552)
                      ; - java.awt.EventDispatchThread::pumpOneEventForFilters@20 (line 194)
  0x00000001186a4158: 801b 40f9 

  0x00000001186a415c: ;   {poll}
  0x00000001186a415c: 1f00 40b9 | 9451 ff34 | 7d0f 148b | f6ff ff17 | ad13 40b9 

  0x00000001186a4170: ;   {oop("PostEventQueue"{0x000000700144cfa8})}
  0x00000001186a4170: 0a05 a0d2 | aa3e 93f2 | bf01 0a6b | 0050 ff54 | f35b 00a9 | f533 0229 | f7bf 01a9 | eb2b 00b9 
  0x00000001186a4190: f11b 00f9 | e203 0daa | 4d00 00b4 | 620f 0d8b 

  0x00000001186a41a0: ;   {oop("PostEventQueue"{0x000000700144cfa8})}
  0x00000001186a41a0: 01f5 99d2 | 8128 a0f2 | 010e c0f2 

  0x00000001186a41ac: ; ImmutableOopMap {rfp=Oop [0]=Oop [8]=Oop [16]=NarrowOop [20]=NarrowOop [24]=Oop [32]=Oop [40]=NarrowOop [48]=Oop }
                      ;*invokevirtual equals {reexecute=0 rethrow=0 return_oop=0}
                      ; - java.util.HashMap::getNode@128 (line 586)
                      ; - java.util.HashMap::get@2 (line 565)
                      ; - sun.awt.AppContext::get@36 (line 562)
                      ; - sun.awt.SunToolkit::flushPendingEvents@3 (line 550)
                      ; - java.awt.EventQueue::getNextEvent@4 (line 552)
                      ; - java.awt.EventDispatchThread::pumpOneEventForFilters@20 (line 194)
                      ;   {optimized virtual_call}
  0x00000001186a41ac: 159d df97 | 2066 0034 | f35b 40a9 | f533 4229 | f7bf 41a9 | eb2b 40b9 | f11b 40f9 | 6dfa ff17 
  0x00000001186a41cc: 2d0c 40b9 | ec03 0daa | 4d00 00b4 | 6c0f 0d8b | f003 1daa | 9f01 10eb | c000 0054 | e203 0032 
  0x00000001186a41ec: ; ImmutableOopMap {rfp=Oop [0]=Oop [12]=NarrowOop [16]=Oop }
                      ;*invokevirtual acquire {reexecute=0 rethrow=0 return_oop=0}
                      ; - java.util.concurrent.locks.ReentrantLock$Sync::lock@9 (line 154)
                      ; - java.util.concurrent.locks.ReentrantLock::lock@4 (line 323)
                      ; - java.awt.EventQueue::getNextEvent@11 (line 553)
                      ; - java.awt.EventDispatchThread::pumpOneEventForFilters@20 (line 194)
                      ;   {optimized virtual_call}
  0x00000001186a41ec: 5d85 f897 | f003 1daa | ef0b 40f9 | 48fb ff17 | 4dfd df88 | ac05 0011 | ec62 f837 | 4cfd 9f88 
  0x00000001186a420c: 43fb ff17 | 7f81 0c71 | 8158 0054 | f103 1f2a | 73fb ff17 | e703 00f9 | 13fd ff17 | 7d0f 0a8b 
  0x00000001186a422c: aa0f 40b9 | 2846 9452 | c8a8 b372 | 5f01 086b | e000 0054 | a21b 40b9 

  0x00000001186a4244: ; ImmutableOopMap {r11=NarrowOop r12=NarrowOop r16=Oop r17=Oop c_rarg0=Oop c_rarg1=Oop c_rarg2=NarrowOop [0]=Oop [12]=NarrowOop }
                      ;*ifnonnull {reexecute=1 rethrow=0 return_oop=0}
                      ; - (reexecute) java.util.HashMap::getNode@145 (line 588)
                      ; - java.util.HashMap::get@2 (line 565)
                      ; - sun.awt.AppContext::get@36 (line 562)
                      ; - sun.awt.SunToolkit::flushPendingEvents@3 (line 550)
                      ; - java.awt.EventQueue::getNextEvent@4 (line 552)
                      ; - java.awt.EventDispatchThread::pumpOneEventForFilters@20 (line 194)
  0x00000001186a4244: 831b 40f9 

  0x00000001186a4248: ;   {poll}
  0x00000001186a4248: 7f00 40b9 | e2b8 ff34 | 7d0f 028b | f6ff ff17 | aa13 40b9 

  0x00000001186a425c: ;   {oop("PostEventQueue"{0x000000700144cfa8})}
  0x00000001186a425c: 0e05 a0d2 | ae3e 93f2 | 5f01 0e6b | 60b7 ff54 | f103 01a9 | ec23 00b9 | eb2b 00b9 | e143 03a9 
  0x00000001186a427c: e203 0aaa | 4a00 00b4 | 620f 0a8b 

  0x00000001186a4288: ;   {oop("PostEventQueue"{0x000000700144cfa8})}
  0x00000001186a4288: 01f5 99d2 | 8128 a0f2 | 010e c0f2 

  0x00000001186a4294: ; ImmutableOopMap {rfp=Oop [0]=Oop [12]=NarrowOop [16]=Oop [24]=Oop [32]=NarrowOop [40]=NarrowOop [48]=Oop [56]=Oop }
                      ;*invokevirtual equals {reexecute=0 rethrow=0 return_oop=0}
                      ; - java.util.HashMap::getNode@128 (line 586)
                      ; - java.util.HashMap::get@2 (line 565)
                      ; - sun.awt.AppContext::get@36 (line 562)
                      ; - sun.awt.SunToolkit::flushPendingEvents@3 (line 550)
                      ; - java.awt.EventQueue::getNextEvent@4 (line 552)
                      ; - java.awt.EventDispatchThread::pumpOneEventForFilters@20 (line 194)
                      ;   {optimized virtual_call}
  0x00000001186a4294: db9c df97 | 0066 0034 | f103 41a9 | ec23 40b9 | eb2b 40b9 | e143 43a9 | aafd ff17 | e183 0191 
  0x00000001186a42b4: 8e2b 47b9 | dfdd 1d71 | 8c03 0054 | cb21 0051 | 8b6b 6bf8 | 5f00 0beb | 2001 0054 | 4a00 40f9 
  0x00000001186a42d4: 6a01 0837 | 4a01 40b2 | 4b01 40d2 | e803 0aaa | 4b7c e8c8 | 1f01 0aeb | 0102 0054 | 826b 2ef8 
  0x00000001186a42f4: ce21 0011 | 8e2b 07b9 | 0c00 0014 | 4ef9 0091 | 8957 42f9 | eb03 1faa | c97d ebc8 | 7f01 1feb 
  0x00000001186a4314: c000 0054 | 7f01 09eb | 8100 0054 | 4861 48f8 | 0805 0091 | 4861 08f8 | 415b 0054 | 4170 0091 
  0x00000001186a4334: 2bfc df88 | ab08 0034 | 2afe df88 | 6a1b 0034 | 3dfe df88 | f183 0191 | 8b2b 47b9 | 6b21 0051 
  0x00000001186a4354: 8e6b 6bf8 | 5f00 0eeb | 0102 0054 | 8b2b 07b9 | 6e21 0051 | 8e6b 6ef8 | 5f00 0eeb | e003 0054 
  0x00000001186a4374: 4a00 40f9 | 4a01 0837 | 4e01 40b2 | e803 0aaa | 4efc a8c8 | 1f01 0aeb | 0003 0054 | 6b21 0011 
  0x00000001186a4394: 8b97 03f9 | 1600 0014 | 4a00 40f9 | 4a09 00d1 | 4b45 40f9 | ab00 00b4 | 6b05 00d1 | 4b45 00f9 
  0x00000001186a43b4: 7f01 0beb | 0d00 0014 | 4b01 0191 | 7ffd 9fc8 | bf3b 03d5 | 4849 40f9 | 1f01 1feb | e000 0054 
  0x00000001186a43d4: 4851 40f9 | 1f01 1feb | 8100 0054 | 8ae7 02f9 | ff03 1ceb | 0200 0014 | ff03 1feb | a157 0054 
  0x00000001186a43f4: 9d5a 0034 | ea03 1daa | 5d00 00b4 | 6a0f 1d8b | befb ff17 | e703 00f9 | ec0b 00b9 | f03f 01a9 
  0x00000001186a4414: e613 00f9 | ed2b 00b9 | e41b 00f9 

  0x00000001186a4420: ;   {metadata('java/lang/ref/WeakReference')}
  0x00000001186a4420: 01fe 90d2 | 0107 a0f2 | 011e c0f2 

  0x00000001186a442c: ; ImmutableOopMap {[0]=Oop [8]=NarrowOop [12]=NarrowOop [16]=Oop [24]=Oop [32]=Oop }
                      ;*new {reexecute=0 rethrow=0 return_oop=1}
                      ; - java.awt.EventQueue::setCurrentEventAndMostRecentTimeImpl@36 (line 1221)
                      ; - java.awt.EventQueue::dispatchEventImpl@14 (line 731)
                      ; - java.awt.EventQueue::dispatchEvent@22 (line 711)
                      ; - java.awt.EventDispatchThread::pumpOneEventForFilters@81 (line 207)
                      ;   {runtime_call C2 Runtime new_instance}
  0x00000001186a442c: c512 e397 | e703 40f9 | ec0b 40b9 | f03f 41a9 | e613 40f9 | ed2b 40b9 | e41b 40f9 | 40fc ff17 
  0x00000001186a444c: e383 0191 | 8e2b 47b9 | ce21 0051 | 8a6b 6ef8 | 5f00 0aeb | 0102 0054 | 8e2b 07b9 | ca21 0051 
  0x00000001186a446c: 8a6b 6af8 | 5f00 0aeb | e003 0054 | 4b00 40f9 | 4b01 0837 | 6a01 40b2 | e803 0baa | 4afc a8c8 
  0x00000001186a448c: 1f01 0beb | 0003 0054 | ce21 0011 | 8e97 03f9 | 1600 0014 | 4b00 40f9 | 6b09 00d1 | 6e45 40f9 
  0x00000001186a44ac: ae00 00b4 | ce05 00d1 | 6e45 00f9 | df01 0eeb | 0d00 0014 | 6e01 0191 | dffd 9fc8 | bf3b 03d5 
  0x00000001186a44cc: 6849 40f9 | 1f01 1feb | e000 0054 | 6851 40f9 | 1f01 1feb | 8100 0054 | 8be7 02f9 | ff03 1ceb 
  0x00000001186a44ec: 0200 0014 | ff03 1feb | 6154 0054 | 5d14 40b9 | 7d53 0035 | e123 00f9 | fd03 02aa | e103 02aa 
  0x00000001186a450c: e703 00f9 | ec0b 00b9 | f03f 01a9 | e613 00f9 | ed2b 00b9 | e047 03a9 | e203 1faa 

  0x00000001186a4528: ; ImmutableOopMap {rfp=Oop [64]=Derived_oop_rfp [56]=Derived_oop_rfp [0]=Oop [8]=NarrowOop [12]=NarrowOop [16]=Oop [24]=Oop [32]=Oop [48]=Oop }
                      ;*invokestatic getLogger {reexecute=0 rethrow=0 return_oop=1}
                      ; - jdk.internal.logger.LazyLoggers$LazyLoggerAccessor::platform@62 (line 206)
                      ; - jdk.internal.logger.LazyLoggers$LazyLoggerWrapper::platformProxy@4 (line 332)
                      ; - jdk.internal.logger.AbstractLoggerWrapper::isLoggable@1 (line 122)
                      ; - sun.util.logging.PlatformLogger::isLoggable@17 (line 340)
                      ; - java.awt.EventDispatchThread::pumpOneEventForFilters@57 (line 203)
                      ;   {static_call}
  0x00000001186a4528: 369d df97 | ee83 0191 | ed03 1daa | 8c2b 47b9 | 9fdd 1d71 | 8c03 0054 | 8b21 0051 | 8b6b 6bf8 
  0x00000001186a4548: bf01 0beb | 2001 0054 | aa01 40f9 | 6a01 0837 | 4a01 40b2 | 4b01 40d2 | e803 0aaa | ab7d e8c8 
  0x00000001186a4568: 1f01 0aeb | 0102 0054 | 8d6b 2cf8 | 8c21 0011 | 8c2b 07b9 | 0c00 0014 | 4cf9 0091 | 8957 42f9 
  0x00000001186a4588: eb03 1faa | 897d ebc8 | 7f01 1feb | c000 0054 | 7f01 09eb | 8100 0054 | 4861 48f8 | 0805 0091 
  0x00000001186a45a8: 4861 08f8 | e027 00f9 | 4152 0054 | ed2b 00f9 | e103 0daa | e227 40f9 

  0x00000001186a45c0: ; ImmutableOopMap {[0]=Oop [8]=NarrowOop [12]=NarrowOop [16]=Oop [24]=Oop [32]=Oop [48]=Oop [80]=Oop [64]=Derived_oop_[80] [56]=Derived_oop_[80] }
                      ;*invokevirtual setWrappedIfNotSet {reexecute=0 rethrow=0 return_oop=0}
                      ; - jdk.internal.logger.LazyLoggers$LazyLoggerAccessor::platform@72 (line 209)
                      ; - jdk.internal.logger.LazyLoggers$LazyLoggerWrapper::platformProxy@4 (line 332)
                      ; - jdk.internal.logger.AbstractLoggerWrapper::isLoggable@1 (line 122)
                      ; - sun.util.logging.PlatformLogger::isLoggable@17 (line 340)
                      ; - java.awt.EventDispatchThread::pumpOneEventForFilters@57 (line 203)
                      ;   {optimized virtual_call}
  0x00000001186a45c0: 109c df97 | ed1f 40f9 | aafd df88 | aa0b 0034 | bdfd df88 | ee83 0191 | ed2b 40f9 | 8c2b 47b9 
  0x00000001186a45e0: 8c21 0051 | 8b6b 6cf8 | bf01 0beb | 0102 0054 | 8c2b 07b9 | 8b21 0051 | 8b6b 6bf8 | bf01 0beb 
  0x00000001186a4600: e003 0054 | aa01 40f9 | 4a01 0837 | 4b01 40b2 | e803 0aaa | abfd a8c8 | 1f01 0aeb | 0003 0054 
  0x00000001186a4620: 8c21 0011 | 8c97 03f9 | 1600 0014 | aa01 40f9 | 4a09 00d1 | 4c45 40f9 | ac00 00b4 | 8c05 00d1 
  0x00000001186a4640: 4c45 00f9 | 9f01 0ceb | 0d00 0014 | 4c01 0191 | 9ffd 9fc8 | bf3b 03d5 | 4849 40f9 | 1f01 1feb 
  0x00000001186a4660: e000 0054 | 4851 40f9 | 1f01 1feb | 8100 0054 | 8ae7 02f9 | ff03 1ceb | 0200 0014 | ff03 1feb 
  0x00000001186a4680: 614c 0054 | 7d46 0034 | ea03 1daa | 5d00 00b4 | 6a0f 1d8b | e703 40f9 | ec0b 40b9 | f03f 41a9 
  0x00000001186a46a0: e613 40f9 | ed2b 40b9 | 15fb ff17 | 2bfc df88 | f003 00f9 | ec0b 00b9 | ef1b 01a9 | ed23 00b9 
  0x00000001186a46c0: e08b 02a9 | f11f 00f9 | fd03 07aa | e103 0baa | 4b00 00b4 | 610f 0b8b 

  0x00000001186a46d8: ; ImmutableOopMap {rfp=Oop [0]=Oop [8]=NarrowOop [12]=NarrowOop [16]=Oop [24]=Oop [40]=Oop [48]=Oop [56]=Derived_oop_[48] }
                      ;*invokestatic convert {reexecute=0 rethrow=0 return_oop=1}
                      ; - jdk.internal.logger.LazyLoggers$LazyLoggerAccessor::platform@34 (line 197)
                      ; - jdk.internal.logger.LazyLoggers$LazyLoggerWrapper::platformProxy@4 (line 332)
                      ; - jdk.internal.logger.AbstractLoggerWrapper::isLoggable@1 (line 122)
                      ; - sun.util.logging.PlatformLogger::isLoggable@17 (line 340)
                      ; - java.awt.EventDispatchThread::pumpOneEventForFilters@57 (line 203)
                      ;   {static_call}
  0x00000001186a46d8: ca9c df97 | f11f 40f9 | 8c23 4139 | ccc7 0035 | 0a00 1beb | 4a21 9f9a | 4afd 43d3 | 2afe 9f88 
  0x00000001186a46f8: 2c02 00ca | 8cfd 55d3 | 2c01 00b4 | 0001 00b4 | 2cfe 49d3 | 0b00 90d2 | 2bf2 bcf2 | 8c01 0b8b 
  0x00000001186a4718: 8b01 4039 | 7f09 0071 | 61c8 0054 | e703 1daa | f003 40f9 | ec0b 40b9 | ef1b 41a9 | ed23 40b9 
  0x00000001186a4738: e08b 42a9 | 02ff ff17 | ea23 40f9 | 4bfd df88 | fd03 0daa | e103 0baa | 4b00 00b4 | 610f 0b8b 
  0x00000001186a4758: ; ImmutableOopMap {[0]=Oop [8]=NarrowOop [12]=NarrowOop [16]=Oop [24]=Oop [32]=Oop [48]=Oop [80]=Oop rfp=Derived_oop_[80] }
                      ;*invokestatic convert {reexecute=0 rethrow=0 return_oop=1}
                      ; - jdk.internal.logger.LazyLoggers$LazyLoggerAccessor::platform@87 (line 210)
                      ; - jdk.internal.logger.LazyLoggers$LazyLoggerWrapper::platformProxy@4 (line 332)
                      ; - jdk.internal.logger.AbstractLoggerWrapper::isLoggable@1 (line 122)
                      ; - sun.util.logging.PlatformLogger::isLoggable@17 (line 340)
                      ; - java.awt.EventDispatchThread::pumpOneEventForFilters@57 (line 203)
                      ;   {static_call}
  0x00000001186a4758: aa9c df97 | ed03 1daa | 8b23 4139 | cbc8 0035 | 0c00 1beb | 8c21 9f9a | 8cfd 43d3 | acfd 9f88 
  0x00000001186a4778: ab01 00ca | 6bfd 55d3 | 2b01 00b4 | 0001 00b4 | abfd 49d3 | 0a00 90d2 | 2af2 bcf2 | 6b01 0a8b 
  0x00000001186a4798: 6a01 4039 | 5f09 0071 | 61c9 0054 | 8bff ff17 | fd03 40f9 | eb0f 40b9 | 2112 8012 | ebaf 0029 
  0x00000001186a47b8: ; ImmutableOopMap {rfp=Oop [4]=NarrowOop [8]=NarrowOop }
                      ;*iflt {reexecute=1 rethrow=0 return_oop=0}
                      ; - (reexecute) java.awt.EventQueue::getNextEventPrivate@3 (line 572)
                      ; - java.awt.EventQueue::getNextEvent@17 (line 555)
                      ; - java.awt.EventDispatchThread::pumpOneEventForFilters@20 (line 194)
                      ;   {runtime_call UncommonTrapBlob}
  0x00000001186a47b8: 4200 e397 | 2101 8012 | fd03 13aa | f5b3 0029 

  0x00000001186a47c8: ; ImmutableOopMap {rfp=Oop [4]=NarrowOop [8]=NarrowOop }
                      ;*monitorenter {reexecute=0 rethrow=0 return_oop=0}
                      ; - sun.awt.AppContext::get@6 (line 550)
                      ; - sun.awt.SunToolkit::flushPendingEvents@3 (line 550)
                      ; - java.awt.EventQueue::getNextEvent@4 (line 552)
                      ; - java.awt.EventDispatchThread::pumpOneEventForFilters@20 (line 194)
                      ;   {runtime_call UncommonTrapBlob}
  0x00000001186a47c8: 3e00 e397 | fd03 40f9 | eb0f 40b9 | 2101 8012 | eb07 00b9 

  0x00000001186a47dc: ; ImmutableOopMap {rfp=Oop [4]=NarrowOop [12]=NarrowOop }
                      ;*invokevirtual lock {reexecute=0 rethrow=0 return_oop=0}
                      ; - java.util.concurrent.locks.ReentrantLock::lock@4 (line 323)
                      ; - java.awt.EventQueue::getNextEvent@11 (line 553)
                      ; - java.awt.EventDispatchThread::pumpOneEventForFilters@20 (line 194)
                      ;   {runtime_call UncommonTrapBlob}
  0x00000001186a47dc: 3900 e397 | fd03 40f9 | 2101 8012 | ec07 00b9 

  0x00000001186a47ec: ; ImmutableOopMap {rfp=Oop [4]=NarrowOop [12]=NarrowOop }
                      ;*invokevirtual release {reexecute=0 rethrow=0 return_oop=0}
                      ; - java.util.concurrent.locks.ReentrantLock::unlock@5 (line 495)
                      ; - java.awt.EventQueue::getNextEvent@31 (line 563)
                      ; - java.awt.EventDispatchThread::pumpOneEventForFilters@20 (line 194)
                      ;   {runtime_call UncommonTrapBlob}
  0x00000001186a47ec: 3500 e397 | eb0f 40b9 | 2101 8012 | eb07 00b9 | e707 00f9 | ec13 00b9 

  0x00000001186a4804: ; ImmutableOopMap {[4]=NarrowOop [8]=Oop [16]=NarrowOop }
                      ;*monitorenter {reexecute=0 rethrow=0 return_oop=0}
                      ; - java.awt.EventDispatchThread::filterAndCheckEvent@8 (line 170)
                      ; - java.awt.EventDispatchThread::pumpOneEventForFilters@35 (line 196)
                      ;   {runtime_call UncommonTrapBlob}
  0x00000001186a4804: 2f00 e397 | 6103 8012 | e70b 00f9 | ec1b 00b9 | eeab 0429 | ea8b 0529 

  0x00000001186a481c: ; ImmutableOopMap {rfp=NarrowOop [12]=NarrowOop [16]=Oop [24]=NarrowOop [36]=NarrowOop }
                      ;*invokestatic checkIndex {reexecute=0 rethrow=0 return_oop=0}
                      ; - java.util.Objects::checkIndex@3 (line 365)
                      ; - java.util.ArrayList::get@5 (line 428)
                      ; - java.awt.EventDispatchThread::filterAndCheckEvent@31 (line 172)
                      ; - java.awt.EventDispatchThread::pumpOneEventForFilters@35 (line 196)
                      ;   {runtime_call UncommonTrapBlob}
  0x00000001186a481c: 2900 e397 | 6103 8012 | e70b 00f9 | e32b 0329 | f1af 0429 

  0x00000001186a4830: ; ImmutableOopMap {rfp=NarrowOop [12]=NarrowOop [16]=Oop [24]=NarrowOop [36]=NarrowOop }
                      ;*aaload {reexecute=0 rethrow=0 return_oop=0}
                      ; - java.util.ArrayList::elementData@5 (line 412)
                      ; - java.util.ArrayList::get@11 (line 429)
                      ; - java.awt.EventDispatchThread::filterAndCheckEvent@31 (line 172)
                      ; - java.awt.EventDispatchThread::pumpOneEventForFilters@35 (line 196)
                      ;   {runtime_call UncommonTrapBlob}
  0x00000001186a4830: 2400 e397 | e183 0191 | e203 1caa | e003 13aa | c900 0010 | 890b 02f9 

  0x00000001186a4848: ;   {runtime_call SharedRuntime::complete_monitor_unlocking_C(oopDesc*, BasicLock*, JavaThread*)}
  0x00000001186a4848: 08c9 90d2 | e86d a1f2 | 2800 c0f2 | 0001 3fd6 | 7bf8 ff17 | f607 00f9 | e283 0191 | e103 00f9 
  0x00000001186a4868: ; ImmutableOopMap {[0]=Oop [8]=Oop }
                      ;*synchronization entry
                      ; - java.awt.EventDispatchThread::getEventQueue@-1 (line 226)
                      ; - java.awt.EventDispatchThread::pumpOneEventForFilters@8 (line 192)
                      ;   {runtime_call C2 Runtime complete_monitor_locking}
  0x00000001186a4868: 3616 e397 | f35b 40a9 | 49f8 ff17 | f70b 00f9 | f603 00f9 | f50b 00b9 | fd03 13aa | f117 00f9 
  0x00000001186a4888: e103 11aa | ef0f 00f9 | ec0f 00b9 | eb23 00b9 | e283 0191 

  0x00000001186a489c: ; ImmutableOopMap {rfp=Oop [0]=Oop [8]=NarrowOop [12]=NarrowOop [16]=Oop [24]=Oop [32]=NarrowOop [40]=Oop }
                      ;*monitorenter {reexecute=0 rethrow=0 return_oop=0}
                      ; - sun.awt.AppContext::get@6 (line 550)
                      ; - sun.awt.SunToolkit::flushPendingEvents@3 (line 550)
                      ; - java.awt.EventQueue::getNextEvent@4 (line 552)
                      ; - java.awt.EventDispatchThread::pumpOneEventForFilters@20 (line 194)
                      ;   {runtime_call C2 Runtime complete_monitor_locking}
  0x00000001186a489c: 2916 e397 | f303 1daa | f603 40f9 | f533 4129 | f73f 41a9 | eb23 40b9 | f117 40f9 | 8cf8 ff17 
  0x00000001186a48bc: fd03 40f9 | ec0f 40b9 | 2104 8012 | ecab 0029 

  0x00000001186a48cc: ; ImmutableOopMap {rfp=Oop [4]=NarrowOop [8]=NarrowOop [12]=NarrowOop }
                      ;*invokeinterface lock {reexecute=0 rethrow=0 return_oop=0}
                      ; - java.awt.EventQueue::getNextEvent@11 (line 553)
                      ; - java.awt.EventDispatchThread::pumpOneEventForFilters@20 (line 194)
                      ;   {runtime_call UncommonTrapBlob}
  0x00000001186a48cc: fdff e297 | fd03 40f9 | 2104 8012 | ecaf 0029 

  0x00000001186a48dc: ; ImmutableOopMap {rfp=Oop [4]=NarrowOop [8]=NarrowOop [12]=NarrowOop }
                      ;*invokeinterface unlock {reexecute=0 rethrow=0 return_oop=0}
                      ; - java.awt.EventQueue::getNextEvent@31 (line 563)
                      ; - java.awt.EventDispatchThread::pumpOneEventForFilters@20 (line 194)
                      ;   {runtime_call UncommonTrapBlob}
  0x00000001186a48dc: f9ff e297 | e613 00f9 | e51b 00f9 | e103 05aa | f03f 01a9 | ed2b 00b9 | ec0b 00b9 | e283 0191 
  0x00000001186a48fc: ; ImmutableOopMap {rfp=NarrowOop [0]=Oop [8]=NarrowOop [12]=NarrowOop [16]=Oop [24]=Oop [32]=Oop [48]=Oop }
                      ;*monitorenter {reexecute=0 rethrow=0 return_oop=0}
                      ; - java.awt.EventDispatchThread::filterAndCheckEvent@8 (line 170)
                      ; - java.awt.EventDispatchThread::pumpOneEventForFilters@35 (line 196)
                      ;   {runtime_call C2 Runtime complete_monitor_locking}
  0x00000001186a48fc: 1116 e397 | e703 40f9 | ec0b 40b9 | f03f 41a9 | e613 40f9 | ed2b 40b9 | e51b 40f9 | 13fa ff17 
  0x00000001186a491c: f303 07aa | f603 06aa | f403 10aa | f503 0faa | f803 0d2a | f703 0c2a | e183 0191 | e203 1caa 
  0x00000001186a493c: e003 05aa | c900 0010 | 890b 02f9 

  0x00000001186a4948: ;   {runtime_call SharedRuntime::complete_monitor_unlocking_C(oopDesc*, BasicLock*, JavaThread*)}
  0x00000001186a4948: 08c9 90d2 | e86d a1f2 | 2800 c0f2 | 0001 3fd6 | e703 13aa | f003 14aa | ef03 15aa | ec03 172a 
  0x00000001186a4968: e603 16aa | ed03 182a | 48fa ff17 | 2104 8012 | fd03 07aa | ec03 00b9 | ee0b 00b9 

  0x00000001186a4984: ; ImmutableOopMap {rfp=Oop [0]=NarrowOop [8]=NarrowOop [12]=NarrowOop }
                      ;*invokeinterface isLoggable {reexecute=0 rethrow=0 return_oop=0}
                      ; - sun.util.logging.PlatformLogger::isLoggable@17 (line 340)
                      ; - java.awt.EventDispatchThread::pumpOneEventForFilters@57 (line 203)
                      ;   {runtime_call UncommonTrapBlob}
  0x00000001186a4984: cfff e297 | ec03 00b9 | ec0f 40b9 | 2104 8012 | fd03 07aa | ec07 00b9 | e007 00f9 | ea13 00b9 
  0x00000001186a49a4: ; ImmutableOopMap {rfp=Oop [0]=NarrowOop [4]=NarrowOop [8]=Oop [16]=NarrowOop }
                      ;*invokeinterface platform {reexecute=0 rethrow=0 return_oop=0}
                      ; - jdk.internal.logger.LazyLoggers$LazyLoggerWrapper::platformProxy@4 (line 332)
                      ; - jdk.internal.logger.AbstractLoggerWrapper::isLoggable@1 (line 122)
                      ; - sun.util.logging.PlatformLogger::isLoggable@17 (line 340)
                      ; - java.awt.EventDispatchThread::pumpOneEventForFilters@57 (line 203)
                      ;   {runtime_call UncommonTrapBlob}
  0x00000001186a49a4: c7ff e297 | eb0f 40b9 | 2104 8012 | fd03 07aa | ec2f 0029 | ea07 00f9 

  0x00000001186a49bc: ; ImmutableOopMap {rfp=Oop [0]=NarrowOop [4]=NarrowOop [8]=Oop }
                      ;*invokeinterface isLoggable {reexecute=0 rethrow=0 return_oop=0}
                      ; - jdk.internal.logger.AbstractLoggerWrapper::isLoggable@20 (line 124)
                      ; - sun.util.logging.PlatformLogger::isLoggable@17 (line 340)
                      ; - java.awt.EventDispatchThread::pumpOneEventForFilters@57 (line 203)
                      ;   {runtime_call UncommonTrapBlob}
  0x00000001186a49bc: c1ff e297 | eb0f 40b9 | 6102 8012 | fd03 07aa | eb33 0029 | ea3b 0129 

  0x00000001186a49d4: ; ImmutableOopMap {rfp=Oop [0]=NarrowOop [4]=NarrowOop [8]=NarrowOop [12]=NarrowOop }
                      ;*ifnull {reexecute=1 rethrow=0 return_oop=0}
                      ; - (reexecute) java.awt.EventQueue::dispatchEvent@9 (line 710)
                      ; - java.awt.EventDispatchThread::pumpOneEventForFilters@81 (line 207)
                      ;   {runtime_call UncommonTrapBlob}
  0x00000001186a49d4: bbff e297 | 2101 8012 | fd03 07aa | ec0b 00b9 

  0x00000001186a49e4: ; ImmutableOopMap {rfp=Oop [8]=NarrowOop [12]=NarrowOop }
                      ;*invokevirtual lock {reexecute=0 rethrow=0 return_oop=0}
                      ; - java.util.concurrent.locks.ReentrantLock::lock@4 (line 323)
                      ; - java.awt.EventQueue::setCurrentEventAndMostRecentTimeImpl@4 (line 1215)
                      ; - java.awt.EventQueue::dispatchEventImpl@14 (line 731)
                      ; - java.awt.EventQueue::dispatchEvent@22 (line 711)
                      ; - java.awt.EventDispatchThread::pumpOneEventForFilters@81 (line 207)
                      ;   {runtime_call UncommonTrapBlob}
  0x00000001186a49e4: b7ff e297 | 2101 8012 | fd03 07aa | ec03 00b9 

  0x00000001186a49f4: ; ImmutableOopMap {rfp=Oop [0]=NarrowOop }
                      ;*invokevirtual release {reexecute=0 rethrow=0 return_oop=0}
                      ; - java.util.concurrent.locks.ReentrantLock::unlock@5 (line 495)
                      ; - java.awt.EventQueue::setCurrentEventAndMostRecentTimeImpl@168 (line 1250)
                      ; - java.awt.EventQueue::dispatchEventImpl@14 (line 731)
                      ; - java.awt.EventQueue::dispatchEvent@22 (line 711)
                      ; - java.awt.EventDispatchThread::pumpOneEventForFilters@81 (line 207)
                      ;   {runtime_call UncommonTrapBlob}
  0x00000001186a49f4: b3ff e297 | eb0f 40b9 | 2104 8012 | fd03 07aa | ebb3 0029 | ee0f 00b9 

  0x00000001186a4a0c: ; ImmutableOopMap {rfp=Oop [4]=NarrowOop [8]=NarrowOop [12]=NarrowOop }
                      ;*invokeinterface lock {reexecute=0 rethrow=0 return_oop=0}
                      ; - java.awt.EventQueue::setCurrentEventAndMostRecentTimeImpl@4 (line 1215)
                      ; - java.awt.EventQueue::dispatchEventImpl@14 (line 731)
                      ; - java.awt.EventQueue::dispatchEvent@22 (line 711)
                      ; - java.awt.EventDispatchThread::pumpOneEventForFilters@81 (line 207)
                      ;   {runtime_call UncommonTrapBlob}
  0x00000001186a4a0c: adff e297 | 2104 8012 | fd03 07aa | ec3b 0029 

  0x00000001186a4a1c: ; ImmutableOopMap {rfp=Oop [0]=NarrowOop [4]=NarrowOop }
                      ;*invokeinterface unlock {reexecute=0 rethrow=0 return_oop=0}
                      ; - java.awt.EventQueue::setCurrentEventAndMostRecentTimeImpl@168 (line 1250)
                      ; - java.awt.EventQueue::dispatchEventImpl@14 (line 731)
                      ; - java.awt.EventQueue::dispatchEvent@22 (line 711)
                      ; - java.awt.EventDispatchThread::pumpOneEventForFilters@81 (line 207)
                      ;   {runtime_call UncommonTrapBlob}
  0x00000001186a4a1c: a9ff e297 | fd03 40f9 | ec0f 40b9 | 6103 8012 | ecb3 0029 | ea0f 00b9 

  0x00000001186a4a34: ; ImmutableOopMap {rfp=Oop [4]=NarrowOop [8]=NarrowOop [12]=NarrowOop }
                      ;*aaload {reexecute=0 rethrow=0 return_oop=0}
                      ; - java.awt.EventQueue::getNextEventPrivate@11 (line 573)
                      ; - java.awt.EventQueue::getNextEvent@17 (line 555)
                      ; - java.awt.EventDispatchThread::pumpOneEventForFilters@20 (line 194)
                      ;   {runtime_call UncommonTrapBlob}
  0x00000001186a4a34: a3ff e297 | e183 0191 | e203 1caa | e003 11aa | c900 0010 | 890b 02f9 

  0x00000001186a4a4c: ;   {runtime_call SharedRuntime::complete_monitor_unlocking_C(oopDesc*, BasicLock*, JavaThread*)}
  0x00000001186a4a4c: 08c9 90d2 | e86d a1f2 | 2800 c0f2 | 0001 3fd6 | 00f9 ff17 | 4117 8012 | fd03 13aa | f5af 0029 
  0x00000001186a4a6c: ; ImmutableOopMap {rfp=Oop [4]=NarrowOop }
                      ;*if_icmpne {reexecute=1 rethrow=0 return_oop=0}
                      ; - (reexecute) java.awt.EventDispatchThread::pumpOneEventForFilters@15 (line 194)
                      ;   {runtime_call UncommonTrapBlob}
  0x00000001186a4a6c: 95ff e297 | 2112 8012 | e70b 00f9 | ec1b 00b9 | ea23 00b9 

  0x00000001186a4a80: ; ImmutableOopMap {rfp=NarrowOop [12]=NarrowOop [16]=Oop [24]=NarrowOop }
                      ;*iflt {reexecute=1 rethrow=0 return_oop=0}
                      ; - (reexecute) java.awt.EventDispatchThread::filterAndCheckEvent@22 (line 171)
                      ; - java.awt.EventDispatchThread::pumpOneEventForFilters@35 (line 196)
                      ;   {runtime_call UncommonTrapBlob}
  0x00000001186a4a80: 90ff e297 | ec03 00b9 | ec0f 40b9 | 4117 8012 | fd03 07aa | ec07 00b9 | ea07 00f9 | ee13 00b9 
  0x00000001186a4aa0: ; ImmutableOopMap {rfp=Oop [0]=NarrowOop [4]=NarrowOop [8]=Oop [16]=NarrowOop }
                      ;*ifnonnull {reexecute=1 rethrow=0 return_oop=0}
                      ; - (reexecute) jdk.internal.logger.SimpleConsoleLogger::effectiveLevel@4 (line 160)
                      ; - jdk.internal.logger.SimpleConsoleLogger::isLoggable@1 (line 128)
                      ; - jdk.internal.logger.AbstractLoggerWrapper::isLoggable@20 (line 124)
                      ; - sun.util.logging.PlatformLogger::isLoggable@17 (line 340)
                      ; - java.awt.EventDispatchThread::pumpOneEventForFilters@57 (line 203)
                      ;   {runtime_call UncommonTrapBlob}
  0x00000001186a4aa0: 88ff e297 | ea0f 40b9 | 4117 8012 | fd03 07aa | eab3 0029 | ee0f 00b9 

  0x00000001186a4ab8: ; ImmutableOopMap {rfp=Oop [4]=NarrowOop [8]=NarrowOop }
                      ;*ifne {reexecute=1 rethrow=0 return_oop=0}
                      ; - (reexecute) java.awt.EventQueue::setCurrentEventAndMostRecentTimeImpl@12 (line 1217)
                      ; - java.awt.EventQueue::dispatchEventImpl@14 (line 731)
                      ; - java.awt.EventQueue::dispatchEvent@22 (line 711)
                      ; - java.awt.EventDispatchThread::pumpOneEventForFilters@81 (line 207)
                      ;   {runtime_call UncommonTrapBlob}
  0x00000001186a4ab8: 82ff e297 | fd03 40f9 | eb0f 40b9 | 4117 8012 | eb33 0029 | ea03 0129 | f00b 00f9 

  0x00000001186a4ad4: ; ImmutableOopMap {rfp=Oop [0]=NarrowOop [4]=NarrowOop [8]=NarrowOop [12]=NarrowOop [16]=Oop }
                      ;*if_acmpeq {reexecute=1 rethrow=0 return_oop=0}
                      ; - (reexecute) java.util.concurrent.locks.ReentrantLock$Sync::tryRelease@14 (line 175)
                      ; - java.util.concurrent.locks.AbstractQueuedSynchronizer::release@2 (line 1099)
                      ; - java.util.concurrent.locks.ReentrantLock::unlock@5 (line 495)
                      ; - java.awt.EventQueue::getNextEvent@31 (line 563)
                      ; - java.awt.EventDispatchThread::pumpOneEventForFilters@20 (line 194)
                      ;   {runtime_call UncommonTrapBlob}
  0x00000001186a4ad4: 7bff e297 | ed0f 40b9 | 4117 8012 | fd03 07aa | edb3 0029 | eb0f 00b9 

  0x00000001186a4aec: ; ImmutableOopMap {rfp=Oop [4]=NarrowOop [8]=NarrowOop }
                      ;*ifeq {reexecute=1 rethrow=0 return_oop=0}
                      ; - (reexecute) sun.awt.dnd.SunDragSourceContextPeer::checkEvent@3 (line 368)
                      ; - java.awt.EventDispatchThread::filterAndCheckEvent@96 (line 182)
                      ; - java.awt.EventDispatchThread::pumpOneEventForFilters@35 (line 196)
                      ;   {runtime_call UncommonTrapBlob}
  0x00000001186a4aec: 75ff e297 | 4117 8012 | e70b 00f9 | e32f 0329 | e327 00b9 | e417 00f9 | ec33 00b9 

  0x00000001186a4b08: ; ImmutableOopMap {rfp=NarrowOop [12]=NarrowOop [16]=Oop [24]=NarrowOop [36]=NarrowOop [40]=Oop [48]=NarrowOop }
                      ;*ifnull {reexecute=1 rethrow=0 return_oop=0}
                      ; - (reexecute) java.awt.EventDispatchThread$HierarchyEventFilter::acceptEvent@4 (line 238)
                      ; - java.awt.EventDispatchThread::filterAndCheckEvent@42 (line 173)
                      ; - java.awt.EventDispatchThread::pumpOneEventForFilters@35 (line 196)
                      ;   {runtime_call UncommonTrapBlob}
  0x00000001186a4b08: 6eff e297 | ec03 00b9 | ec0f 40b9 | 4117 8012 | fd03 07aa | ec07 00b9 | f007 00f9 | ea13 00b9 
  0x00000001186a4b28: ; ImmutableOopMap {rfp=Oop [0]=NarrowOop [4]=NarrowOop [8]=Oop [16]=NarrowOop }
                      ;*if_acmpeq {reexecute=1 rethrow=0 return_oop=0}
                      ; - (reexecute) java.awt.EventQueue::setCurrentEventAndMostRecentTimeImpl@22 (line 1217)
                      ; - java.awt.EventQueue::dispatchEventImpl@14 (line 731)
                      ; - java.awt.EventQueue::dispatchEvent@22 (line 711)
                      ; - java.awt.EventDispatchThread::pumpOneEventForFilters@81 (line 207)
                      ;   {runtime_call UncommonTrapBlob}
  0x00000001186a4b28: 66ff e297 | 4117 8012 | fd03 07aa | ec2b 0029 | ef0b 00b9 | f00b 00f9 

  0x00000001186a4b40: ; ImmutableOopMap {rfp=Oop [0]=NarrowOop [4]=NarrowOop [8]=NarrowOop [16]=Oop }
                      ;*if_acmpeq {reexecute=1 rethrow=0 return_oop=0}
                      ; - (reexecute) java.util.concurrent.locks.ReentrantLock$Sync::tryRelease@14 (line 175)
                      ; - java.util.concurrent.locks.AbstractQueuedSynchronizer::release@2 (line 1099)
                      ; - java.util.concurrent.locks.ReentrantLock::unlock@5 (line 495)
                      ; - java.awt.EventQueue::setCurrentEventAndMostRecentTimeImpl@168 (line 1250)
                      ; - java.awt.EventQueue::dispatchEventImpl@14 (line 731)
                      ; - java.awt.EventQueue::dispatchEvent@22 (line 711)
                      ; - java.awt.EventDispatchThread::pumpOneEventForFilters@81 (line 207)
                      ;   {runtime_call UncommonTrapBlob}
  0x00000001186a4b40: 60ff e297 | 2101 8012 | fd03 13aa | f5b3 0029 | ee2f 0329 | ed13 00f9 

  0x00000001186a4b58: ; ImmutableOopMap {rfp=Oop [4]=NarrowOop [8]=NarrowOop [24]=NarrowOop [28]=NarrowOop [32]=Oop }
                      ;*invokevirtual setPair {reexecute=0 rethrow=0 return_oop=0}
                      ; - sun.awt.AppContext::get@94 (line 568)
                      ; - sun.awt.SunToolkit::flushPendingEvents@3 (line 550)
                      ; - java.awt.EventQueue::getNextEvent@4 (line 552)
                      ; - java.awt.EventDispatchThread::pumpOneEventForFilters@20 (line 194)
                      ;   {runtime_call UncommonTrapBlob}
  0x00000001186a4b58: 5aff e297 | 2104 8012 | fd03 13aa | f5b3 0029 | ed2f 0229 

  0x00000001186a4b6c: ; ImmutableOopMap {rfp=Oop [4]=NarrowOop [8]=NarrowOop [16]=NarrowOop [20]=NarrowOop }
                      ;*invokeinterface get {reexecute=0 rethrow=0 return_oop=0}
                      ; - sun.awt.AppContext::get@36 (line 562)
                      ; - sun.awt.SunToolkit::flushPendingEvents@3 (line 550)
                      ; - java.awt.EventQueue::getNextEvent@4 (line 552)
                      ; - java.awt.EventDispatchThread::pumpOneEventForFilters@20 (line 194)
                      ;   {runtime_call UncommonTrapBlob}
  0x00000001186a4b6c: 55ff e297 | fd03 40f9 | ea0f 40b9 | 6103 8012 | eabb 0029 | ebc7 0129 

  0x00000001186a4b84: ; ImmutableOopMap {rfp=Oop [4]=NarrowOop [8]=NarrowOop [12]=NarrowOop }
                      ;*aastore {reexecute=1 rethrow=0 return_oop=0}
                      ; - (reexecute) java.awt.EventQueue::uncacheEQItem@51 (line 494)
                      ; - java.awt.EventQueue::getNextEventPrivate@60 (line 579)
                      ; - java.awt.EventQueue::getNextEvent@17 (line 555)
                      ; - java.awt.EventDispatchThread::pumpOneEventForFilters@20 (line 194)
                      ;   {runtime_call UncommonTrapBlob}
  0x00000001186a4b84: 4fff e297 | fd03 40f9 | eb0f 40b9 | 2101 8012 | eb07 00b9 

  0x00000001186a4b98: ; ImmutableOopMap {rfp=Oop [4]=NarrowOop [12]=NarrowOop }
                      ;*invokevirtual notifyEventDispatchThreadFree {reexecute=0 rethrow=0 return_oop=0}
                      ; - java.awt.EventQueue::getNextEvent@55 (line 560)
                      ; - java.awt.EventDispatchThread::pumpOneEventForFilters@20 (line 194)
                      ;   {runtime_call UncommonTrapBlob}
  0x00000001186a4b98: 4aff e297 | fd03 40f9 | eb0f 40b9 | 2101 8012 | eb07 00b9 

  0x00000001186a4bac: ; ImmutableOopMap {rfp=Oop [4]=NarrowOop [12]=NarrowOop }
                      ;*invokevirtual release {reexecute=0 rethrow=0 return_oop=0}
                      ; - java.util.concurrent.locks.ReentrantLock::unlock@5 (line 495)
                      ; - java.awt.EventQueue::getNextEvent@71 (line 563)
                      ; - java.awt.EventDispatchThread::pumpOneEventForFilters@20 (line 194)
                      ;   {runtime_call UncommonTrapBlob}
  0x00000001186a4bac: 45ff e297 | fd03 40f9 | ea0f 40b9 | 2101 8012 | eab3 0029 

  0x00000001186a4bc0: ; ImmutableOopMap {rfp=Oop [4]=NarrowOop [8]=NarrowOop [12]=NarrowOop }
                      ;*monitorenter {reexecute=0 rethrow=0 return_oop=0}
                      ; - sun.awt.AppContext::get@6 (line 550)
                      ; - sun.awt.SunToolkit::flushPendingEvents@3 (line 550)
                      ; - java.awt.EventQueue::getNextEvent@4 (line 552)
                      ; - java.awt.EventDispatchThread::pumpOneEventForFilters@20 (line 194)
                      ;   {runtime_call UncommonTrapBlob}
  0x00000001186a4bc0: 40ff e297 | fd03 40f9 | eb0f 40b9 | 2101 8012 | eb07 00b9 

  0x00000001186a4bd4: ; ImmutableOopMap {rfp=Oop [4]=NarrowOop [12]=NarrowOop }
                      ;*invokevirtual lock {reexecute=0 rethrow=0 return_oop=0}
                      ; - java.util.concurrent.locks.ReentrantLock::lock@4 (line 323)
                      ; - java.awt.EventQueue::getNextEvent@11 (line 553)
                      ; - java.awt.EventDispatchThread::pumpOneEventForFilters@20 (line 194)
                      ;   {runtime_call UncommonTrapBlob}
  0x00000001186a4bd4: 3bff e297 | fd03 40f9 | ec0f 40b9 | 2104 8012 | ecaf 0029 

  0x00000001186a4be8: ; ImmutableOopMap {rfp=Oop [4]=NarrowOop [8]=NarrowOop [12]=NarrowOop }
                      ;*invokeinterface await {reexecute=0 rethrow=0 return_oop=0}
                      ; - java.awt.EventQueue::getNextEvent@62 (line 561)
                      ; - java.awt.EventDispatchThread::pumpOneEventForFilters@20 (line 194)
                      ;   {runtime_call UncommonTrapBlob}
  0x00000001186a4be8: 36ff e297 | fd03 40f9 | ec0f 40b9 | 2104 8012 | ecab 0029 

  0x00000001186a4bfc: ; ImmutableOopMap {rfp=Oop [4]=NarrowOop [8]=NarrowOop [12]=NarrowOop }
                      ;*invokeinterface unlock {reexecute=0 rethrow=0 return_oop=0}
                      ; - java.awt.EventQueue::getNextEvent@71 (line 563)
                      ; - java.awt.EventDispatchThread::pumpOneEventForFilters@20 (line 194)
                      ;   {runtime_call UncommonTrapBlob}
  0x00000001186a4bfc: 31ff e297 | e00b 00f9 | fd03 11aa | e10f 00f9 | f017 00f9 | e103 10aa | ec0b 00b9 | eb23 00b9 
  0x00000001186a4c1c: e283 0191 

  0x00000001186a4c20: ; ImmutableOopMap {rfp=Oop [0]=Oop [8]=NarrowOop [12]=NarrowOop [16]=Oop [24]=Oop [32]=NarrowOop [40]=Oop }
                      ;*monitorenter {reexecute=0 rethrow=0 return_oop=0}
                      ; - sun.awt.AppContext::get@6 (line 550)
                      ; - sun.awt.SunToolkit::flushPendingEvents@3 (line 550)
                      ; - java.awt.EventQueue::getNextEvent@4 (line 552)
                      ; - java.awt.EventDispatchThread::pumpOneEventForFilters@20 (line 194)
                      ;   {runtime_call C2 Runtime complete_monitor_locking}
  0x00000001186a4c20: 4815 e397 | f103 1daa | ec0b 40b9 | e007 41a9 | eb23 40b9 | f017 40f9 | 22fb ff17 | fd03 40f9 
  0x00000001186a4c40: ec0f 40b9 | 2104 8012 | ecaf 0029 

  0x00000001186a4c4c: ; ImmutableOopMap {rfp=Oop [4]=NarrowOop [8]=NarrowOop [12]=NarrowOop }
                      ;*invokeinterface lock {reexecute=0 rethrow=0 return_oop=0}
                      ; - java.awt.EventQueue::getNextEvent@11 (line 553)
                      ; - java.awt.EventDispatchThread::pumpOneEventForFilters@20 (line 194)
                      ;   {runtime_call UncommonTrapBlob}
  0x00000001186a4c4c: 1dff e297 | 4117 8012 | fd03 13aa | f5b3 0029 | ed0b 00f9 | ee2f 0329 

  0x00000001186a4c64: ; ImmutableOopMap {rfp=Oop [4]=NarrowOop [8]=NarrowOop [16]=Oop [24]=NarrowOop [28]=NarrowOop }
                      ;*ifnonnull {reexecute=1 rethrow=0 return_oop=0}
                      ; - (reexecute) sun.awt.AppContext::get@47 (line 563)
                      ; - sun.awt.SunToolkit::flushPendingEvents@3 (line 550)
                      ; - java.awt.EventQueue::getNextEvent@4 (line 552)
                      ; - java.awt.EventDispatchThread::pumpOneEventForFilters@20 (line 194)
                      ;   {runtime_call UncommonTrapBlob}
  0x00000001186a4c64: 17ff e297 | 4117 8012 | fd03 13aa | f5b3 0029 | eb43 0229 

  0x00000001186a4c78: ; ImmutableOopMap {rfp=Oop [4]=NarrowOop [8]=NarrowOop [16]=NarrowOop }
                      ;*ifle {reexecute=1 rethrow=0 return_oop=0}
                      ; - (reexecute) java.util.HashMap::getNode@14 (line 576)
                      ; - java.util.HashMap::get@2 (line 565)
                      ; - sun.awt.AppContext::get@36 (line 562)
                      ; - sun.awt.SunToolkit::flushPendingEvents@3 (line 550)
                      ; - java.awt.EventQueue::getNextEvent@4 (line 552)
                      ; - java.awt.EventDispatchThread::pumpOneEventForFilters@20 (line 194)
                      ;   {runtime_call UncommonTrapBlob}
  0x00000001186a4c78: 12ff e297 | 4117 8012 | fd03 07aa | ec0b 00b9 

  0x00000001186a4c88: ; ImmutableOopMap {rfp=Oop [8]=NarrowOop [12]=NarrowOop }
                      ;*ifeq {reexecute=1 rethrow=0 return_oop=0}
                      ; - (reexecute) java.awt.EventQueue::setCurrentEventAndMostRecentTimeImpl@93 (line 1238)
                      ; - java.awt.EventQueue::dispatchEventImpl@14 (line 731)
                      ; - java.awt.EventQueue::dispatchEvent@22 (line 711)
                      ; - java.awt.EventDispatchThread::pumpOneEventForFilters@81 (line 207)
                      ;   {runtime_call UncommonTrapBlob}
  0x00000001186a4c88: 0eff e297 | 4117 8012 | fd03 07aa | ec0b 00b9 

  0x00000001186a4c98: ; ImmutableOopMap {rfp=Oop [8]=NarrowOop [12]=NarrowOop }
                      ;*ifeq {reexecute=1 rethrow=0 return_oop=0}
                      ; - (reexecute) java.awt.EventQueue::setCurrentEventAndMostRecentTimeImpl@115 (line 1241)
                      ; - java.awt.EventQueue::dispatchEventImpl@14 (line 731)
                      ; - java.awt.EventQueue::dispatchEvent@22 (line 711)
                      ; - java.awt.EventDispatchThread::pumpOneEventForFilters@81 (line 207)
                      ;   {runtime_call UncommonTrapBlob}
  0x00000001186a4c98: 0aff e297 | f403 11aa | e183 0191 | f503 00aa | e203 1caa | e003 10aa | c900 0010 | 890b 02f9 
  0x00000001186a4cb8: ;   {runtime_call SharedRuntime::complete_monitor_unlocking_C(oopDesc*, BasicLock*, JavaThread*)}
  0x00000001186a4cb8: 08c9 90d2 | e86d a1f2 | 2800 c0f2 | 0001 3fd6 | f103 14aa | e003 15aa | ddfb ff17 | fd03 40f9 
  0x00000001186a4cd8: ec0f 40b9 | 4117 8012 | ecaf 0029 | ee0f 00b9 | f10b 00f9 

  0x00000001186a4cec: ; ImmutableOopMap {rfp=Oop [4]=NarrowOop [8]=NarrowOop [12]=NarrowOop [16]=Oop }
                      ;*if_acmpeq {reexecute=1 rethrow=0 return_oop=0}
                      ; - (reexecute) java.util.concurrent.locks.ReentrantLock$Sync::tryRelease@14 (line 175)
                      ; - java.util.concurrent.locks.AbstractQueuedSynchronizer::release@2 (line 1099)
                      ; - java.util.concurrent.locks.ReentrantLock::unlock@5 (line 495)
                      ; - java.awt.EventQueue::getNextEvent@71 (line 563)
                      ; - java.awt.EventDispatchThread::pumpOneEventForFilters@20 (line 194)
                      ;   {runtime_call UncommonTrapBlob}
  0x00000001186a4cec: f5fe e297 | fd03 40f9 | ed0f 40b9 | 2101 8012 | edb3 0029 | ea2f 0329 | ee13 00f9 

  0x00000001186a4d08: ; ImmutableOopMap {rfp=Oop [4]=NarrowOop [8]=NarrowOop [24]=NarrowOop [28]=NarrowOop [32]=Oop }
                      ;*invokevirtual setPair {reexecute=0 rethrow=0 return_oop=0}
                      ; - sun.awt.AppContext::get@94 (line 568)
                      ; - sun.awt.SunToolkit::flushPendingEvents@3 (line 550)
                      ; - java.awt.EventQueue::getNextEvent@4 (line 552)
                      ; - java.awt.EventDispatchThread::pumpOneEventForFilters@20 (line 194)
                      ;   {runtime_call UncommonTrapBlob}
  0x00000001186a4d08: eefe e297 | fd03 40f9 | ed0f 40b9 | 2104 8012 | edb3 0029 | ee2f 0229 

  0x00000001186a4d20: ; ImmutableOopMap {rfp=Oop [4]=NarrowOop [8]=NarrowOop [16]=NarrowOop [20]=NarrowOop }
                      ;*invokeinterface get {reexecute=0 rethrow=0 return_oop=0}
                      ; - sun.awt.AppContext::get@36 (line 562)
                      ; - sun.awt.SunToolkit::flushPendingEvents@3 (line 550)
                      ; - java.awt.EventQueue::getNextEvent@4 (line 552)
                      ; - java.awt.EventDispatchThread::pumpOneEventForFilters@20 (line 194)
                      ;   {runtime_call UncommonTrapBlob}
  0x00000001186a4d20: e8fe e297 | 7f81 0c71 | 6a18 0054 | 7fe9 0771 | 2115 ff54 | fd03 40f9 | ea0f 40b9 | 4117 8012 
  0x00000001186a4d40: ea07 00b9 | eeb3 0129 | eb17 00b9 

  0x00000001186a4d4c: ; ImmutableOopMap {rfp=Oop [4]=NarrowOop [12]=NarrowOop [16]=NarrowOop }
                      ;*lookupswitch {reexecute=1 rethrow=0 return_oop=0}
                      ; - (reexecute) java.awt.EventQueue::eventToCacheIndex@4 (line 506)
                      ; - java.awt.EventQueue::uncacheEQItem@4 (line 488)
                      ; - java.awt.EventQueue::getNextEventPrivate@60 (line 579)
                      ; - java.awt.EventQueue::getNextEvent@17 (line 555)
                      ; - java.awt.EventDispatchThread::pumpOneEventForFilters@20 (line 194)
                      ;   {runtime_call UncommonTrapBlob}
  0x00000001186a4d4c: ddfe e297 | fd03 40f9 | ed0f 40b9 | 4117 8012 | edb3 0029 | ee0b 00f9 | ea2f 0329 

  0x00000001186a4d68: ; ImmutableOopMap {rfp=Oop [4]=NarrowOop [8]=NarrowOop [16]=Oop [24]=NarrowOop [28]=NarrowOop }
                      ;*ifnonnull {reexecute=1 rethrow=0 return_oop=0}
                      ; - (reexecute) sun.awt.AppContext::get@47 (line 563)
                      ; - sun.awt.SunToolkit::flushPendingEvents@3 (line 550)
                      ; - java.awt.EventQueue::getNextEvent@4 (line 552)
                      ; - java.awt.EventDispatchThread::pumpOneEventForFilters@20 (line 194)
                      ;   {runtime_call UncommonTrapBlob}
  0x00000001186a4d68: d6fe e297 | fd03 40f9 | ed0f 40b9 | 4117 8012 | edb3 0029 | eb3f 0229 

  0x00000001186a4d80: ; ImmutableOopMap {rfp=Oop [4]=NarrowOop [8]=NarrowOop [16]=NarrowOop }
                      ;*ifle {reexecute=1 rethrow=0 return_oop=0}
                      ; - (reexecute) java.util.HashMap::getNode@14 (line 576)
                      ; - java.util.HashMap::get@2 (line 565)
                      ; - sun.awt.AppContext::get@36 (line 562)
                      ; - sun.awt.SunToolkit::flushPendingEvents@3 (line 550)
                      ; - java.awt.EventQueue::getNextEvent@4 (line 552)
                      ; - java.awt.EventDispatchThread::pumpOneEventForFilters@20 (line 194)
                      ;   {runtime_call UncommonTrapBlob}
  0x00000001186a4d80: d0fe e297 | fd03 40f9 | 4117 8012 | ecbb 0029 

  0x00000001186a4d90: ; ImmutableOopMap {rfp=Oop [4]=NarrowOop [8]=NarrowOop [12]=NarrowOop }
                      ;*ifeq {reexecute=1 rethrow=0 return_oop=0}
                      ; - (reexecute) java.util.concurrent.locks.LockSupport::unpark@8 (line 180)
                      ; - java.util.concurrent.locks.AbstractQueuedSynchronizer::signalNext@30 (line 646)
                      ; - java.util.concurrent.locks.AbstractQueuedSynchronizer::release@12 (line 1100)
                      ; - java.util.concurrent.locks.ReentrantLock::unlock@5 (line 495)
                      ; - java.awt.EventQueue::getNextEvent@31 (line 563)
                      ; - java.awt.EventDispatchThread::pumpOneEventForFilters@20 (line 194)
                      ;   {runtime_call UncommonTrapBlob}
  0x00000001186a4d90: ccfe e297 | 4117 8012 | fd03 07aa | ec2b 0029 

  0x00000001186a4da0: ; ImmutableOopMap {rfp=Oop [0]=NarrowOop [4]=NarrowOop }
                      ;*ifeq {reexecute=1 rethrow=0 return_oop=0}
                      ; - (reexecute) java.util.concurrent.locks.LockSupport::unpark@8 (line 180)
                      ; - java.util.concurrent.locks.AbstractQueuedSynchronizer::signalNext@30 (line 646)
                      ; - java.util.concurrent.locks.AbstractQueuedSynchronizer::release@12 (line 1100)
                      ; - java.util.concurrent.locks.ReentrantLock::unlock@5 (line 495)
                      ; - java.awt.EventQueue::setCurrentEventAndMostRecentTimeImpl@168 (line 1250)
                      ; - java.awt.EventQueue::dispatchEventImpl@14 (line 731)
                      ; - java.awt.EventQueue::dispatchEvent@22 (line 711)
                      ; - java.awt.EventDispatchThread::pumpOneEventForFilters@81 (line 207)
                      ;   {runtime_call UncommonTrapBlob}
  0x00000001186a4da0: c8fe e297 | 4117 8012 | fd03 07aa | ecab 0029 

  0x00000001186a4db0: ; ImmutableOopMap {rfp=Oop [4]=NarrowOop [8]=NarrowOop [12]=NarrowOop }
                      ;*ifeq {reexecute=1 rethrow=0 return_oop=0}
                      ; - (reexecute) java.awt.EventQueue::dispatchEventImpl@33 (line 733)
                      ; - java.awt.EventQueue::dispatchEvent@22 (line 711)
                      ; - java.awt.EventDispatchThread::pumpOneEventForFilters@81 (line 207)
                      ;   {runtime_call UncommonTrapBlob}
  0x00000001186a4db0: c4fe e297 | fd03 07aa | ec07 00b9 | e107 00f9 | 2114 8012 

  0x00000001186a4dc4: ; ImmutableOopMap {rfp=Oop [4]=NarrowOop [8]=Oop }
                      ;*invokevirtual dispatchEventImpl {reexecute=0 rethrow=0 return_oop=0}
                      ; - java.awt.Component::dispatchEvent@2 (line 4836)
                      ; - java.awt.EventQueue::dispatchEventImpl@41 (line 734)
                      ; - java.awt.EventQueue::dispatchEvent@22 (line 711)
                      ; - java.awt.EventDispatchThread::pumpOneEventForFilters@81 (line 207)
                      ;   {runtime_call UncommonTrapBlob}
  0x00000001186a4dc4: bffe e297 | fd03 40f9 | ed0f 40b9 | 4117 8012 | ed33 0029 | ebc7 0129 

  0x00000001186a4ddc: ; ImmutableOopMap {rfp=Oop [0]=NarrowOop [4]=NarrowOop [12]=NarrowOop }
                      ;*ifeq {reexecute=1 rethrow=0 return_oop=0}
                      ; - (reexecute) jdk.internal.misc.Unsafe::getAndBitwiseAndInt@21 (line 3249)
                      ; - java.util.concurrent.locks.AbstractQueuedSynchronizer$Node::getAndUnsetStatus@10 (line 482)
                      ; - java.util.concurrent.locks.AbstractQueuedSynchronizer::signalNext@22 (line 645)
                      ; - java.util.concurrent.locks.AbstractQueuedSynchronizer::release@12 (line 1100)
                      ; - java.util.concurrent.locks.ReentrantLock::unlock@5 (line 495)
                      ; - java.awt.EventQueue::getNextEvent@31 (line 563)
                      ; - java.awt.EventDispatchThread::pumpOneEventForFilters@20 (line 194)
                      ;   {runtime_call UncommonTrapBlob}
  0x00000001186a4ddc: b9fe e297 | 4117 8012 | fd03 07aa | ec03 00b9 | eb3b 0129 

  0x00000001186a4df0: ; ImmutableOopMap {rfp=Oop [0]=NarrowOop [8]=NarrowOop }
                      ;*ifeq {reexecute=1 rethrow=0 return_oop=0}
                      ; - (reexecute) jdk.internal.misc.Unsafe::getAndBitwiseAndInt@21 (line 3249)
                      ; - java.util.concurrent.locks.AbstractQueuedSynchronizer$Node::getAndUnsetStatus@10 (line 482)
                      ; - java.util.concurrent.locks.AbstractQueuedSynchronizer::signalNext@22 (line 645)
                      ; - java.util.concurrent.locks.AbstractQueuedSynchronizer::release@12 (line 1100)
                      ; - java.util.concurrent.locks.ReentrantLock::unlock@5 (line 495)
                      ; - java.awt.EventQueue::setCurrentEventAndMostRecentTimeImpl@168 (line 1250)
                      ; - java.awt.EventQueue::dispatchEventImpl@14 (line 731)
                      ; - java.awt.EventQueue::dispatchEvent@22 (line 711)
                      ; - java.awt.EventDispatchThread::pumpOneEventForFilters@81 (line 207)
                      ;   {runtime_call UncommonTrapBlob}
  0x00000001186a4df0: b4fe e297 | fd03 40f9 | 2104 8012 | ea03 00b9 | eb07 00f9 

  0x00000001186a4e04: ; ImmutableOopMap {rfp=Oop [0]=NarrowOop [8]=Oop }
                      ;*invokeinterface setCanAccessSystemClipboard {reexecute=0 rethrow=0 return_oop=0}
                      ; - java.awt.AWTEvent::dispatched@15 (line 572)
                      ; - java.awt.EventQueue::dispatchEventImpl@45 (line 735)
                      ; - java.awt.EventQueue::dispatchEvent@22 (line 711)
                      ; - java.awt.EventDispatchThread::pumpOneEventForFilters@81 (line 207)
                      ;   {runtime_call UncommonTrapBlob}
  0x00000001186a4e04: affe e297 | fd03 40f9 | ea0f 40b9 | 4117 8012 | eab7 0029 

  0x00000001186a4e18: ; ImmutableOopMap {rfp=Oop [4]=NarrowOop [8]=NarrowOop [12]=NarrowOop }
                      ;*ifeq {reexecute=1 rethrow=0 return_oop=0}
                      ; - (reexecute) java.util.concurrent.locks.LockSupport::unpark@8 (line 180)
                      ; - java.util.concurrent.locks.AbstractQueuedSynchronizer::signalNext@30 (line 646)
                      ; - java.util.concurrent.locks.AbstractQueuedSynchronizer::release@12 (line 1100)
                      ; - java.util.concurrent.locks.ReentrantLock::unlock@5 (line 495)
                      ; - java.awt.EventQueue::getNextEvent@71 (line 563)
                      ; - java.awt.EventDispatchThread::pumpOneEventForFilters@20 (line 194)
                      ;   {runtime_call UncommonTrapBlob}
  0x00000001186a4e18: aafe e297 | fd03 40f9 | ea0f 40b9 | e10f 1f32 | eab7 0029 

  0x00000001186a4e2c: ; ImmutableOopMap {rfp=Oop [4]=NarrowOop [8]=NarrowOop [12]=NarrowOop }
                      ;*new {reexecute=0 rethrow=0 return_oop=0}
                      ; - java.util.concurrent.locks.ReentrantLock$NonfairSync::initialTryLock@39 (line 232)
                      ; - java.util.concurrent.locks.ReentrantLock$Sync::lock@1 (line 153)
                      ; - java.util.concurrent.locks.ReentrantLock::lock@4 (line 323)
                      ; - java.awt.EventQueue::getNextEvent@11 (line 553)
                      ; - java.awt.EventDispatchThread::pumpOneEventForFilters@20 (line 194)
                      ;   {runtime_call UncommonTrapBlob}
  0x00000001186a4e2c: a5fe e297 | ea0f 40b9 | e10f 1f32 | fd03 07aa | eab3 0029 | e00f 00b9 

  0x00000001186a4e44: ; ImmutableOopMap {rfp=Oop [4]=NarrowOop [8]=NarrowOop [12]=NarrowOop }
                      ;*new {reexecute=0 rethrow=0 return_oop=0}
                      ; - java.util.concurrent.locks.ReentrantLock$NonfairSync::initialTryLock@39 (line 232)
                      ; - java.util.concurrent.locks.ReentrantLock$Sync::lock@1 (line 153)
                      ; - java.util.concurrent.locks.ReentrantLock::lock@4 (line 323)
                      ; - java.awt.EventQueue::setCurrentEventAndMostRecentTimeImpl@4 (line 1215)
                      ; - java.awt.EventQueue::dispatchEventImpl@14 (line 731)
                      ; - java.awt.EventQueue::dispatchEvent@22 (line 711)
                      ; - java.awt.EventDispatchThread::pumpOneEventForFilters@81 (line 207)
                      ;   {runtime_call UncommonTrapBlob}
  0x00000001186a4e44: 9ffe e297 | fd03 40f9 | eb0f 40b9 | 4117 8012 | eb07 00b9 | eab3 0129 

  0x00000001186a4e5c: ; ImmutableOopMap {rfp=Oop [4]=NarrowOop [12]=NarrowOop }
                      ;*ifeq {reexecute=1 rethrow=0 return_oop=0}
                      ; - (reexecute) jdk.internal.misc.Unsafe::getAndBitwiseAndInt@21 (line 3249)
                      ; - java.util.concurrent.locks.AbstractQueuedSynchronizer$Node::getAndUnsetStatus@10 (line 482)
                      ; - java.util.concurrent.locks.AbstractQueuedSynchronizer::signalNext@22 (line 645)
                      ; - java.util.concurrent.locks.AbstractQueuedSynchronizer::release@12 (line 1100)
                      ; - java.util.concurrent.locks.ReentrantLock::unlock@5 (line 495)
                      ; - java.awt.EventQueue::getNextEvent@71 (line 563)
                      ; - java.awt.EventDispatchThread::pumpOneEventForFilters@20 (line 194)
                      ;   {runtime_call UncommonTrapBlob}
  0x00000001186a4e5c: 99fe e297 | fd03 40f9 | ea0f 40b9 | e10f 1f32 | eaaf 0029 

  0x00000001186a4e70: ; ImmutableOopMap {rfp=Oop [4]=NarrowOop [8]=NarrowOop [12]=NarrowOop }
                      ;*new {reexecute=0 rethrow=0 return_oop=0}
                      ; - java.util.concurrent.locks.ReentrantLock$NonfairSync::initialTryLock@39 (line 232)
                      ; - java.util.concurrent.locks.ReentrantLock$Sync::lock@1 (line 153)
                      ; - java.util.concurrent.locks.ReentrantLock::lock@4 (line 323)
                      ; - java.awt.EventQueue::getNextEvent@11 (line 553)
                      ; - java.awt.EventDispatchThread::pumpOneEventForFilters@20 (line 194)
                      ;   {runtime_call UncommonTrapBlob}
  0x00000001186a4e70: 94fe e297 | ea13 40b9 | ea0f 00b9 | ea17 40b9 | eb2b 40b9 | 4117 8012 | ea13 00b9 | eb03 0329 
  0x00000001186a4e90: ; ImmutableOopMap {rfp=Oop [0]=Oop [12]=NarrowOop [16]=NarrowOop [24]=NarrowOop [40]=NarrowOop }
                      ;*ifeq {reexecute=1 rethrow=0 return_oop=0}
                      ; - (reexecute) java.util.HashMap::getNode@131 (line 586)
                      ; - java.util.HashMap::get@2 (line 565)
                      ; - sun.awt.AppContext::get@36 (line 562)
                      ; - sun.awt.SunToolkit::flushPendingEvents@3 (line 550)
                      ; - java.awt.EventQueue::getNextEvent@4 (line 552)
                      ; - java.awt.EventDispatchThread::pumpOneEventForFilters@20 (line 194)
                      ;   {runtime_call UncommonTrapBlob}
  0x00000001186a4e90: 8cfe e297 | fd03 07aa | e60f 00f9 | e017 00f9 | f11f 00f9 | f003 00f9 | ef0b 00f9 | ed23 00b9 
  0x00000001186a4eb0: ec0b 00b9 | e21b 00f9 | e103 02aa | e283 0191 

  0x00000001186a4ec0: ; ImmutableOopMap {rfp=Oop [0]=Oop [8]=NarrowOop [12]=NarrowOop [16]=Oop [24]=Oop [40]=Oop [48]=Oop [56]=Derived_oop_[48] }
                      ;*monitorenter {reexecute=0 rethrow=0 return_oop=0}
                      ; - jdk.internal.logger.LazyLoggers$LazyLoggerAccessor::platform@14 (line 195)
                      ; - jdk.internal.logger.LazyLoggers$LazyLoggerWrapper::platformProxy@4 (line 332)
                      ; - jdk.internal.logger.AbstractLoggerWrapper::isLoggable@1 (line 122)
                      ; - sun.util.logging.PlatformLogger::isLoggable@17 (line 340)
                      ; - java.awt.EventDispatchThread::pumpOneEventForFilters@57 (line 203)
                      ;   {runtime_call C2 Runtime complete_monitor_locking}
  0x00000001186a4ec0: a014 e397 | e703 1daa | f003 40f9 | ec0b 40b9 | ef1b 41a9 | ed23 40b9 | e08b 42a9 | f11f 40f9 
  0x00000001186a4ee0: 14fd ff17 | f303 07aa | f603 06aa | f403 10aa | f503 0faa | f803 0d2a | f703 0c2a | e183 0191 
  0x00000001186a4f00: f903 00aa | e003 02aa | e203 1caa | c900 0010 | 890b 02f9 

  0x00000001186a4f14: ;   {runtime_call SharedRuntime::complete_monitor_unlocking_C(oopDesc*, BasicLock*, JavaThread*)}
  0x00000001186a4f14: 08c9 90d2 | e86d a1f2 | 2800 c0f2 | 0001 3fd6 | e703 13aa | f003 14aa | ef03 15aa | ec03 172a 
  0x00000001186a4f34: e603 16aa | ed03 182a | e003 19aa | 2dfd ff17 | e703 00f9 | ec0b 00b9 | e01b 00f9 | 4117 8012 
  0x00000001186a4f54: ; ImmutableOopMap {rfp=NarrowOop [0]=Oop [8]=NarrowOop [12]=NarrowOop [48]=Oop }
                      ;*ifnonnull {reexecute=1 rethrow=0 return_oop=0}
                      ; - (reexecute) jdk.internal.logger.AbstractLoggerWrapper::isLoggable@6 (line 123)
                      ; - sun.util.logging.PlatformLogger::isLoggable@17 (line 340)
                      ; - java.awt.EventDispatchThread::pumpOneEventForFilters@57 (line 203)
                      ;   {runtime_call UncommonTrapBlob}
  0x00000001186a4f54: 5bfe e297 | eb2b 40b9 | 4117 8012 | eb03 0329 

  0x00000001186a4f64: ; ImmutableOopMap {rfp=Oop [0]=Oop [12]=NarrowOop [24]=NarrowOop [32]=NarrowOop [40]=NarrowOop }
                      ;*ifeq {reexecute=1 rethrow=0 return_oop=0}
                      ; - (reexecute) java.util.HashMap::getNode@131 (line 586)
                      ; - java.util.HashMap::get@2 (line 565)
                      ; - sun.awt.AppContext::get@36 (line 562)
                      ; - sun.awt.SunToolkit::flushPendingEvents@3 (line 550)
                      ; - java.awt.EventQueue::getNextEvent@4 (line 552)
                      ; - java.awt.EventDispatchThread::pumpOneEventForFilters@20 (line 194)
                      ;   {runtime_call UncommonTrapBlob}
  0x00000001186a4f64: 57fe e297 | 6102 8012 | e703 00f9 | ec0b 00b9 | e00b 00f9 | e213 00f9 

  0x00000001186a4f7c: ; ImmutableOopMap {rfp=NarrowOop [0]=Oop [8]=NarrowOop [12]=NarrowOop [16]=Oop [32]=Oop }
                      ;*invokestatic getLogger {reexecute=0 rethrow=0 return_oop=0}
                      ; - jdk.internal.logger.LazyLoggers$LazyLoggerAccessor::platform@62 (line 206)
                      ; - jdk.internal.logger.LazyLoggers$LazyLoggerWrapper::platformProxy@4 (line 332)
                      ; - jdk.internal.logger.AbstractLoggerWrapper::isLoggable@1 (line 122)
                      ; - sun.util.logging.PlatformLogger::isLoggable@17 (line 340)
                      ; - java.awt.EventDispatchThread::pumpOneEventForFilters@57 (line 203)
                      ;   {runtime_call UncommonTrapBlob}
  0x00000001186a4f7c: 51fe e297 | f303 07aa | f603 06aa | fd03 11aa | f403 10aa | f503 0faa | f803 0d2a | f703 0c2a 
  0x00000001186a4f9c: e103 00f9 | e183 0191 | f903 00aa | fa03 02aa | e003 02aa | e203 1caa | c900 0010 | 890b 02f9 
  0x00000001186a4fbc: ;   {runtime_call SharedRuntime::complete_monitor_unlocking_C(oopDesc*, BasicLock*, JavaThread*)}
  0x00000001186a4fbc: 08c9 90d2 | e86d a1f2 | 2800 c0f2 | 0001 3fd6 | e703 13aa | f003 14aa | ef03 15aa | ec03 172a 
  0x00000001186a4fdc: e603 16aa | ed03 182a | e003 19aa | e203 1aaa | f103 1daa | e103 40f9 | 41fd ff17 | e103 0daa 
  0x00000001186a4ffc: e283 0191 

  0x00000001186a5000: ; ImmutableOopMap {rfp=Oop [64]=Derived_oop_rfp [56]=Derived_oop_rfp [0]=Oop [8]=NarrowOop [12]=NarrowOop [16]=Oop [24]=Oop [32]=Oop [48]=Oop [72]=Oop }
                      ;*monitorenter {reexecute=0 rethrow=0 return_oop=0}
                      ; - jdk.internal.logger.LazyLoggers$LazyLoggerAccessor::platform@69 (line 207)
                      ; - jdk.internal.logger.LazyLoggers$LazyLoggerWrapper::platformProxy@4 (line 332)
                      ; - jdk.internal.logger.AbstractLoggerWrapper::isLoggable@1 (line 122)
                      ; - sun.util.logging.PlatformLogger::isLoggable@17 (line 340)
                      ; - java.awt.EventDispatchThread::pumpOneEventForFilters@57 (line 203)
                      ;   {runtime_call C2 Runtime complete_monitor_locking}
  0x00000001186a5000: 5014 e397 | ed03 1daa | 6bfd ff17 | e183 0191 | e203 1caa | e003 0daa | c900 0010 | 890b 02f9 
  0x00000001186a5020: ;   {runtime_call SharedRuntime::complete_monitor_unlocking_C(oopDesc*, BasicLock*, JavaThread*)}
  0x00000001186a5020: 08c9 90d2 | e86d a1f2 | 2800 c0f2 | 0001 3fd6 | 95fd ff17 | fd03 40f9 | ea0f 40b9 | 4117 8012 
  0x00000001186a5040: ea07 00b9 | eeb3 0129 | eb17 00b9 

  0x00000001186a504c: ; ImmutableOopMap {rfp=Oop [4]=NarrowOop [12]=NarrowOop [16]=NarrowOop }
                      ;*lookupswitch {reexecute=1 rethrow=0 return_oop=0}
                      ; - (reexecute) java.awt.EventQueue::eventToCacheIndex@4 (line 506)
                      ; - java.awt.EventQueue::uncacheEQItem@4 (line 488)
                      ; - java.awt.EventQueue::getNextEventPrivate@60 (line 579)
                      ; - java.awt.EventQueue::getNextEvent@17 (line 555)
                      ; - java.awt.EventDispatchThread::pumpOneEventForFilters@20 (line 194)
                      ;   {runtime_call UncommonTrapBlob}
  0x00000001186a504c: 1dfe e297 | 2104 8012 | fd03 13aa | f5d3 0029 

  0x00000001186a505c: ; ImmutableOopMap {rfp=Oop [4]=NarrowOop [8]=NarrowOop }
                      ;*checkcast {reexecute=0 rethrow=0 return_oop=0}
                      ; - sun.awt.SunToolkit::flushPendingEvents@6 (line 550)
                      ; - java.awt.EventQueue::getNextEvent@4 (line 552)
                      ; - java.awt.EventDispatchThread::pumpOneEventForFilters@20 (line 194)
                      ;   {runtime_call UncommonTrapBlob}
  0x00000001186a505c: 19fe e297 | 2104 8012 | e70b 00f9 | e32f 0329 | ea23 00b9 

  0x00000001186a5070: ; ImmutableOopMap {rfp=NarrowOop [12]=NarrowOop [16]=Oop [24]=NarrowOop [32]=NarrowOop }
                      ;*checkcast {reexecute=0 rethrow=0 return_oop=0}
                      ; - java.awt.EventDispatchThread::filterAndCheckEvent@34 (line 172)
                      ; - java.awt.EventDispatchThread::pumpOneEventForFilters@35 (line 196)
                      ;   {runtime_call UncommonTrapBlob}
  0x00000001186a5070: 14fe e297 | fd03 40f9 | eb0f 40b9 | 2104 8012 | ebcf 0029 

  0x00000001186a5084: ; ImmutableOopMap {rfp=Oop [4]=NarrowOop [8]=NarrowOop [12]=NarrowOop }
                      ;*checkcast {reexecute=0 rethrow=0 return_oop=0}
                      ; - sun.awt.SunToolkit::flushPendingEvents@6 (line 550)
                      ; - java.awt.EventQueue::getNextEvent@4 (line 552)
                      ; - java.awt.EventDispatchThread::pumpOneEventForFilters@20 (line 194)
                      ;   {runtime_call UncommonTrapBlob}
  0x00000001186a5084: 0ffe e297 | fd03 40f9 | 2104 8012 | ea03 00b9 

  0x00000001186a5094: ; ImmutableOopMap {rfp=Oop [0]=NarrowOop [8]=NarrowOop }
                      ;*checkcast {reexecute=0 rethrow=0 return_oop=0}
                      ; - java.awt.AWTEvent::dispatched@11 (line 571)
                      ; - java.awt.EventQueue::dispatchEventImpl@45 (line 735)
                      ; - java.awt.EventQueue::dispatchEvent@22 (line 711)
                      ; - java.awt.EventDispatchThread::pumpOneEventForFilters@81 (line 207)
                      ;   {runtime_call UncommonTrapBlob}
  0x00000001186a5094: 0bfe e297 | eb0f 40b9 | 2104 8012 | fd03 07aa | ebb3 0029 | ec0f 00b9 

  0x00000001186a50ac: ; ImmutableOopMap {rfp=Oop [4]=NarrowOop [8]=NarrowOop [12]=NarrowOop }
                      ;*checkcast {reexecute=0 rethrow=0 return_oop=0}
                      ; - java.awt.EventQueue::setCurrentEventAndMostRecentTimeImpl@59 (line 1233)
                      ; - java.awt.EventQueue::dispatchEventImpl@14 (line 731)
                      ; - java.awt.EventQueue::dispatchEvent@22 (line 711)
                      ; - java.awt.EventDispatchThread::pumpOneEventForFilters@81 (line 207)
                      ;   {runtime_call UncommonTrapBlob}
  0x00000001186a50ac: 05fe e297 | fd03 40f9 | ea0f 40b9 | 2101 8012 | ea07 00b9 

  0x00000001186a50c0: ; ImmutableOopMap {rfp=Oop [4]=NarrowOop [12]=NarrowOop }
                      ;*getfield head {reexecute=1 rethrow=0 return_oop=0}
                      ; - (reexecute) java.awt.EventQueue::getNextEventPrivate@12 (line 573)
                      ; - java.awt.EventQueue::getNextEvent@17 (line 555)
                      ; - java.awt.EventDispatchThread::pumpOneEventForFilters@20 (line 194)
                      ;   {runtime_call UncommonTrapBlob}
  0x00000001186a50c0: 00fe e297 | fd03 00aa | 0600 0014 | fd03 00aa | 0400 0014 | fd03 00aa | 0200 0014 | fd03 00aa 
  0x00000001186a50e0: 410d 8012 

  0x00000001186a50e4: ; ImmutableOopMap {rfp=Oop [0]=Oop [12]=NarrowOop }
                      ;*astore_3 {reexecute=0 rethrow=0 return_oop=0}
                      ; - java.awt.EventQueue::getNextEvent@79 (line 563)
                      ; - java.awt.EventDispatchThread::pumpOneEventForFilters@20 (line 194)
                      ;   {runtime_call UncommonTrapBlob}
  0x00000001186a50e4: f7fd e297 | 2101 8012 | fd03 13aa 

  0x00000001186a50f0: ; ImmutableOopMap {rfp=Oop }
                      ;*invokevirtual getNextEvent {reexecute=0 rethrow=0 return_oop=0}
                      ; - java.awt.EventDispatchThread::pumpOneEventForFilters@20 (line 194)
                      ;   {runtime_call UncommonTrapBlob}
  0x00000001186a50f0: f4fd e297 | 2101 8012 | fd03 13aa | f507 00b9 

  0x00000001186a5100: ; ImmutableOopMap {rfp=Oop [4]=NarrowOop }
                      ;*invokevirtual get {reexecute=0 rethrow=0 return_oop=0}
                      ; - sun.awt.SunToolkit::flushPendingEvents@3 (line 550)
                      ; - java.awt.EventQueue::getNextEvent@4 (line 552)
                      ; - java.awt.EventDispatchThread::pumpOneEventForFilters@20 (line 194)
                      ;   {runtime_call UncommonTrapBlob}
  0x00000001186a5100: f0fd e297 | 6101 8012 | fd03 13aa | f507 00b9 

  0x00000001186a5110: ; ImmutableOopMap {rfp=Oop [4]=NarrowOop }
                      ;*checkcast {reexecute=0 rethrow=0 return_oop=0}
                      ; - sun.awt.SunToolkit::flushPendingEvents@6 (line 550)
                      ; - java.awt.EventQueue::getNextEvent@4 (line 552)
                      ; - java.awt.EventDispatchThread::pumpOneEventForFilters@20 (line 194)
                      ;   {runtime_call UncommonTrapBlob}
  0x00000001186a5110: ecfd e297 | fd03 40f9 | ea0f 40b9 | 2101 8012 | ea07 00b9 

  0x00000001186a5124: ; ImmutableOopMap {rfp=Oop [4]=NarrowOop [12]=NarrowOop }
                      ;*invokeinterface lock {reexecute=0 rethrow=0 return_oop=0}
                      ; - java.awt.EventQueue::getNextEvent@11 (line 553)
                      ; - java.awt.EventDispatchThread::pumpOneEventForFilters@20 (line 194)
                      ;   {runtime_call UncommonTrapBlob}
  0x00000001186a5124: e7fd e297 | fd03 40f9 | eb0f 40b9 | 2101 8012 | eb07 00b9 

  0x00000001186a5138: ; ImmutableOopMap {rfp=Oop [4]=NarrowOop [12]=NarrowOop }
                      ;*invokevirtual getID {reexecute=0 rethrow=0 return_oop=0}
                      ; - java.awt.EventQueue::eventToCacheIndex@1 (line 506)
                      ; - java.awt.EventQueue::uncacheEQItem@4 (line 488)
                      ; - java.awt.EventQueue::getNextEventPrivate@60 (line 579)
                      ; - java.awt.EventQueue::getNextEvent@17 (line 555)
                      ; - java.awt.EventDispatchThread::pumpOneEventForFilters@20 (line 194)
                      ;   {runtime_call UncommonTrapBlob}
  0x00000001186a5138: e2fd e297 | fd03 40f9 | 2101 8012 | ec07 00b9 

  0x00000001186a5148: ; ImmutableOopMap {rfp=Oop [4]=NarrowOop [12]=NarrowOop }
                      ;*invokeinterface unlock {reexecute=0 rethrow=0 return_oop=0}
                      ; - java.awt.EventQueue::getNextEvent@31 (line 563)
                      ; - java.awt.EventDispatchThread::pumpOneEventForFilters@20 (line 194)
                      ;   {runtime_call UncommonTrapBlob}
  0x00000001186a5148: defd e297 | 2101 8012 | e70b 00f9 | ec1b 00b9 

  0x00000001186a5158: ; ImmutableOopMap {rfp=NarrowOop [12]=NarrowOop [16]=Oop [24]=NarrowOop }
                      ;*invokevirtual size {reexecute=0 rethrow=0 return_oop=0}
                      ; - java.awt.EventDispatchThread::filterAndCheckEvent@13 (line 171)
                      ; - java.awt.EventDispatchThread::pumpOneEventForFilters@35 (line 196)
                      ;   {runtime_call UncommonTrapBlob}
  0x00000001186a5158: dafd e297 | 2101 8012 | fd03 07aa | ec03 00b9 

  0x00000001186a5168: ; ImmutableOopMap {rfp=Oop [0]=NarrowOop [12]=NarrowOop }
                      ;*invokeinterface isLoggable {reexecute=0 rethrow=0 return_oop=0}
                      ; - sun.util.logging.PlatformLogger::isLoggable@17 (line 340)
                      ; - java.awt.EventDispatchThread::pumpOneEventForFilters@57 (line 203)
                      ;   {runtime_call UncommonTrapBlob}
  0x00000001186a5168: d6fd e297 | 2101 8012 | fd03 07aa | ec03 00b9 

  0x00000001186a5178: ; ImmutableOopMap {rfp=Oop [0]=NarrowOop [12]=NarrowOop }
                      ;*invokeinterface platform {reexecute=0 rethrow=0 return_oop=0}
                      ; - jdk.internal.logger.LazyLoggers$LazyLoggerWrapper::platformProxy@4 (line 332)
                      ; - jdk.internal.logger.AbstractLoggerWrapper::isLoggable@1 (line 122)
                      ; - sun.util.logging.PlatformLogger::isLoggable@17 (line 340)
                      ; - java.awt.EventDispatchThread::pumpOneEventForFilters@57 (line 203)
                      ;   {runtime_call UncommonTrapBlob}
  0x00000001186a5178: d2fd e297 | 6101 8012 | e70b 00f9 | e32f 0329 

  0x00000001186a5188: ; ImmutableOopMap {rfp=NarrowOop [12]=NarrowOop [16]=Oop [24]=NarrowOop }
                      ;*checkcast {reexecute=0 rethrow=0 return_oop=0}
                      ; - java.awt.EventDispatchThread::filterAndCheckEvent@34 (line 172)
                      ; - java.awt.EventDispatchThread::pumpOneEventForFilters@35 (line 196)
                      ;   {runtime_call UncommonTrapBlob}
  0x00000001186a5188: cefd e297 | 2101 8012 | fd03 07aa | ec0b 00b9 

  0x00000001186a5198: ; ImmutableOopMap {rfp=Oop [8]=NarrowOop [12]=NarrowOop }
                      ;*invokeinterface lock {reexecute=0 rethrow=0 return_oop=0}
                      ; - java.awt.EventQueue::setCurrentEventAndMostRecentTimeImpl@4 (line 1215)
                      ; - java.awt.EventQueue::dispatchEventImpl@14 (line 731)
                      ; - java.awt.EventQueue::dispatchEvent@22 (line 711)
                      ; - java.awt.EventDispatchThread::pumpOneEventForFilters@81 (line 207)
                      ;   {runtime_call UncommonTrapBlob}
  0x00000001186a5198: cafd e297 | 2101 8012 | fd03 07aa | ec03 00b9 

  0x00000001186a51a8: ; ImmutableOopMap {rfp=Oop [0]=NarrowOop }
                      ;*invokeinterface unlock {reexecute=0 rethrow=0 return_oop=0}
                      ; - java.awt.EventQueue::setCurrentEventAndMostRecentTimeImpl@168 (line 1250)
                      ; - java.awt.EventQueue::dispatchEventImpl@14 (line 731)
                      ; - java.awt.EventQueue::dispatchEvent@22 (line 711)
                      ; - java.awt.EventDispatchThread::pumpOneEventForFilters@81 (line 207)
                      ;   {runtime_call UncommonTrapBlob}
  0x00000001186a51a8: c6fd e297 | 4117 8012 | fd03 13aa | f5b3 0029 | edaf 0229 

  0x00000001186a51bc: ; ImmutableOopMap {rfp=Oop [4]=NarrowOop [8]=NarrowOop [20]=NarrowOop [24]=NarrowOop }
                      ;*ifnull {reexecute=1 rethrow=0 return_oop=0}
                      ; - (reexecute) sun.awt.AppContext::get@13 (line 558)
                      ; - sun.awt.SunToolkit::flushPendingEvents@3 (line 550)
                      ; - java.awt.EventQueue::getNextEvent@4 (line 552)
                      ; - java.awt.EventDispatchThread::pumpOneEventForFilters@20 (line 194)
                      ;   {runtime_call UncommonTrapBlob}
  0x00000001186a51bc: c1fd e297 | 2101 8012 | fd03 13aa | f5b3 0029 | eb13 00b9 

  0x00000001186a51d0: ; ImmutableOopMap {rfp=Oop [4]=NarrowOop [8]=NarrowOop [16]=NarrowOop }
                      ;*invokeinterface get {reexecute=0 rethrow=0 return_oop=0}
                      ; - sun.awt.AppContext::get@36 (line 562)
                      ; - sun.awt.SunToolkit::flushPendingEvents@3 (line 550)
                      ; - java.awt.EventQueue::getNextEvent@4 (line 552)
                      ; - java.awt.EventDispatchThread::pumpOneEventForFilters@20 (line 194)
                      ;   {runtime_call UncommonTrapBlob}
  0x00000001186a51d0: bcfd e297 | fd03 40f9 | ea0f 40b9 | 6101 8012 | ea07 00b9 | eec7 0129 

  0x00000001186a51e8: ; ImmutableOopMap {rfp=Oop [4]=NarrowOop [12]=NarrowOop }
                      ;*instanceof {reexecute=0 rethrow=0 return_oop=0}
                      ; - java.awt.EventQueue::uncacheEQItem@20 (line 489)
                      ; - java.awt.EventQueue::getNextEventPrivate@60 (line 579)
                      ; - java.awt.EventQueue::getNextEvent@17 (line 555)
                      ; - java.awt.EventDispatchThread::pumpOneEventForFilters@20 (line 194)
                      ;   {runtime_call UncommonTrapBlob}
  0x00000001186a51e8: b6fd e297 | fd03 40f9 | ea0f 40b9 | 2101 8012 | ea07 00b9 

  0x00000001186a51fc: ; ImmutableOopMap {rfp=Oop [4]=NarrowOop [12]=NarrowOop }
                      ;*invokeinterface await {reexecute=0 rethrow=0 return_oop=0}
                      ; - java.awt.EventQueue::getNextEvent@62 (line 561)
                      ; - java.awt.EventDispatchThread::pumpOneEventForFilters@20 (line 194)
                      ;   {runtime_call UncommonTrapBlob}
  0x00000001186a51fc: b1fd e297 | fd03 40f9 | ea0f 40b9 | 2101 8012 | ea07 00b9 

  0x00000001186a5210: ; ImmutableOopMap {rfp=Oop [4]=NarrowOop [12]=NarrowOop }
                      ;*invokeinterface unlock {reexecute=0 rethrow=0 return_oop=0}
                      ; - java.awt.EventQueue::getNextEvent@71 (line 563)
                      ; - java.awt.EventDispatchThread::pumpOneEventForFilters@20 (line 194)
                      ;   {runtime_call UncommonTrapBlob}
  0x00000001186a5210: acfd e297 | fd03 40f9 | eb0f 40b9 | 2101 8012 | eb07 00b9 

  0x00000001186a5224: ; ImmutableOopMap {rfp=Oop [4]=NarrowOop [12]=NarrowOop }
                      ;*invokevirtual get {reexecute=0 rethrow=0 return_oop=0}
                      ; - sun.awt.SunToolkit::flushPendingEvents@3 (line 550)
                      ; - java.awt.EventQueue::getNextEvent@4 (line 552)
                      ; - java.awt.EventDispatchThread::pumpOneEventForFilters@20 (line 194)
                      ;   {runtime_call UncommonTrapBlob}
  0x00000001186a5224: a7fd e297 | fd03 40f9 | ea0f 40b9 | 6101 8012 | ea07 00b9 

  0x00000001186a5238: ; ImmutableOopMap {rfp=Oop [4]=NarrowOop [12]=NarrowOop }
                      ;*checkcast {reexecute=0 rethrow=0 return_oop=0}
                      ; - sun.awt.SunToolkit::flushPendingEvents@6 (line 550)
                      ; - java.awt.EventQueue::getNextEvent@4 (line 552)
                      ; - java.awt.EventDispatchThread::pumpOneEventForFilters@20 (line 194)
                      ;   {runtime_call UncommonTrapBlob}
  0x00000001186a5238: a2fd e297 | fd03 40f9 | ea0f 40b9 | 2101 8012 | ea07 00b9 

  0x00000001186a524c: ; ImmutableOopMap {rfp=Oop [4]=NarrowOop [12]=NarrowOop }
                      ;*invokeinterface lock {reexecute=0 rethrow=0 return_oop=0}
                      ; - java.awt.EventQueue::getNextEvent@11 (line 553)
                      ; - java.awt.EventDispatchThread::pumpOneEventForFilters@20 (line 194)
                      ;   {runtime_call UncommonTrapBlob}
  0x00000001186a524c: 9dfd e297 | fd03 40f9 | ea0f 40b9 | 4117 8012 | eabb 0029 | eb0f 00b9 

  0x00000001186a5264: ; ImmutableOopMap {rfp=Oop [4]=NarrowOop [8]=NarrowOop [12]=NarrowOop }
                      ;*ifnonnull {reexecute=1 rethrow=0 return_oop=0}
                      ; - (reexecute) java.awt.EventQueue::uncacheEQItem@41 (line 491)
                      ; - java.awt.EventQueue::getNextEventPrivate@60 (line 579)
                      ; - java.awt.EventQueue::getNextEvent@17 (line 555)
                      ; - java.awt.EventDispatchThread::pumpOneEventForFilters@20 (line 194)
                      ;   {runtime_call UncommonTrapBlob}
  0x00000001186a5264: 97fd e297 | fd03 40f9 | ed0f 40b9 | 4117 8012 | edb3 0029 | eeaf 0229 

  0x00000001186a527c: ; ImmutableOopMap {rfp=Oop [4]=NarrowOop [8]=NarrowOop [20]=NarrowOop [24]=NarrowOop }
                      ;*ifnull {reexecute=1 rethrow=0 return_oop=0}
                      ; - (reexecute) sun.awt.AppContext::get@13 (line 558)
                      ; - sun.awt.SunToolkit::flushPendingEvents@3 (line 550)
                      ; - java.awt.EventQueue::getNextEvent@4 (line 552)
                      ; - java.awt.EventDispatchThread::pumpOneEventForFilters@20 (line 194)
                      ;   {runtime_call UncommonTrapBlob}
  0x00000001186a527c: 91fd e297 | fd03 40f9 | ed0f 40b9 | 2101 8012 | edb3 0029 | eb13 00b9 

  0x00000001186a5294: ; ImmutableOopMap {rfp=Oop [4]=NarrowOop [8]=NarrowOop [16]=NarrowOop }
                      ;*invokeinterface get {reexecute=0 rethrow=0 return_oop=0}
                      ; - sun.awt.AppContext::get@36 (line 562)
                      ; - sun.awt.SunToolkit::flushPendingEvents@3 (line 550)
                      ; - java.awt.EventQueue::getNextEvent@4 (line 552)
                      ; - java.awt.EventDispatchThread::pumpOneEventForFilters@20 (line 194)
                      ;   {runtime_call UncommonTrapBlob}
  0x00000001186a5294: 8bfd e297 | 6101 8012 | fd03 07aa | ec07 00b9 

  0x00000001186a52a4: ; ImmutableOopMap {rfp=Oop [4]=NarrowOop [12]=NarrowOop }
                      ;*instanceof {reexecute=0 rethrow=0 return_oop=0}
                      ; - java.awt.EventQueue::dispatchEventImpl@30 (line 733)
                      ; - java.awt.EventQueue::dispatchEvent@22 (line 711)
                      ; - java.awt.EventDispatchThread::pumpOneEventForFilters@81 (line 207)
                      ;   {runtime_call UncommonTrapBlob}
  0x00000001186a52a4: 87fd e297 | fd03 00aa | 0400 0014 | fd03 00aa | 0200 0014 | fd03 00aa | ea13 40b9 | 410d 8012 
  0x00000001186a52c4: ea0f 00b9 

  0x00000001186a52c8: ; ImmutableOopMap {rfp=Oop [0]=Oop [12]=NarrowOop [40]=NarrowOop }
                      ;*astore {reexecute=0 rethrow=0 return_oop=0}
                      ; - sun.awt.AppContext::get@116 (line 573)
                      ; - sun.awt.SunToolkit::flushPendingEvents@3 (line 550)
                      ; - java.awt.EventQueue::getNextEvent@4 (line 552)
                      ; - java.awt.EventDispatchThread::pumpOneEventForFilters@20 (line 194)
                      ;   {runtime_call UncommonTrapBlob}
  0x00000001186a52c8: 7efd e297 | fd03 40f9 | ec0b 40b9 | 4117 8012 | ec03 00b9 | ea0b 00b9 

  0x00000001186a52e0: ; ImmutableOopMap {rfp=Oop [0]=NarrowOop [8]=NarrowOop }
                      ;*ifnonnull {reexecute=1 rethrow=0 return_oop=0}
                      ; - (reexecute) sun.awt.AWTAccessor::getInputEventAccessor@5 (line 1000)
                      ; - java.awt.AWTEvent::dispatched@7 (line 571)
                      ; - java.awt.EventQueue::dispatchEventImpl@45 (line 735)
                      ; - java.awt.EventQueue::dispatchEvent@22 (line 711)
                      ; - java.awt.EventDispatchThread::pumpOneEventForFilters@81 (line 207)
                      ;   {runtime_call UncommonTrapBlob}
  0x00000001186a52e0: 78fd e297 | fd03 00aa | 0400 0014 | fd03 00aa | 0200 0014 | fd03 00aa | 410d 8012 

  0x00000001186a52fc: ; ImmutableOopMap {rfp=Oop [0]=Oop [12]=NarrowOop [40]=NarrowOop }
                      ;*astore {reexecute=0 rethrow=0 return_oop=0}
                      ; - sun.awt.AppContext::get@116 (line 573)
                      ; - sun.awt.SunToolkit::flushPendingEvents@3 (line 550)
                      ; - java.awt.EventQueue::getNextEvent@4 (line 552)
                      ; - java.awt.EventDispatchThread::pumpOneEventForFilters@20 (line 194)
                      ;   {runtime_call UncommonTrapBlob}
  0x00000001186a52fc: 71fd e297 | e00b 00f9 | 410d 8012 | fd03 40f9 

  0x00000001186a530c: ; ImmutableOopMap {rfp=Oop [8]=NarrowOop [12]=NarrowOop [16]=Oop }
                      ;*astore {reexecute=0 rethrow=0 return_oop=0}
                      ; - java.awt.EventQueue::setCurrentEventAndMostRecentTimeImpl@176 (line 1250)
                      ; - java.awt.EventQueue::dispatchEventImpl@14 (line 731)
                      ; - java.awt.EventQueue::dispatchEvent@22 (line 711)
                      ; - java.awt.EventDispatchThread::pumpOneEventForFilters@81 (line 207)
                      ;   {runtime_call UncommonTrapBlob}
  0x00000001186a530c: 6dfd e297 | ea0f 40b9 | ea07 00b9 | eb0b 40b9 | ea1b 40f9 | 410d 8012 | eb03 00b9 | ea83 01a9 
  0x00000001186a532c: ; ImmutableOopMap {rfp=Oop [0]=NarrowOop [4]=NarrowOop [24]=Oop [32]=Oop [40]=Oop [48]=Oop }
                      ;*astore_3 {reexecute=0 rethrow=0 return_oop=0}
                      ; - jdk.internal.logger.LazyLoggers$LazyLoggerAccessor::platform@52 (line 200)
                      ; - jdk.internal.logger.LazyLoggers$LazyLoggerWrapper::platformProxy@4 (line 332)
                      ; - jdk.internal.logger.AbstractLoggerWrapper::isLoggable@1 (line 122)
                      ; - sun.util.logging.PlatformLogger::isLoggable@17 (line 340)
                      ; - java.awt.EventDispatchThread::pumpOneEventForFilters@57 (line 203)
                      ;   {runtime_call UncommonTrapBlob}
  0x00000001186a532c: 65fd e297 | fd03 00aa | 0200 0014 | fd03 00aa | ea2b 40f9 | 410d 8012 | ea13 00f9 

  0x00000001186a5348: ; ImmutableOopMap {rfp=Oop [0]=Oop [8]=NarrowOop [12]=NarrowOop [32]=Oop [48]=Oop [80]=Oop }
                      ;*astore {reexecute=0 rethrow=0 return_oop=0}
                      ; - jdk.internal.logger.LazyLoggers$LazyLoggerAccessor::platform@100 (line 212)
                      ; - jdk.internal.logger.LazyLoggers$LazyLoggerWrapper::platformProxy@4 (line 332)
                      ; - jdk.internal.logger.AbstractLoggerWrapper::isLoggable@1 (line 122)
                      ; - sun.util.logging.PlatformLogger::isLoggable@17 (line 340)
                      ; - java.awt.EventDispatchThread::pumpOneEventForFilters@57 (line 203)
                      ;   {runtime_call UncommonTrapBlob}
  0x00000001186a5348: 5efd e297 | fd03 00aa | 3600 0014 | 0b08 40b9 

  0x00000001186a5358: ;   {metadata('java/lang/InterruptedException')}
  0x00000001186a5358: 6a07 a0d2 | 0a23 99f2 | 7f01 0a6b | 41ff ff54 | fd03 00aa | 2a00 0014 | 0b08 40b9 | 6a0d 5cd2 
  0x00000001186a5378: 1800 0014 | 0b08 40b9 | 6a0d 5cd2 | 1e00 0014 | 0b08 40b9 | 6a0d 5cd2 | 1200 0014 | 0a08 40b9 
  0x00000001186a5398: 4a0d 5cd2 | 0f00 0014 | 0b08 40b9 | 6a0d 5cd2 | 1500 0014 | 0b08 40b9 | 6a0d 5cd2 | 1200 0014 
  0x00000001186a53b8: 0a08 40b9 | 4a0d 5cd2 | 0600 0014 | 0a08 40b9 | 4a0d 5cd2 | 0300 0014 | 0a08 40b9 | 4a0d 5cd2 
  0x00000001186a53d8: ;   {metadata('java/lang/InterruptedException')}
  0x00000001186a53d8: 0b23 99d2 | 6b07 a0f2 | 0b1e c0f2 | 5f01 0beb | a101 0054 | fd03 00aa | 0900 0014 | 0a08 40b9 
  0x00000001186a53f8: 4a0d 5cd2 

  0x00000001186a53fc: ;   {metadata('java/lang/InterruptedException')}
  0x00000001186a53fc: 0b23 99d2 | 6b07 a0f2 | 0b1e c0f2 | 5f01 0beb | c100 0054 | fd03 00aa | 410d 8012 

  0x00000001186a5418: ; ImmutableOopMap {rfp=Oop [0]=Oop }
                      ;*astore {reexecute=0 rethrow=0 return_oop=0}
                      ; - java.awt.EventDispatchThread::pumpOneEventForFilters@87 (line 209)
                      ;   {runtime_call UncommonTrapBlob}
  0x00000001186a5418: 2afd e297 | fd03 00aa | 0200 0014 | fd03 00aa | 410d 8012 

  0x00000001186a542c: ; ImmutableOopMap {rfp=Oop [0]=Oop }
                      ;*astore {reexecute=0 rethrow=0 return_oop=0}
                      ; - java.awt.EventDispatchThread::pumpOneEventForFilters@97 (line 213)
                      ;   {runtime_call UncommonTrapBlob}
  0x00000001186a542c: 25fd e297 | a101 40b9 | 4100 00b4 | 610f 018b | 01bc feb4 | 821f 40f9 | c200 00b4 | 4220 00d1 
  0x00000001186a544c: 821f 00f9 | 8023 40f9 | 0168 22f8 | d9f5 ff17 | ea37 bda9 | ee3f 01a9 | f047 02a9 | e003 01aa 
  0x00000001186a546c: e103 1caa | 8806 96d2 | a862 a1f2 | 2800 c0f2 | 0001 3fd6 | ee3f 41a9 | f047 42a9 | ea37 c3a8 
  0x00000001186a548c: ccf5 ff17 | bf3b 03d5 | 4000 4039 | 00bb fe34 | 5f00 0039 | 802b 40f9 | c000 00b4 | 0020 00d1 
  0x00000001186a54ac: 802b 00f9 | 882f 40f9 | 0269 20f8 | d0f5 ff17 | ee3f bea9 | f047 01a9 | e003 02aa | e103 1caa 
  0x00000001186a54cc: 880b 96d2 | a862 a1f2 | 2800 c0f2 | 0001 3fd6 | f047 41a9 | ee3f c2a8 | c5f5 ff17 | 8d01 40b9 
  0x00000001186a54ec: 4d00 00b4 | 6d0f 0d8b | cdb8 feb4 | 801f 40f9 | c000 00b4 | 0020 00d1 | 801f 00f9 | 8123 40f9 
  0x00000001186a550c: 2d68 20f8 | bff5 ff17 | ea33 bda9 | ee3f 01a9 | f047 02a9 | e003 0daa | e103 1caa | 8806 96d2 
  0x00000001186a552c: a862 a1f2 | 2800 c0f2 | 0001 3fd6 | ee3f 41a9 | f047 42a9 | ea33 c3a8 | b2f5 ff17 | bf3b 03d5 
  0x00000001186a554c: 0100 4039 | c1b7 fe34 | 1f00 0039 | 812b 40f9 | c100 00b4 | 2120 00d1 | 812b 00f9 | 882f 40f9 
  0x00000001186a556c: 0069 21f8 | b6f5 ff17 | ee3f bea9 | f047 01a9 | e103 1caa | 880b 96d2 | a862 a1f2 | 2800 c0f2 
  0x00000001186a558c: 0001 3fd6 | f047 41a9 | ee3f c2a8 | acf5 ff17 | 6a01 40b9 | 4a00 00b4 | 6a0f 0a8b | 6ab5 feb4 
  0x00000001186a55ac: 8c1f 40f9 | cc00 00b4 | 8c21 00d1 | 8c1f 00f9 | 8d23 40f9 | aa69 2cf8 | a4f5 ff17 | eb3b bea9 
  0x00000001186a55cc: ef47 01a9 | e003 0aaa | e103 1caa | 8806 96d2 | a862 a1f2 | 2800 c0f2 | 0001 3fd6 | ef47 41a9 
  0x00000001186a55ec: eb3b c2a8 | 99f5 ff17 | bf3b 03d5 | 8d01 4039 | adb4 fe34 | 9f01 0039 | 8d2b 40f9 | cd00 00b4 
  0x00000001186a560c: ad21 00d1 | 8d2b 00f9 | 882f 40f9 | 0c69 2df8 | 9df5 ff17 | ee3f bea9 | f17f 01a9 | e003 0caa 
  0x00000001186a562c: e103 1caa | 880b 96d2 | a862 a1f2 | 2800 c0f2 | 0001 3fd6 | f17f 41a9 | ee3f c2a8 | 92f5 ff17 
  0x00000001186a564c: ea01 40b9 | 4a00 00b4 | 6a0f 0a8b | 2ab2 feb4 | 8b1f 40f9 | cb00 00b4 | 6b21 00d1 | 8b1f 00f9 
  0x00000001186a566c: 9023 40f9 | 0a6a 2bf8 | 8af5 ff17 | ee3f bea9 | f17f 01a9 | e003 0aaa | e103 1caa | 8806 96d2 
  0x00000001186a568c: a862 a1f2 | 2800 c0f2 | 0001 3fd6 | f17f 41a9 | ee3f c2a8 | 7ff5 ff17 | bf3b 03d5 | 7001 4039 
  0x00000001186a56ac: 70b1 fe34 | 7f01 0039 | 902b 40f9 | d000 00b4 | 1022 00d1 | 902b 00f9 | 882f 40f9 | 0b69 30f8 
  0x00000001186a56cc: 83f5 ff17 | f17f bfa9 | e003 0baa | e103 1caa | 880b 96d2 | a862 a1f2 | 2800 c0f2 | 0001 3fd6 
  0x00000001186a56ec: f17f c1a8 | 7af5 ff17 | 4d01 40b9 | 4d00 00b4 | 6d0f 0d8b | 2dbf feb4 | 8b1f 40f9 | cb00 00b4 
  0x00000001186a570c: 6b21 00d1 | 8b1f 00f9 | 8c23 40f9 | 8d69 2bf8 | f2f5 ff17 | ea3f bea9 | f07f 01a9 | e003 0daa 
  0x00000001186a572c: e103 1caa | 8806 96d2 | a862 a1f2 | 2800 c0f2 | 0001 3fd6 | f07f 41a9 | ea3f c2a8 | e7f5 ff17 
  0x00000001186a574c: bf3b 03d5 | 6c01 4039 | 2cbe fe34 | 7f01 0039 | 8c2b 40f9 | cc00 00b4 | 8c21 00d1 | 8c2b 00f9 
  0x00000001186a576c: 882f 40f9 | 0b69 2cf8 | e9f5 ff17 | ef43 bfa9 | e003 0baa | e103 1caa | 880b 96d2 | a862 a1f2 
  0x00000001186a578c: 2800 c0f2 | 0001 3fd6 | ef43 c1a8 | e0f5 ff17 | 4b01 40b9 | 4b00 00b4 | 6b0f 0b8b | ebbd feb4 
  0x00000001186a57ac: 8d1f 40f9 | cd00 00b4 | ad21 00d1 | 8d1f 00f9 | 8023 40f9 | 0b68 2df8 | e8f5 ff17 | e10b bba9 
  0x00000001186a57cc: e62b 01a9 | ec3b 02a9 | ef43 03a9 | f17f 04a9 | e003 0baa | e103 1caa | 8806 96d2 | a862 a1f2 
  0x00000001186a57ec: 2800 c0f2 | 0001 3fd6 | e62b 41a9 | ec3b 42a9 | ef43 43a9 | f17f 44a9 | e10b c5a8 | d7f5 ff17 
  0x00000001186a580c: 4d01 40b9 | 4d00 00b4 | 6d0f 0d8b | edba feb4 | 911f 40f9 | d100 00b4 | 3122 00d1 | 911f 00f9 
  0x00000001186a582c: 8b23 40f9 | 6d69 31f8 | d0f5 ff17 | e11b bca9 | ea33 01a9 | ee3f 02a9 | f07f 03a9 | e003 0daa 
  0x00000001186a584c: e103 1caa | 8806 96d2 | a862 a1f2 | 2800 c0f2 | 0001 3fd6 | ea33 41a9 | ee3f 42a9 | f07f 43a9 
  0x00000001186a586c: e11b c4a8 | c1f5 ff17 | bf3b 03d5 | 2b02 4039 | abb9 fe34 | 3f02 0039 | 8b2b 40f9 | cb00 00b4 
  0x00000001186a588c: 6b21 00d1 | 8b2b 00f9 | 882f 40f9 | 1169 2bf8 | c5f5 ff17 | e633 bda9 | ee3f 01a9 | f07f 02a9 
  0x00000001186a58ac: e003 11aa | e103 1caa | 880b 96d2 | a862 a1f2 | 2800 c0f2 | 0001 3fd6 | ee3f 41a9 | f07f 42a9 
  0x00000001186a58cc: e633 c3a8 | b8f5 ff17 | 4e01 40b9 | 4e00 00b4 | 6e0f 0e8b | 0ebb feb4 | 911f 40f9 | d100 00b4 
  0x00000001186a58ec: 3122 00d1 | 911f 00f9 | 8b23 40f9 | 6e69 31f8 | d1f5 ff17 | e01b bca9 | ea33 01a9 | ed3f 02a9 
  0x00000001186a590c: f07f 03a9 | e003 0eaa | e103 1caa | 8806 96d2 | a862 a1f2 | 2800 c0f2 | 0001 3fd6 | ea33 41a9 
  0x00000001186a592c: ed3f 42a9 | f07f 43a9 | e01b c4a8 | c2f5 ff17 | 5101 40b9 | 5100 00b4 | 710f 118b | f1ba feb4 
  0x00000001186a594c: 811f 40f9 | c100 00b4 | 2120 00d1 | 811f 00f9 | 8023 40f9 | 1168 21f8 | d0f5 ff17 | e313 bba9 
  0x00000001186a596c: e62b 01a9 | eb33 02a9 | ed3b 03a9 | ef43 04a9 | e003 11aa | e103 1caa | 8806 96d2 | a862 a1f2 
  0x00000001186a598c: 2800 c0f2 | 0001 3fd6 | e62b 41a9 | eb33 42a9 | ed3b 43a9 | ef43 44a9 | e313 c5a8 | bff5 ff17 
  0x00000001186a59ac: 4e01 40b9 | 4e00 00b4 | 6e0f 0e8b | aed7 feb4 | 8b1f 40f9 | cb00 00b4 | 6b21 00d1 | 8b1f 00f9 
  0x00000001186a59cc: 9123 40f9 | 2e6a 2bf8 | b6f6 ff17 | e41b bca9 | e72b 01a9 | ec37 02a9 | ef43 03a9 | e003 0eaa 
  0x00000001186a59ec: e103 1caa | 8806 96d2 | a862 a1f2 | 2800 c0f2 | 0001 3fd6 | e72b 41a9 | ec37 42a9 | ef43 43a9 
  0x00000001186a5a0c: e41b c4a8 | a7f6 ff17 | bf3b 03d5 | 7101 4039 | 31d6 fe34 | 7f01 0039 | 912b 40f9 | d100 00b4 
  0x00000001186a5a2c: 3122 00d1 | 912b 00f9 | 882f 40f9 | 0b69 31f8 | a9f6 ff17 | e41b bca9 | e733 01a9 | ed3f 02a9 
  0x00000001186a5a4c: f07f 03a9 | e003 0baa | e103 1caa | 880b 96d2 | a862 a1f2 | 2800 c0f2 | 0001 3fd6 | e733 41a9 
  0x00000001186a5a6c: ed3f 42a9 | f07f 43a9 | e41b c4a8 | 9af6 ff17 | 6a01 40b9 | 4a00 00b4 | 6a0f 0a8b | 4ad7 feb4 
  0x00000001186a5a8c: 911f 40f9 | d100 00b4 | 3122 00d1 | 911f 00f9 | 8123 40f9 | 2a68 31f8 | b3f6 ff17 | e013 bba9 
  0x00000001186a5aac: e61f 01a9 | eb33 02a9 | ed3b 03a9 | ef43 04a9 | e003 0aaa | e103 1caa | 8806 96d2 | a862 a1f2 
  0x00000001186a5acc: 2800 c0f2 | 0001 3fd6 | e61f 41a9 | eb33 42a9 | ed3b 43a9 | ef43 44a9 | e013 c5a8 | a2f6 ff17 
  0x00000001186a5aec: bf3b 03d5 | 2102 4039 | 81d5 fe34 | 3f02 0039 | 812b 40f9 | c100 00b4 | 2120 00d1 | 812b 00f9 
  0x00000001186a5b0c: 882f 40f9 | 1169 21f8 | a4f6 ff17 | e41b bca9 | e733 01a9 | ed3b 02a9 | ef43 03a9 | e003 11aa 
  0x00000001186a5b2c: e103 1caa | 880b 96d2 | a862 a1f2 | 2800 c0f2 | 0001 3fd6 | e733 41a9 | ed3b 42a9 | ef43 43a9 
  0x00000001186a5b4c: e41b c4a8 | 95f6 ff17 | 4e01 40b9 | 4e00 00b4 | 6e0f 0e8b | eed6 feb4 | 901f 40f9 | d000 00b4 
  0x00000001186a5b6c: 1022 00d1 | 901f 00f9 | 8f23 40f9 | ee69 30f8 | b0f6 ff17 | e11b bca9 | e72b 01a9 | eb33 02a9 
  0x00000001186a5b8c: ed47 03a9 | e003 0eaa | e103 1caa | 8806 96d2 | a862 a1f2 | 2800 c0f2 | 0001 3fd6 | e72b 41a9 
  0x00000001186a5bac: eb33 42a9 | ed47 43a9 | e11b c4a8 | a1f6 ff17 | 6d01 40b9 | 4d00 00b4 | 6d0f 0d8b | ade1 feb4 
  0x00000001186a5bcc: 8e1f 40f9 | ce00 00b4 | ce21 00d1 | 8e1f 00f9 | 8f23 40f9 | ed69 2ef8 | 06f7 ff17 | e007 bca9 
  0x00000001186a5bec: ea2f 01a9 | ec43 02a9 | f17f 03a9 | e003 0daa | e103 1caa | 8806 96d2 | a862 a1f2 | 2800 c0f2 
  0x00000001186a5c0c: 0001 3fd6 | ea2f 41a9 | ec43 42a9 | f17f 43a9 | e007 c4a8 | f7f6 ff17 | 6401 40b9 

  0x00000001186a5c28: ;   {other}
  0x00000001186a5c28: 4400 00b4 | 640f 048b | 84eb feb4 | 821f 40f9 | c200 00b4 | 4220 00d1 | 821f 00f9 | 8123 40f9 
  0x00000001186a5c48: 2468 22f8 | 55f7 ff17 | e00f bba9 | ea2f 01a9 | ec37 02a9 | ee43 03a9 | f17f 04a9 | e003 04aa 
  0x00000001186a5c68: e103 1caa | 8806 96d2 | a862 a1f2 | 2800 c0f2 | 0001 3fd6 | ea2f 41a9 | ec37 42a9 | ee43 43a9 
  0x00000001186a5c88: f17f 44a9 | e00f c5a8 | 44f7 ff17 | bf3b 03d5 | 4100 4039 | 01ea fe34 | 5f00 0039 | 812b 40f9 
  0x00000001186a5ca8: c100 00b4 | 2120 00d1 | 812b 00f9 | 882f 40f9 | 0269 21f8 | 48f7 ff17 | e00f bca9 | ea33 01a9 
  0x00000001186a5cc8: ed3b 02a9 | f047 03a9 | e003 02aa | e103 1caa | 880b 96d2 | a862 a1f2 | 2800 c0f2 | 0001 3fd6 
  0x00000001186a5ce8: ea33 41a9 | ed3b 42a9 | f047 43a9 | e00f c4a8 | 39f7 ff17 | af01 40b9 | 4f00 00b4 | 6f0f 0f8b 
  0x00000001186a5d08: efe6 feb4 | 8b1f 40f9 | cb00 00b4 | 6b21 00d1 | 8b1f 00f9 | 8123 40f9 | 2f68 2bf8 | 30f7 ff17 
  0x00000001186a5d28: e00f bca9 | ea33 01a9 | ed3b 02a9 | f047 03a9 | e003 0faa | e103 1caa | 8806 96d2 | a862 a1f2 
  0x00000001186a5d48: 2800 c0f2 | 0001 3fd6 | ea33 41a9 | ed3b 42a9 | f047 43a9 | e00f c4a8 | 21f7 ff17 | bf3b 03d5 
  0x00000001186a5d68: 6101 4039 | a1e5 fe34 | 7f01 0039 | 812b 40f9 | c100 00b4 | 2120 00d1 | 812b 00f9 | 882f 40f9 
  0x00000001186a5d88: 0b69 21f8 | 25f7 ff17 | e00f bda9 | ec3b 01a9 | f047 02a9 | e003 0baa | e103 1caa | 880b 96d2 
  0x00000001186a5da8: a862 a1f2 | 2800 c0f2 | 0001 3fd6 | ec3b 41a9 | f047 42a9 | e00f c3a8 | 18f7 ff17 | ca01 40b9 
  0x00000001186a5dc8: 4a00 00b4 | 6a0f 0a8b | cae2 feb4 | 8b1f 40f9 | cb00 00b4 | 6b21 00d1 | 8b1f 00f9 | 8d23 40f9 
  0x00000001186a5de8: aa69 2bf8 | 0ff7 ff17 | e00f bda9 | ec3b 01a9 | f047 02a9 | e003 0aaa | e103 1caa | 8806 96d2 
  0x00000001186a5e08: a862 a1f2 | 2800 c0f2 | 0001 3fd6 | ec3b 41a9 | f047 42a9 | e00f c3a8 | 02f7 ff17 | bf3b 03d5 
  0x00000001186a5e28: 6d01 4039 | cde1 fe34 | 7f01 0039 | 8d2b 40f9 | cd00 00b4 | ad21 00d1 | 8d2b 00f9 | 882f 40f9 
  0x00000001186a5e48: 0b69 2df8 | 06f7 ff17 | e033 bea9 | f047 01a9 | e003 0baa | e103 1caa | 880b 96d2 | a862 a1f2 
  0x00000001186a5e68: 2800 c0f2 | 0001 3fd6 | f047 41a9 | e033 c2a8 | fbf6 ff17 | 8a01 40b9 | 4a00 00b4 | 6a0f 0a8b 
  0x00000001186a5e88: 6adf feb4 | 8b1f 40f9 | cb00 00b4 | 6b21 00d1 | 8b1f 00f9 | 8d23 40f9 | aa69 2bf8 | f4f6 ff17 
  0x00000001186a5ea8: e033 bda9 | ee43 01a9 | f17f 02a9 | e003 0aaa | e103 1caa | 8806 96d2 | a862 a1f2 | 2800 c0f2 
  0x00000001186a5ec8: 0001 3fd6 | ee43 41a9 | f17f 42a9 | e033 c3a8 | e7f6 ff17 | bf3b 03d5 | 6d01 4039 | 6dde fe34 
  0x00000001186a5ee8: 7f01 0039 | 8d2b 40f9 | cd00 00b4 | ad21 00d1 | 8d2b 00f9 | 882f 40f9 | 0b69 2df8 | ebf6 ff17 
  0x00000001186a5f08: e043 bea9 | f17f 01a9 | e003 0baa | e103 1caa | 880b 96d2 | a862 a1f2 | 2800 c0f2 | 0001 3fd6 
  0x00000001186a5f28: f17f 41a9 | e043 c2a8 | e0f6 ff17 | 4b01 40b9 | 4b00 00b4 | 6b0f 0b8b | 2bec feb4 | 8d1f 40f9 
  0x00000001186a5f48: cd00 00b4 | ad21 00d1 | 8d1f 00f9 | 8c23 40f9 | 8b69 2df8 | 5af7 ff17 | ea3f bea9 | f07f 01a9 
  0x00000001186a5f68: e003 0baa | e103 1caa | 8806 96d2 | a862 a1f2 | 2800 c0f2 | 0001 3fd6 | f07f 41a9 | ea3f c2a8 
  0x00000001186a5f88: 4ff7 ff17 | bf3b 03d5 | ac01 4039 | 2ceb fe34 | bf01 0039 | 8c2b 40f9 | cc00 00b4 | 8c21 00d1 
  0x00000001186a5fa8: 8c2b 00f9 | 882f 40f9 | 0d69 2cf8 | 51f7 ff17 | ef43 bfa9 | e003 0daa | e103 1caa | 880b 96d2 
  0x00000001186a5fc8: a862 a1f2 | 2800 c0f2 | 0001 3fd6 | ef43 c1a8 | 48f7 ff17 | 2a02 40b9 | 4a00 00b4 | 6a0f 0a8b 
  0x00000001186a5fe8: 0a38 ffb4 | 8c1f 40f9 | cc00 00b4 | 8c21 00d1 | 8c1f 00f9 | 8b23 40f9 | 6a69 2cf8 | b9f9 ff17 
  0x00000001186a6008: e047 bfa9 | e003 0aaa | e103 1caa | 8806 96d2 | a862 a1f2 | 2800 c0f2 | 0001 3fd6 | e047 c1a8 
  0x00000001186a6028: b0f9 ff17 | bf3b 03d5 | 8b01 4039 | 8b37 ff34 | 9f01 0039 | 8b2b 40f9 | cb00 00b4 | 6b21 00d1 
  0x00000001186a6048: 8b2b 00f9 | 882f 40f9 | 0c69 2bf8 | b4f9 ff17 | f17f bfa9 | e003 0caa | e103 1caa | 880b 96d2 
  0x00000001186a6068: a862 a1f2 | 2800 c0f2 | 0001 3fd6 | f17f c1a8 | abf9 ff17 | ac01 40b9 | 4c00 00b4 | 6c0f 0c8b 
  0x00000001186a6088: 0c37 ffb4 | 8b1f 40f9 | cb00 00b4 | 6b21 00d1 | 8b1f 00f9 | 8a23 40f9 | 4c69 2bf8 | b1f9 ff17 
  0x00000001186a60a8: e037 bfa9 | e003 0caa | e103 1caa | 8806 96d2 | a862 a1f2 | 2800 c0f2 | 0001 3fd6 | e037 c1a8 
  0x00000001186a60c8: a8f9 ff17 | bf3b 03d5 | 6a01 4039 | 8a36 ff34 | 7f01 0039 | 8a2b 40f9 | ca00 00b4 | 4a21 00d1 
  0x00000001186a60e8: 8a2b 00f9 | 882f 40f9 | 0b69 2af8 | acf9 ff17 | ed7f bfa9 | e003 0baa | e103 1caa | 880b 96d2 
  0x00000001186a6108: a862 a1f2 | 2800 c0f2 | 0001 3fd6 | ed7f c1a8 | a3f9 ff17 

  0x00000001186a611c: ;   {internal_word}
  0x00000001186a611c: 08ae fe10 | 8863 02f9 

  0x00000001186a6124: ;   {runtime_call SafepointBlob}
  0x00000001186a6124: d79a df17 

  0x00000001186a6128: ;   {runtime_call Stub::method_entry_barrier}
  0x00000001186a6128: 0830 88d2 | 28fd a2f2 | 2800 c0f2 | 0001 3fd6 | f3f1 ff17 

  0x00000001186a613c: ;   {entry_guard}
  0x00000001186a613c: 0a00 0000 
[Stub Code]
  0x00000001186a6140: ;   {trampoline_stub}
  0x00000001186a6140: 4800 0058 | 0001 1fd6 | 204a 6718 | 0100 0000 

  0x00000001186a6150: ;   {static_stub}
  0x00000001186a6150: df3f 03d5 

  0x00000001186a6154: ;   {metadata(nullptr)}
  0x00000001186a6154: 0c00 80d2 | 0c00 a0f2 | 0c00 c0f2 | 0800 80d2 | 0800 a0f2 | 0800 c0f2 | 0001 1fd6 

  0x00000001186a6170: ;   {trampoline_stub}
  0x00000001186a6170: 4800 0058 | 0001 1fd6 | 00b6 e817 | 0100 0000 

  0x00000001186a6180: ;   {static_stub}
  0x00000001186a6180: df3f 03d5 

  0x00000001186a6184: ;   {metadata(nullptr)}
  0x00000001186a6184: 0c00 80d2 | 0c00 a0f2 | 0c00 c0f2 | 0800 80d2 | 0800 a0f2 | 0800 c0f2 | 0001 1fd6 

  0x00000001186a61a0: ;   {trampoline_stub}
  0x00000001186a61a0: 4800 0058 | 0001 1fd6 | 8c6c 6518 | 0100 0000 

  0x00000001186a61b0: ;   {trampoline_stub}
  0x00000001186a61b0: 4800 0058 | 0001 1fd6 | 20b4 4c18 | 0100 0000 

  0x00000001186a61c0: ;   {trampoline_stub}
  0x00000001186a61c0: 4800 0058 | 0001 1fd6 | 00c0 6418 | 0100 0000 

  0x00000001186a61d0: ;   {trampoline_stub}
  0x00000001186a61d0: 4800 0058 | 0001 1fd6 | e046 4c18 | 0100 0000 

  0x00000001186a61e0: ;   {static_stub}
  0x00000001186a61e0: df3f 03d5 

  0x00000001186a61e4: ;   {metadata(nullptr)}
  0x00000001186a61e4: 0c00 80d2 | 0c00 a0f2 | 0c00 c0f2 | 0800 80d2 | 0800 a0f2 | 0800 c0f2 | 0001 1fd6 

  0x00000001186a6200: ;   {trampoline_stub}
  0x00000001186a6200: 4800 0058 | 0001 1fd6 | a0c5 6c18 | 0100 0000 

  0x00000001186a6210: ;   {trampoline_stub}
  0x00000001186a6210: 4800 0058 | 0001 1fd6 | 204a 6718 | 0100 0000 

  0x00000001186a6220: ;   {static_stub}
  0x00000001186a6220: df3f 03d5 

  0x00000001186a6224: ;   {metadata(nullptr)}
  0x00000001186a6224: 0c00 80d2 | 0c00 a0f2 | 0c00 c0f2 | 0800 80d2 | 0800 a0f2 | 0800 c0f2 | 0001 1fd6 

  0x00000001186a6240: ;   {trampoline_stub}
  0x00000001186a6240: 4800 0058 | 0001 1fd6 | 00b6 e817 | 0100 0000 

  0x00000001186a6250: ;   {trampoline_stub}
  0x00000001186a6250: 4800 0058 | 0001 1fd6 | d83a 4318 | 0100 0000 

  0x00000001186a6260: ;   {trampoline_stub}
  0x00000001186a6260: 4800 0058 | 0001 1fd6 | d83a 4318 | 0100 0000 

  0x00000001186a6270: ;   {trampoline_stub}
  0x00000001186a6270: 4800 0058 | 0001 1fd6 | 00b6 e817 | 0100 0000 

  0x00000001186a6280: ;   {trampoline_stub}
  0x00000001186a6280: 4800 0058 | 0001 1fd6 | 00b6 e817 | 0100 0000 

  0x00000001186a6290: ;   {trampoline_stub}
  0x00000001186a6290: 4800 0058 | 0001 1fd6 | d83a 4318 | 0100 0000 

  0x00000001186a62a0: ;   {trampoline_stub}
  0x00000001186a62a0: 4800 0058 | 0001 1fd6 | 6057 4c18 | 0100 0000 

  0x00000001186a62b0: ;   {trampoline_stub}
  0x00000001186a62b0: 4800 0058 | 0001 1fd6 | 6057 4c18 | 0100 0000 

  0x00000001186a62c0: ;   {trampoline_stub}
  0x00000001186a62c0: 4800 0058 | 0001 1fd6 | 00b6 e817 | 0100 0000 

  0x00000001186a62d0: ;   {trampoline_stub}
  0x00000001186a62d0: 4800 0058 | 0001 1fd6 | 00b6 e817 | 0100 0000 

  0x00000001186a62e0: ;   {trampoline_stub}
  0x00000001186a62e0: 4800 0058 | 0001 1fd6 | 6057 4c18 | 0100 0000 

  0x00000001186a62f0: ;   {trampoline_stub}
  0x00000001186a62f0: 4800 0058 | 0001 1fd6 | 00b6 e817 | 0100 0000 

  0x00000001186a6300: ;   {trampoline_stub}
  0x00000001186a6300: 4800 0058 | 0001 1fd6 | 00ba e817 | 0100 0000 

  0x00000001186a6310: ;   {trampoline_stub}
  0x00000001186a6310: 4800 0058 | 0001 1fd6 | 00b6 e817 | 0100 0000 

  0x00000001186a6320: ;   {trampoline_stub}
  0x00000001186a6320: 4800 0058 | 0001 1fd6 | 00ba e817 | 0100 0000 

  0x00000001186a6330: ;   {trampoline_stub}
  0x00000001186a6330: 4800 0058 | 0001 1fd6 | 00ba e817 | 0100 0000 

  0x00000001186a6340: ;   {static_stub}
  0x00000001186a6340: df3f 03d5 

  0x00000001186a6344: ;   {metadata(nullptr)}
  0x00000001186a6344: 0c00 80d2 | 0c00 a0f2 | 0c00 c0f2 | 0800 80d2 | 0800 a0f2 | 0800 c0f2 | 0001 1fd6 

  0x00000001186a6360: ;   {static_stub}
  0x00000001186a6360: df3f 03d5 

  0x00000001186a6364: ;   {metadata(nullptr)}
  0x00000001186a6364: 0c00 80d2 | 0c00 a0f2 | 0c00 c0f2 | 0800 80d2 | 0800 a0f2 | 0800 c0f2 | 0001 1fd6 

  0x00000001186a6380: ;   {static_stub}
  0x00000001186a6380: df3f 03d5 

  0x00000001186a6384: ;   {metadata(nullptr)}
  0x00000001186a6384: 0c00 80d2 | 0c00 a0f2 | 0c00 c0f2 | 0800 80d2 | 0800 a0f2 | 0800 c0f2 | 0001 1fd6 

  0x00000001186a63a0: ;   {static_stub}
  0x00000001186a63a0: df3f 03d5 

  0x00000001186a63a4: ;   {metadata(nullptr)}
  0x00000001186a63a4: 0c00 80d2 | 0c00 a0f2 | 0c00 c0f2 | 0800 80d2 | 0800 a0f2 | 0800 c0f2 | 0001 1fd6 

  0x00000001186a63c0: ;   {static_stub}
  0x00000001186a63c0: df3f 03d5 

  0x00000001186a63c4: ;   {metadata(nullptr)}
  0x00000001186a63c4: 0c00 80d2 | 0c00 a0f2 | 0c00 c0f2 | 0800 80d2 | 0800 a0f2 | 0800 c0f2 | 0001 1fd6 

  0x00000001186a63e0: ;   {static_stub}
  0x00000001186a63e0: df3f 03d5 

  0x00000001186a63e4: ;   {metadata(nullptr)}
  0x00000001186a63e4: 0c00 80d2 | 0c00 a0f2 | 0c00 c0f2 | 0800 80d2 | 0800 a0f2 | 0800 c0f2 | 0001 1fd6 

  0x00000001186a6400: ;   {static_stub}
  0x00000001186a6400: df3f 03d5 

  0x00000001186a6404: ;   {metadata(nullptr)}
  0x00000001186a6404: 0c00 80d2 | 0c00 a0f2 | 0c00 c0f2 | 0800 80d2 | 0800 a0f2 | 0800 c0f2 | 0001 1fd6 

  0x00000001186a6420: ;   {static_stub}
  0x00000001186a6420: df3f 03d5 

  0x00000001186a6424: ;   {metadata(nullptr)}
  0x00000001186a6424: 0c00 80d2 | 0c00 a0f2 | 0c00 c0f2 | 0800 80d2 | 0800 a0f2 | 0800 c0f2 | 0001 1fd6 

  0x00000001186a6440: ;   {static_stub}
  0x00000001186a6440: df3f 03d5 

  0x00000001186a6444: ;   {metadata(nullptr)}
  0x00000001186a6444: 0c00 80d2 | 0c00 a0f2 | 0c00 c0f2 | 0800 80d2 | 0800 a0f2 | 0800 c0f2 | 0001 1fd6 

  0x00000001186a6460: ;   {static_stub}
  0x00000001186a6460: df3f 03d5 

  0x00000001186a6464: ;   {metadata(nullptr)}
  0x00000001186a6464: 0c00 80d2 | 0c00 a0f2 | 0c00 c0f2 | 0800 80d2 | 0800 a0f2 | 0800 c0f2 | 0001 1fd6 
[Exception Handler]
  0x00000001186a6480: ;   {runtime_call ExceptionBlob}
  0x00000001186a6480: 70f9 e217 
[Deopt Handler Code]
  0x00000001186a6484: 1e00 0010 

  0x00000001186a6488: ;   {runtime_call DeoptimizationBlob}
  0x00000001186a6488: 7e9a df17 | 0000 0000 
[/MachCode]


Compiled method (c1) 601942 8436 %     3       java.awt.EventDispatchThread::pumpEventsForFilter @ 10 (47 bytes)
 total in heap  [0x0000000110934488,0x0000000110934ae8] = 1632
 main code      [0x0000000110934580,0x0000000110934a38] = 1208
 stub code      [0x0000000110934a38,0x0000000110934ae8] = 176
 mutable data [0x00000078e78748c0,0x00000078e78749e8] = 296
 relocation     [0x00000078e78748c0,0x00000078e7874978] = 184
 metadata       [0x00000078e7874978,0x00000078e78749e8] = 112
 immutable data [0x00000078edb5fd80,0x00000078edb5fef0] = 368
 dependencies   [0x00000078edb5fd80,0x00000078edb5fda0] = 32
 nul chk table  [0x00000078edb5fda0,0x00000078edb5fdb8] = 24
 scopes pcs     [0x00000078edb5fdb8,0x00000078edb5fe78] = 192
 scopes data    [0x00000078edb5fe78,0x00000078edb5fef0] = 120

[Constant Pool (empty)]

[MachCode]
[Instructions begin]
  0x0000000110934580: 1f20 03d5 | 1f20 03d5 | 1f20 03d5 | 1f20 03d5 | 1f20 03d5 | 1f20 03d5 | 1f20 03d5 | 1f20 03d5 
  0x00000001109345a0: 1f20 03d5 | 1f20 03d5 | 1f20 03d5 
[Entry Point]
  # {method} {0x00000001281e2e48} 'pumpEventsForFilter' '(ILjava/awt/Conditional;Ljava/awt/EventFilter;)V' in 'java/awt/EventDispatchThread'
  0x00000001109345ac: 2808 40b9 | 2a09 40b9 | 1f01 0a6b | 4000 0054 

  0x00000001109345bc: ;   {runtime_call Shared Runtime ic_miss_blob}
  0x00000001109345bc: 915b d515 
[Verified Entry Point]
  0x00000001109345c0: 1f20 03d5 | e953 40d1 | 3f01 00f9 | ff03 02d1 | fd7b 07a9 | 2801 0018 | 8923 40b9 | 1f01 09eb 
  0x00000001109345e0: e000 0054 

  0x00000001109345e4: ;   {runtime_call Stub::method_entry_barrier}
  0x00000001109345e4: 0830 88d2 | 28fd a2f2 | 2800 c0f2 | 0001 3fd6 | 0200 0014 | 0900 0000 | fd03 01aa 

  0x0000000110934600: ;   {metadata(method data for {method} {0x00000001281e2e48} 'pumpEventsForFilter' '(ILjava/awt/Conditional;Ljava/awt/EventFilter;)V' in 'java/awt/EventDispatchThread')}
  0x0000000110934600: 0144 94d2 | e14a a5f2 | 2100 c0f2 | 2090 40b9 | 0008 0011 | 2090 00b9 | 0024 1f12 | 1f00 0071 
  0x0000000110934620: 201c 0054 | e31b 00f9 | e23b 00b9 | e103 1daa 

  0x0000000110934630: ;   {metadata(method data for {method} {0x00000001281e2e48} 'pumpEventsForFilter' '(ILjava/awt/Conditional;Ljava/awt/EventFilter;)V' in 'java/awt/EventDispatchThread')}
  0x0000000110934630: 0044 94d2 | e04a a5f2 | 2000 c0f2 

  0x000000011093463c: ;   {metadata('java/awt/EventDispatchThread')}
  0x000000011093463c: 0832 81d2 | 4840 a0f2 | 081e c0f2 | 0870 00f9 | 0874 40f9 | 0805 0091 | 0874 00f9 | e203 04aa 
  0x000000011093465c: e103 1daa | e417 00f9 

  0x0000000110934664: ; ImmutableOopMap {rfp=Oop [40]=Oop [48]=Oop }
                      ;*invokevirtual addEventFilter {reexecute=0 rethrow=0 return_oop=0}
                      ; - java.awt.EventDispatchThread::pumpEventsForFilter@2 (line 125)
                      ;   {optimized virtual_call}
  0x0000000110934664: e75b d595 | e103 0032 | bf3b 03d5 | a1e3 0139 | bf3b 03d5 | e48f 42a9 | e23b 40b9 | e433 00f9 
  0x0000000110934684: 7d00 0014 | e103 1daa 

  0x000000011093468c: ;   {metadata(method data for {method} {0x00000001281e2e48} 'pumpEventsForFilter' '(ILjava/awt/Conditional;Ljava/awt/EventFilter;)V' in 'java/awt/EventDispatchThread')}
  0x000000011093468c: 0044 94d2 | e04a a5f2 | 2000 c0f2 | 2108 40b9 | 210c 5cd2 | 0898 40f9 | 3f00 08eb | a100 0054 
  0x00000001109346ac: 089c 40f9 | 0805 0091 | 089c 00f9 | 1700 0014 | 08a0 40f9 | 3f00 08eb | a100 0054 | 08a4 40f9 
  0x00000001109346cc: 0805 0091 | 08a4 00f9 | 1000 0014 | 0898 40f9 | a800 00b5 | 0198 00f9 | e803 40b2 | 089c 00f9 
  0x00000001109346ec: 0a00 0014 | 08a0 40f9 | a800 00b5 | 01a0 00f9 | e803 40b2 | 08a4 00f9 | 0400 0014 | 0894 40f9 
  0x000000011093470c: 0805 0091 | 0894 00f9 | bf3b 03d5 | a1eb 4039 | bf39 03d5 | 2100 0012 | 3f00 0071 

  0x0000000110934728: ;   {metadata(method data for {method} {0x00000001281e2e48} 'pumpEventsForFilter' '(ILjava/awt/Conditional;Ljava/awt/EventFilter;)V' in 'java/awt/EventDispatchThread')}
  0x0000000110934728: 0144 94d2 | e14a a5f2 | 2100 c0f2 | 082b 80d2 | 092d 80d2 | 0011 899a | 2568 60f8 | a504 0091 
  0x0000000110934748: 2568 20f8 | 210b 0054 | 4301 00b4 

  0x0000000110934754: ;   {metadata('java/awt/EventDispatchThread$1')}
  0x0000000110934754: 057f 88d2 | 4540 a0f2 | 051e c0f2 | 6608 40b9 | c60c 5cd2 | c81c 40f9 | bf00 08eb | a112 0054 
  0x0000000110934774: 0100 0014 | e103 03aa 

  0x000000011093477c: ; implicit exception: dispatches to 0x00000001109349c8
  0x000000011093477c: 7f00 40f9 | e103 03aa 

  0x0000000110934784: ;   {metadata(method data for {method} {0x00000001281e2e48} 'pumpEventsForFilter' '(ILjava/awt/Conditional;Ljava/awt/EventFilter;)V' in 'java/awt/EventDispatchThread')}
  0x0000000110934784: 0044 94d2 | e04a a5f2 | 2000 c0f2 

  0x0000000110934790: ;   {metadata('java/awt/EventDispatchThread$1')}
  0x0000000110934790: 087f 88d2 | 4840 a0f2 | 081e c0f2 | 08c0 00f9 | 08c4 40f9 | 0805 0091 | 08c4 00f9 

  0x00000001109347ac: ;   {metadata(method data for {method} {0x00000001282175d8} 'evaluate' '()Z' in 'java/awt/EventDispatchThread$1')}
  0x00000001109347ac: 0137 95d2 | e14a a5f2 | 2100 c0f2 | 2090 40b9 | 0008 0011 | 2090 00b9 | 004c 1f12 | 1f00 0071 
  0x00000001109347cc: 0010 0054 

  0x00000001109347d0: ;   {metadata(method data for {method} {0x00000001281e2e48} 'pumpEventsForFilter' '(ILjava/awt/Conditional;Ljava/awt/EventFilter;)V' in 'java/awt/EventDispatchThread')}
  0x00000001109347d0: 0144 94d2 | e14a a5f2 | 2100 c0f2 | 20dc 40f9 | 0004 0091 | 20dc 00f9 | e32f 00f9 | e103 1daa 
  0x00000001109347f0: ;   {metadata(method data for {method} {0x00000001281e2e48} 'pumpEventsForFilter' '(ILjava/awt/Conditional;Ljava/awt/EventFilter;)V' in 'java/awt/EventDispatchThread')}
  0x00000001109347f0: 0044 94d2 | e04a a5f2 | 2000 c0f2 

  0x00000001109347fc: ;   {metadata('java/awt/EventDispatchThread')}
  0x00000001109347fc: 0832 81d2 | 4840 a0f2 | 081e c0f2 | 08e8 00f9 | 08ec 40f9 | 0805 0091 | 08ec 00f9 | e003 02aa 
  0x000000011093481c: e203 00aa | e103 1daa | e053 00b9 

  0x0000000110934828: ; ImmutableOopMap {rfp=Oop [88]=Oop [96]=Oop }
                      ;*invokevirtual pumpOneEventForFilters {reexecute=0 rethrow=0 return_oop=0}
                      ; - java.awt.EventDispatchThread::pumpEventsForFilter@35 (line 128)
                      ;   {optimized virtual_call}
  0x0000000110934828: 2eb8 f595 

  0x000000011093482c: ;   {metadata(method data for {method} {0x00000001281e2e48} 'pumpEventsForFilter' '(ILjava/awt/Conditional;Ljava/awt/EventFilter;)V' in 'java/awt/EventDispatchThread')}
  0x000000011093482c: 0244 94d2 | e24a a5f2 | 2200 c0f2 | 4194 40b9 | 2108 0011 | 4194 00b9 | 2130 1f12 | 3f00 0071 
  0x000000011093484c: 000d 0054 

  0x0000000110934850: ; ImmutableOopMap {rfp=Oop [88]=Oop [96]=Oop }
                      ;*goto {reexecute=1 rethrow=0 return_oop=0}
                      ; - (reexecute) java.awt.EventDispatchThread::pumpEventsForFilter@38 (line 128)
  0x0000000110934850: 881b 40f9 

  0x0000000110934854: ;   {poll}
  0x0000000110934854: 1f01 40b9 

  0x0000000110934858: ;   {metadata(method data for {method} {0x00000001281e2e48} 'pumpEventsForFilter' '(ILjava/awt/Conditional;Ljava/awt/EventFilter;)V' in 'java/awt/EventDispatchThread')}
  0x0000000110934858: 0244 94d2 | e24a a5f2 | 2200 c0f2 | 41fc 40f9 | 2104 0091 | 41fc 00f9 | e32f 40f9 | e253 40b9 
  0x0000000110934878: bf3b 03d5 

  0x000000011093487c: ; implicit exception: dispatches to 0x0000000110934a0c
  0x000000011093487c: a1e3 4139 | bf39 03d5 | 3f00 0071 

  0x0000000110934888: ;   {metadata(method data for {method} {0x00000001281e2e48} 'pumpEventsForFilter' '(ILjava/awt/Conditional;Ljava/awt/EventFilter;)V' in 'java/awt/EventDispatchThread')}
  0x0000000110934888: 0144 94d2 | e14a a5f2 | 2100 c0f2 | 0823 80d2 | 0921 80d2 | 0011 899a | 2568 60f8 | a504 0091 
  0x00000001109348a8: 2568 20f8 | e1ee ff54 | e433 40f9 | e203 1daa 

  0x00000001109348b8: ;   {metadata(method data for {method} {0x00000001281e2e48} 'pumpEventsForFilter' '(ILjava/awt/Conditional;Ljava/awt/EventFilter;)V' in 'java/awt/EventDispatchThread')}
  0x00000001109348b8: 0144 94d2 | e14a a5f2 | 2100 c0f2 

  0x00000001109348c4: ;   {metadata('java/awt/EventDispatchThread')}
  0x00000001109348c4: 0832 81d2 | 4840 a0f2 | 081e c0f2 | 280c 01f9 | 2810 41f9 | 0805 0091 | 2810 01f9 | e203 04aa 
  0x00000001109348e4: e103 1daa 

  0x00000001109348e8: ; ImmutableOopMap {}
                      ;*invokevirtual removeEventFilter {reexecute=0 rethrow=0 return_oop=0}
                      ; - java.awt.EventDispatchThread::pumpEventsForFilter@43 (line 130)
                      ;   {optimized virtual_call}
  0x00000001109348e8: 465b d595 | fd7b 47a9 | ff03 0291 

  0x00000001109348f4: ;   {poll_return}
  0x00000001109348f4: 8817 40f9 | ff63 28eb | a808 0054 | c003 5fd6 | e953 40d1 | 3f01 00f9 | ff03 02d1 | fd7b 07a9 
  0x0000000110934914: 2801 0018 | 8923 40b9 | 1f01 09eb | e000 0054 

  0x0000000110934924: ;   {runtime_call Stub::method_entry_barrier}
  0x0000000110934924: 0830 88d2 | 28fd a2f2 | 2800 c0f2 | 0001 3fd6 | 0200 0014 | 0000 0000 | e007 1d32 | 007c 4093 
  0x0000000110934944: 3d68 60f8 | e003 1c32 | 007c 4093 | 2268 60b8 | e003 1d32 | 007c 4093 | 2368 60f8 | 0000 a052 
  0x0000000110934964: 007c 4093 | 2468 60f8 | e003 01aa | e23f 00b9 | fd0f 04a9 | fd03 04aa 

  0x000000011093497c: ;   {runtime_call SharedRuntime::OSR_migration_end(long*)}
  0x000000011093497c: 8810 96d2 | e86d a1f2 | 2800 c0f2 | 0001 3fd6 | e403 1daa | e327 40f9 | e23f 40b9 | fd23 40f9 
  0x000000011093499c: e433 00f9 | b6ff ff17 

  0x00000001109349a4: ;   {metadata({method} {0x00000001281e2e48} 'pumpEventsForFilter' '(ILjava/awt/Conditional;Ljava/awt/EventFilter;)V' in 'java/awt/EventDispatchThread')}
  0x00000001109349a4: 08c9 85d2 | c803 a5f2 | 2800 c0f2 | e807 00f9 | 0800 8092 | e803 00f9 

  0x00000001109349bc: ; ImmutableOopMap {rfp=Oop c_rarg3=Oop c_rarg4=Oop }
                      ;*synchronization entry
                      ; - java.awt.EventDispatchThread::pumpEventsForFilter@-1 (line 125)
                      ;   {runtime_call C1 Runtime counter_overflow_blob}
  0x00000001109349bc: f1b0 d895 | 19ff ff17 

  0x00000001109349c4: ; ImmutableOopMap {c_rarg3=Oop rfp=Oop [96]=Oop }
                      ;*invokeinterface evaluate {reexecute=0 rethrow=0 return_oop=0}
                      ; - java.awt.EventDispatchThread::pumpEventsForFilter@25 (line 127)
                      ;   {runtime_call C1 Runtime throw_incompatible_class_change_error_blob}
  0x00000001109349c4: bfa9 d895 

  0x00000001109349c8: ; ImmutableOopMap {c_rarg3=Oop rfp=Oop [96]=Oop }
                      ;*invokeinterface evaluate {reexecute=0 rethrow=0 return_oop=0}
                      ; - java.awt.EventDispatchThread::pumpEventsForFilter@25 (line 127)
                      ;   {runtime_call C1 Runtime throw_null_pointer_exception_blob}
  0x00000001109349c8: 6ea3 d895 

  0x00000001109349cc: ;   {metadata({method} {0x00000001282175d8} 'evaluate' '()Z' in 'java/awt/EventDispatchThread$1')}
  0x00000001109349cc: 08bb 8ed2 | 2804 a5f2 | 2800 c0f2 | e807 00f9 | 0800 8092 | e803 00f9 

  0x00000001109349e4: ; ImmutableOopMap {c_rarg3=Oop rfp=Oop [96]=Oop }
                      ;*synchronization entry
                      ; - java.awt.EventDispatchThread$1::evaluate@-1 (line 94)
                      ; - java.awt.EventDispatchThread::pumpEventsForFilter@25 (line 127)
                      ;   {runtime_call C1 Runtime counter_overflow_blob}
  0x00000001109349e4: e7b0 d895 | 7aff ff17 

  0x00000001109349ec: ;   {metadata({method} {0x00000001281e2e48} 'pumpEventsForFilter' '(ILjava/awt/Conditional;Ljava/awt/EventFilter;)V' in 'java/awt/EventDispatchThread')}
  0x00000001109349ec: 08c9 85d2 | c803 a5f2 | 2800 c0f2 | e807 00f9 | c804 80d2 | e803 00f9 

  0x0000000110934a04: ; ImmutableOopMap {rfp=Oop [88]=Oop [96]=Oop }
                      ;*goto {reexecute=1 rethrow=0 return_oop=0}
                      ; - (reexecute) java.awt.EventDispatchThread::pumpEventsForFilter@38 (line 128)
                      ;   {runtime_call C1 Runtime counter_overflow_blob}
  0x0000000110934a04: dfb0 d895 | 92ff ff17 

  0x0000000110934a0c: ; ImmutableOopMap {c_rarg3=Oop rfp=Oop [96]=Oop }
                      ;*getfield doDispatch {reexecute=1 rethrow=0 return_oop=0}
                      ; - (reexecute) java.awt.EventDispatchThread::pumpEventsForFilter@11 (line 127)
                      ;   {runtime_call C1 Runtime throw_null_pointer_exception_blob}
  0x0000000110934a0c: 5da3 d895 

  0x0000000110934a10: ;   {internal_word}
  0x0000000110934a10: 28f7 ff10 | 8863 02f9 

  0x0000000110934a18: ;   {runtime_call SafepointBlob}
  0x0000000110934a18: 9a60 d515 | 80b7 42f9 | 9fb7 02f9 | 9fbb 02f9 | fd7b 47a9 | ff03 0291 

  0x0000000110934a30: ;   {runtime_call C1 Runtime unwind_exception_blob}
  0x0000000110934a30: a4a0 d815 | 0000 0000 
[Stub Code]
  0x0000000110934a38: ;   {static_stub}
  0x0000000110934a38: df3f 03d5 

  0x0000000110934a3c: ;   {metadata(nullptr)}
  0x0000000110934a3c: 0c00 80d2 | 0c00 a0f2 | 0c00 c0f2 | 0800 80d2 | 0800 a0f2 | 0800 c0f2 | 0001 1fd6 

  0x0000000110934a58: ;   {trampoline_stub}
  0x0000000110934a58: 4800 0058 | 0001 1fd6 | 00b6 e817 | 0100 0000 

  0x0000000110934a68: ;   {static_stub}
  0x0000000110934a68: df3f 03d5 

  0x0000000110934a6c: ;   {metadata(nullptr)}
  0x0000000110934a6c: 0c00 80d2 | 0c00 a0f2 | 0c00 c0f2 | 0800 80d2 | 0800 a0f2 | 0800 c0f2 | 0001 1fd6 

  0x0000000110934a88: ;   {trampoline_stub}
  0x0000000110934a88: 4800 0058 | 0001 1fd6 | e028 6a18 | 0100 0000 

  0x0000000110934a98: ;   {static_stub}
  0x0000000110934a98: df3f 03d5 

  0x0000000110934a9c: ;   {metadata(nullptr)}
  0x0000000110934a9c: 0c00 80d2 | 0c00 a0f2 | 0c00 c0f2 | 0800 80d2 | 0800 a0f2 | 0800 c0f2 | 0001 1fd6 

  0x0000000110934ab8: ;   {trampoline_stub}
  0x0000000110934ab8: 4800 0058 | 0001 1fd6 | 00b6 e817 | 0100 0000 
[Exception Handler]
  0x0000000110934ac8: ;   {runtime_call C1 Runtime handle_exception_from_callee_blob}
  0x0000000110934ac8: 5ea8 d895 

  0x0000000110934acc: ;   {external_word}
  0x0000000110934acc: 005e 84d2 | 2074 a1f2 | 2000 c0f2 | c1d5 bbd4 
[Deopt Handler Code]
  0x0000000110934adc: 1e00 0010 

  0x0000000110934ae0: ;   {runtime_call DeoptimizationBlob}
  0x0000000110934ae0: e860 d515 | 0000 0000 
[/MachCode]


---------------  P R O C E S S  ---------------

Threads class SMR info:
_java_thread_list=0x00000078e6e0cc40, length=36, elements={
0x000000010566f2d0, 0x00000078eae71800, 0x00000078eae72000, 0x00000078eae72800,
0x00000078eae73000, 0x00000078eae73800, 0x00000078eae84000, 0x00000078eb056800,
0x00000078eb057200, 0x00000078ea616000, 0x00000078ea616800, 0x00000078e9800800,
0x00000078e9801000, 0x00000078e9802000, 0x00000078e9802800, 0x00000078e9ce5800,
0x00000078e9ce5000, 0x00000078e9dc6800, 0x00000078e9e1a000, 0x00000078e9ce6800,
0x00000078e9834000, 0x00000078e9836800, 0x00000078e9837000, 0x00000078e9bcc000,
0x00000078e9bcc800, 0x00000078e9bcd000, 0x00000078e9bce000, 0x00000078e81a0800,
0x00000078e9e18000, 0x00000078e7d35000, 0x00000078e7d36000, 0x00000078e7d36800,
0x00000078e7d37000, 0x00000078e7413000, 0x00000078f4264000, 0x00000078f4264a00
}

Java Threads: ( => current thread )
  0x000000010566f2d0 JavaThread "main"                              [_thread_blocked, id=4867, stack(0x000000016b084000,0x000000016b287000) (2060K)]
  0x00000078eae71800 JavaThread "Common-Cleaner"             daemon [_thread_blocked, id=29699, stack(0x000000016c1fc000,0x000000016c3ff000) (2060K)]
  0x00000078eae72000 JavaThread "Reference Handler"          daemon [_thread_blocked, id=25091, stack(0x000000016c408000,0x000000016c60b000) (2060K)]
  0x00000078eae72800 JavaThread "Finalizer"                  daemon [_thread_blocked, id=25603, stack(0x000000016c614000,0x000000016c817000) (2060K)]
  0x00000078eae73000 JavaThread "Signal Dispatcher"          daemon [_thread_blocked, id=25859, stack(0x000000016c820000,0x000000016ca23000) (2060K)]
  0x00000078eae73800 JavaThread "Service Thread"             daemon [_thread_blocked, id=26371, stack(0x000000016ca2c000,0x000000016cc2f000) (2060K)]
  0x00000078eae84000 JavaThread "Monitor Deflation Thread"   daemon [_thread_blocked, id=28931, stack(0x000000016cc38000,0x000000016ce3b000) (2060K)]
  0x00000078eb056800 JavaThread "C2 CompilerThread0"         daemon [_thread_in_native, id=26883, stack(0x000000016ce44000,0x000000016d047000) (2060K)]
  0x00000078eb057200 JavaThread "C1 CompilerThread0"         daemon [_thread_blocked, id=28163, stack(0x000000016d050000,0x000000016d253000) (2060K)]
  0x00000078ea616000 JavaThread "process reaper (pid 79138)" daemon [_thread_in_native, id=27395, stack(0x000000016d468000,0x000000016d49f000) (220K)]
  0x00000078ea616800 JavaThread "DevTools: Stderr"           daemon [_thread_in_native, id=33027, stack(0x000000016d4a8000,0x000000016d6ab000) (2060K)]
  0x00000078e9800800 JavaThread "Hot Reload Main"            daemon [_thread_blocked, id=27667, stack(0x000000016d25c000,0x000000016d45f000) (2060K)]
  0x00000078e9801000 JavaThread "Orchestration IO: Writer"   daemon [_thread_blocked, id=33539, stack(0x000000016d6b4000,0x000000016d8b7000) (2060K)]
  0x00000078e9802000 JavaThread "Orchestration IO: Reader"   daemon [_thread_blocked, id=33795, stack(0x000000016d8c0000,0x000000016dac3000) (2060K)]
  0x00000078e9802800 JavaThread "Logger"                     daemon [_thread_blocked, id=34307, stack(0x000000016dacc000,0x000000016dccf000) (2060K)]
  0x00000078e9ce5800 JavaThread "Notification Thread"        daemon [_thread_blocked, id=34563, stack(0x000000016dcd8000,0x000000016dedb000) (2060K)]
  0x00000078e9ce5000 JavaThread "Compose Runtime Analyzer"   daemon [_thread_blocked, id=34819, stack(0x000000016e0f0000,0x000000016e2f3000) (2060K)]
  0x00000078e9dc6800 JavaThread "AppKit Thread"              daemon [_thread_in_native, id=259, stack(0x000000016a7fc000,0x000000016aff8000) (8176K)]
  0x00000078e9e1a000 JavaThread "AWT-Shutdown"                      [_thread_blocked, id=49179, stack(0x000000016e52c000,0x000000016e72f000) (2060K)]
=>0x00000078e9ce6800 JavaThread "AWT-EventQueue-0"                  [_thread_in_vm, id=75291, stack(0x000000016e850000,0x000000016ea53000) (2060K)]
  0x00000078e9834000 JavaThread "Java2D Queue Flusher"       daemon [_thread_blocked, id=76047, stack(0x000000016f6a4000,0x000000016f8a7000) (2060K)]
  0x00000078e9836800 JavaThread "Java2D Disposer"            daemon [_thread_blocked, id=89091, stack(0x000000016f8b0000,0x000000016fab3000) (2060K)]
  0x00000078e9837000 JavaThread "DefaultDispatcher-worker-1" daemon [_thread_blocked, id=126211, stack(0x000000016fcc8000,0x000000016fecb000) (2060K)]
  0x00000078e9bcc000 JavaThread "DefaultDispatcher-worker-2" daemon [_thread_blocked, id=92419, stack(0x000000016fed4000,0x00000001700d7000) (2060K)]
  0x00000078e9bcc800 JavaThread "DefaultDispatcher-worker-3" daemon [_thread_blocked, id=125699, stack(0x00000001700e0000,0x00000001702e3000) (2060K)]
  0x00000078e9bcd000 JavaThread "kotlinx.coroutines.DefaultExecutor" daemon [_thread_blocked, id=92931, stack(0x00000001702ec000,0x00000001704ef000) (2060K)]
  0x00000078e9bce000 JavaThread "Reference Cleaner"          daemon [_thread_blocked, id=125187, stack(0x00000001704f8000,0x00000001706fb000) (2060K)]
  0x00000078e81a0800 JavaThread "TimerQueue"                 daemon [_thread_blocked, id=126499, stack(0x000000016fabc000,0x000000016fcbf000) (2060K)]
  0x00000078e9e18000 JavaThread "AWTThreading pool-1-thread-1" daemon [_thread_blocked, id=94467, stack(0x0000000170f34000,0x0000000171137000) (2060K)]
  0x00000078e7d35000 JavaThread "DefaultDispatcher-worker-4" daemon [_thread_blocked, id=119051, stack(0x0000000171464000,0x0000000171667000) (2060K)]
  0x00000078e7d36000 JavaThread "DefaultDispatcher-worker-7" daemon [_thread_blocked, id=119567, stack(0x0000000171670000,0x0000000171873000) (2060K)]
  0x00000078e7d36800 JavaThread "DefaultDispatcher-worker-6" daemon [_thread_blocked, id=118787, stack(0x000000017187c000,0x0000000171a7f000) (2060K)]
  0x00000078e7d37000 JavaThread "DefaultDispatcher-worker-5" daemon [_thread_blocked, id=118275, stack(0x0000000171a88000,0x0000000171c8b000) (2060K)]
  0x00000078e7413000 JavaThread "skiko-dispatcher-to-block-on" daemon [_thread_blocked, id=24975, stack(0x000000016ea5c000,0x000000016ec5f000) (2060K)]
  0x00000078f4264000 JavaThread "C2 CompilerThread1"         daemon [_thread_in_native, id=30915, stack(0x0000000171258000,0x000000017145b000) (2060K)]
  0x00000078f4264a00 JavaThread "C2 CompilerThread2"         daemon [_thread_in_native, id=52495, stack(0x0000000171c94000,0x0000000171e97000) (2060K)]
Total: 36

Other Threads:
  0x00000078eb099c00 VMThread "VM Thread"                           [id=19715, stack(0x000000016bed8000,0x000000016c0db000) (2060K)]
  0x00000078eb099800 WatcherThread "VM Periodic Task Thread"        [id=21523, stack(0x000000016bccc000,0x000000016becf000) (2060K)]
  0x0000000105679e20 WorkerThread "GC Thread#0"                     [id=12547, stack(0x000000016b290000,0x000000016b493000) (2060K)]
  0x00000078ed8d1e00 WorkerThread "GC Thread#1"                     [id=76811, stack(0x000000016ec68000,0x000000016ee6b000) (2060K)]
  0x00000078ed8d2300 WorkerThread "GC Thread#2"                     [id=76299, stack(0x000000016ee74000,0x000000016f077000) (2060K)]
  0x00000078ed8d2800 WorkerThread "GC Thread#3"                     [id=76559, stack(0x000000016f080000,0x000000016f283000) (2060K)]
  0x00000078ed8d2d00 WorkerThread "GC Thread#4"                     [id=130563, stack(0x000000016f28c000,0x000000016f48f000) (2060K)]
  0x00000078ed8d3200 WorkerThread "GC Thread#5"                     [id=88323, stack(0x000000016f498000,0x000000016f69b000) (2060K)]
  0x00000078eda4ed00 WorkerThread "GC Thread#6"                     [id=124947, stack(0x0000000170704000,0x0000000170907000) (2060K)]
  0x00000078eda4f200 WorkerThread "GC Thread#7"                     [id=93699, stack(0x0000000170910000,0x0000000170b13000) (2060K)]
  0x00000078eda4f700 WorkerThread "GC Thread#8"                     [id=124419, stack(0x0000000170b1c000,0x0000000170d1f000) (2060K)]
  0x000000010567af30 ConcurrentGCThread "G1 Main Marker"            [id=13059, stack(0x000000016b49c000,0x000000016b69f000) (2060K)]
  0x000000010567ba50 WorkerThread "G1 Conc#0"                       [id=13827, stack(0x000000016b6a8000,0x000000016b8ab000) (2060K)]
  0x00000078ed984500 WorkerThread "G1 Conc#1"                       [id=123907, stack(0x0000000170d28000,0x0000000170f2b000) (2060K)]
  0x00000078eb094000 ConcurrentGCThread "G1 Refine#0"               [id=16643, stack(0x000000016b8b4000,0x000000016bab7000) (2060K)]
  0x00000078eb094500 ConcurrentGCThread "G1 Service"                [id=17155, stack(0x000000016bac0000,0x000000016bcc3000) (2060K)]
Total: 16

Threads with active compile tasks:
C2 CompilerThread0  601957 10008   !   4       jdk.internal.loader.URLClassPath$JarLoader::getResource (39 bytes)
C2 CompilerThread1  601957 10009       4       jdk.internal.loader.URLClassPath$JarLoader::ensureOpen (57 bytes)
C2 CompilerThread2  601957 10007       4       java.util.jar.JarFile::getJarEntry (9 bytes)
Total: 3

VM state: not at safepoint (normal execution)

VM Mutex/Monitor currently owned by a thread: None

Heap address: 0x0000007000800000, size: 4096 MB, Compressed Oops mode: Non-zero disjoint base: 0x0000007000000000, Oop shift amount: 3

CDS archive(s) mapped at: [0x000000f000000000-0x000000f001cc4000-0x000000f001cc4000), size 30162944, SharedBaseAddress: 0x000000f000000000, ArchiveRelocationMode: 1.
Compressed class space mapped at: 0x000000f002000000-0x000000f042000000, reserved size: 1073741824
UseCompressedClassPointers 1, UseCompactObjectHeaders 0
Narrow klass pointer bits 32, Max shift 3
Narrow klass base: 0x000000f000000000, Narrow klass shift: 0
Encoding Range: [0x000000f000000000 - 0x000000f100000000), (4294967296 bytes)
Klass Range:    [0x000000f000004000 - 0x000000f042000000), (1107279872 bytes)
Klass ID Range:  [16384 - 1107296249) (1107279865)
Protection zone: [0x000000f000000000 - 0x000000f000004000), (16384 bytes)

GC Precious Log:
 CardTable entry size: 512
 Card Set container configuration: InlinePtr #cards 4 size 8 Array Of Cards #cards 16 size 48 Howl #buckets 8 coarsen threshold 3686 Howl Bitmap #cards 512 size 80 coarsen threshold 460 Card regions per heap region 1 cards per card region 4096
 CPUs: 10 total, 10 available
 Memory: 16384M
 Large Page Support: Disabled
 NUMA Support: Disabled
 Compressed Oops: Enabled (Non-zero disjoint base)
 Heap Region Size: 2M
 Heap Min Capacity: 8M
 Heap Initial Capacity: 256M
 Heap Max Capacity: 4G
 Pre-touch: Disabled
 Parallel Workers: 9
 Concurrent Workers: 2
 Concurrent Refinement Workers: 9
 Periodic GC: Disabled

Heap:
 garbage-first heap   total reserved 4194304K, committed 75776K, used 25203K [0x0000007000800000, 0x0000007100800000)
  region size 2048K, 3 young (6144K), 1 survivors (2048K)

Heap Regions: E=young(eden), S=young(survivor), O=old, HS=humongous(starts), HC=humongous(continues), CS=collection set, F=free, TAMS=top-at-mark-start, PB=parsable bottom
|   0|0x0000007000800000, 0x0000007000a00000, 0x0000007000a00000|100%|HS|  |TAMS 0x0000007000800000| PB 0x0000007000800000| Untracked |  0
|   1|0x0000007000a00000, 0x0000007000bffff8, 0x0000007000c00000| 99%| O|  |TAMS 0x0000007000a00000| PB 0x0000007000a00000| Untracked |  0
|   2|0x0000007000c00000, 0x0000007000e00000, 0x0000007000e00000|100%| O|  |TAMS 0x0000007000c00000| PB 0x0000007000c00000| Untracked |  0
|   3|0x0000007000e00000, 0x0000007000fffff0, 0x0000007001000000| 99%| O|  |TAMS 0x0000007000e00000| PB 0x0000007000e00000| Untracked |  0
|   4|0x0000007001000000, 0x00000070011fffe8, 0x0000007001200000| 99%| O|  |TAMS 0x0000007001000000| PB 0x0000007001000000| Untracked |  0
|   5|0x0000007001200000, 0x00000070013c07a8, 0x0000007001400000| 87%| O|  |TAMS 0x0000007001200000| PB 0x0000007001200000| Untracked |  0
|   6|0x0000007001400000, 0x00000070015daca8, 0x0000007001600000| 92%| O|  |TAMS 0x0000007001400000| PB 0x0000007001400000| Untracked |  0
|   7|0x0000007001600000, 0x00000070017ffff8, 0x0000007001800000| 99%| O|  |TAMS 0x0000007001600000| PB 0x0000007001600000| Untracked |  0
|   8|0x0000007001800000, 0x0000007001800000, 0x0000007001a00000|  0%| F|  |TAMS 0x0000007001800000| PB 0x0000007001800000| Untracked |  0
|   9|0x0000007001a00000, 0x0000007001a00000, 0x0000007001c00000|  0%| F|  |TAMS 0x0000007001a00000| PB 0x0000007001a00000| Untracked |  0
|  10|0x0000007001c00000, 0x0000007001c00000, 0x0000007001e00000|  0%| F|  |TAMS 0x0000007001c00000| PB 0x0000007001c00000| Untracked |  0
|  11|0x0000007001e00000, 0x0000007001e00000, 0x0000007002000000|  0%| F|  |TAMS 0x0000007001e00000| PB 0x0000007001e00000| Untracked |  0
|  12|0x0000007002000000, 0x0000007002101908, 0x0000007002200000| 50%| S|CS|TAMS 0x0000007002000000| PB 0x0000007002000000| Complete |  0
|  13|0x0000007002200000, 0x0000007002200000, 0x0000007002400000|  0%| F|  |TAMS 0x0000007002200000| PB 0x0000007002200000| Untracked |  0
|  14|0x0000007002400000, 0x0000007002400000, 0x0000007002600000|  0%| F|  |TAMS 0x0000007002400000| PB 0x0000007002400000| Untracked |  0
|  15|0x0000007002600000, 0x0000007002600000, 0x0000007002800000|  0%| F|  |TAMS 0x0000007002600000| PB 0x0000007002600000| Untracked |  0
|  16|0x0000007002800000, 0x0000007002800000, 0x0000007002a00000|  0%| F|  |TAMS 0x0000007002800000| PB 0x0000007002800000| Untracked |  0
|  17|0x0000007002a00000, 0x0000007002a00000, 0x0000007002c00000|  0%| F|  |TAMS 0x0000007002a00000| PB 0x0000007002a00000| Untracked |  0
|  18|0x0000007002c00000, 0x0000007002c00000, 0x0000007002e00000|  0%| F|  |TAMS 0x0000007002c00000| PB 0x0000007002c00000| Untracked |  0
|  19|0x0000007002e00000, 0x0000007002e00000, 0x0000007003000000|  0%| F|  |TAMS 0x0000007002e00000| PB 0x0000007002e00000| Untracked |  0
|  20|0x0000007003000000, 0x0000007003000000, 0x0000007003200000|  0%| F|  |TAMS 0x0000007003000000| PB 0x0000007003000000| Untracked |  0
|  21|0x0000007003200000, 0x0000007003200000, 0x0000007003400000|  0%| F|  |TAMS 0x0000007003200000| PB 0x0000007003200000| Untracked |  0
|  22|0x0000007003400000, 0x0000007003400000, 0x0000007003600000|  0%| F|  |TAMS 0x0000007003400000| PB 0x0000007003400000| Untracked |  0
|  23|0x0000007003600000, 0x0000007003600000, 0x0000007003800000|  0%| F|  |TAMS 0x0000007003600000| PB 0x0000007003600000| Untracked |  0
|  24|0x0000007003800000, 0x0000007003800000, 0x0000007003a00000|  0%| F|  |TAMS 0x0000007003800000| PB 0x0000007003800000| Untracked |  0
|  25|0x0000007003a00000, 0x0000007003a00000, 0x0000007003c00000|  0%| F|  |TAMS 0x0000007003a00000| PB 0x0000007003a00000| Untracked |  0
|  26|0x0000007003c00000, 0x0000007003c00000, 0x0000007003e00000|  0%| F|  |TAMS 0x0000007003c00000| PB 0x0000007003c00000| Untracked |  0
|  27|0x0000007003e00000, 0x0000007003e00000, 0x0000007004000000|  0%| F|  |TAMS 0x0000007003e00000| PB 0x0000007003e00000| Untracked |  0
|  28|0x0000007004000000, 0x0000007004000000, 0x0000007004200000|  0%| F|  |TAMS 0x0000007004000000| PB 0x0000007004000000| Untracked |  0
|  29|0x0000007004200000, 0x0000007004200000, 0x0000007004400000|  0%| F|  |TAMS 0x0000007004200000| PB 0x0000007004200000| Untracked |  0
|  30|0x0000007004400000, 0x0000007004400000, 0x0000007004600000|  0%| F|  |TAMS 0x0000007004400000| PB 0x0000007004400000| Untracked |  0
|  31|0x0000007004600000, 0x0000007004600000, 0x0000007004800000|  0%| F|  |TAMS 0x0000007004600000| PB 0x0000007004600000| Untracked |  0
|  74|0x0000007009c00000, 0x0000007009e00000, 0x0000007009e00000|100%| E|  |TAMS 0x0000007009c00000| PB 0x0000007009c00000| Complete |  0
| 127|0x0000007010600000, 0x0000007010800000, 0x0000007010800000|100%| E|CS|TAMS 0x0000007010600000| PB 0x0000007010600000| Complete |  0
|2042|0x00000070ffc00000, 0x00000070ffe00000, 0x00000070ffe00000|100%| O|  |TAMS 0x00000070ffc00000| PB 0x00000070ffc00000| Untracked |  0
|2044|0x0000007100000000, 0x0000007100200000, 0x0000007100200000|100%| O|  |TAMS 0x0000007100000000| PB 0x0000007100000000| Untracked |  0
|2045|0x0000007100200000, 0x0000007100400000, 0x0000007100400000|100%| O|  |TAMS 0x0000007100200000| PB 0x0000007100200000| Untracked |  0

Card table byte_map: [0x000000011f91c000,0x000000012011c000] _byte_map_base: 0x00000000e7918000

Marking Bits: (CMBitMap*) 0x000000010567a550
 Bits: [0x0000000121604000, 0x0000000125604000)

Polling page: 0x0000000104e30000

Metaspace:
Metaspace        used 47069K, committed 47680K, reserved 1114112K
 class space     used 5209K, committed 5440K, reserved 1048576K

Usage:
  Non-class:     40.88 MB used.
      Class:      5.09 MB used.
       Both:     45.97 MB used.

Virtual space:
  Non-class space:       64.00 MB reserved,      41.25 MB ( 64%) committed,  1 nodes.
      Class space:        1.00 GB reserved,       5.31 MB ( <1%) committed,  1 nodes.
             Both:        1.06 GB reserved,      46.56 MB (  4%) committed. 

Chunk freelists:
   Non-Class:  6.42 MB
       Class:  10.55 MB
        Both:  16.97 MB

MaxMetaspaceSize: unlimited
CompressedClassSpaceSize: 1.00 GB
Initial GC threshold: 21.00 MB
Current GC threshold: 75.44 MB
CDS: on
 - commit_granule_bytes: 65536.
 - commit_granule_words: 8192.
 - virtual_space_node_default_size: 8388608.
 - enlarge_chunks_in_place: 1.
UseCompressedClassPointers 1, UseCompactObjectHeaders 0
Narrow klass pointer bits 32, Max shift 3
Narrow klass base: 0x000000f000000000, Narrow klass shift: 0
Encoding Range: [0x000000f000000000 - 0x000000f100000000), (4294967296 bytes)
Klass Range:    [0x000000f000004000 - 0x000000f042000000), (1107279872 bytes)
Klass ID Range:  [16384 - 1107296249) (1107279865)
Protection zone: [0x000000f000000000 - 0x000000f000004000), (16384 bytes)


Internal statistics:

num_allocs_failed_limit: 6.
num_arena_births: 834.
num_arena_deaths: 0.
num_vsnodes_births: 2.
num_vsnodes_deaths: 0.
num_space_committed: 745.
num_space_uncommitted: 0.
num_chunks_returned_to_freelist: 6.
num_chunks_taken_from_freelist: 2431.
num_chunk_merges: 6.
num_chunk_splits: 1761.
num_chunks_enlarged: 1427.
num_inconsistent_stats: 0.

CodeHeap 'non-profiled nmethods': size=120032Kb used=3717Kb max_used=3717Kb free=116314Kb
 bounds [0x00000001183e4000, 0x0000000118794000, 0x000000011f91c000]
CodeHeap 'profiled nmethods': size=120032Kb used=9670Kb max_used=11931Kb free=110361Kb
 bounds [0x0000000110918000, 0x00000001114c8000, 0x0000000117e50000]
CodeHeap 'non-nmethods': size=5712Kb used=2609Kb max_used=2734Kb free=3102Kb
 bounds [0x0000000117e50000, 0x0000000118110000, 0x00000001183e4000]
CodeCache: size=245776Kb, used=15996Kb, max_used=18382Kb, free=229777Kb
 total_blobs=9355, nmethods=7353, adapters=1910, full_count=0
Compilation: enabled, stopped_count=0, restarted_count=0

Compilation events (20 events):
Event: 601.788 Thread 0x00000078eb057200 nmethod 9997 0x000000011105b248 code [0x000000011105b340, 0x000000011105bbd8]
Event: 601.788 Thread 0x00000078eb057200 9998       3       javassist.bytecode.MemberrefInfo::write (25 bytes)
Event: 601.789 Thread 0x00000078eb057200 nmethod 9998 0x000000011134fa88 code [0x000000011134fb80, 0x0000000111350f38]
Event: 601.789 Thread 0x00000078eb057200 9999       3       javassist.bytecode.ConstPool::read (64 bytes)
Event: 601.790 Thread 0x00000078eb057200 nmethod 9999 0x00000001113178c8 code [0x00000001113179c0, 0x0000000111318ab0]
Event: 601.790 Thread 0x00000078eb057200 10001       1       sun.nio.fs.UnixFileSystem::provider (5 bytes)
Event: 601.790 Thread 0x00000078eb057200 nmethod 10001 0x000000011877fa48 code [0x000000011877fb40, 0x000000011877fc28]
Event: 601.790 Thread 0x00000078eb057200 10000       3       javassist.bytecode.ClassInfo::write (15 bytes)
Event: 601.790 Thread 0x00000078eb057200 nmethod 10000 0x0000000110b1dc88 code [0x0000000110b1dd80, 0x0000000110b1e8c8]
Event: 601.790 Thread 0x00000078eb057200 10004       3       javassist.ClassPool::get (35 bytes)
Event: 601.790 Thread 0x00000078eb057200 nmethod 10004 0x0000000111317348 code [0x0000000111317440, 0x00000001113177c8]
Event: 601.790 Thread 0x00000078eb057200 10006   !   3       javassist.bytecode.CodeIterator::nextOpcode (151 bytes)
Event: 601.790 Thread 0x00000078eb057200 nmethod 10006 0x0000000110b1d588 code [0x0000000110b1d680, 0x0000000110b1dc60]
Event: 601.790 Thread 0x00000078eb057200 10005  s    3       javassist.ClassPool::get0 (101 bytes)
Event: 601.791 Thread 0x00000078eb057200 nmethod 10005 0x0000000110eec388 code [0x0000000110eec480, 0x0000000110eecfa8]
Event: 601.791 Thread 0x00000078eb057200 10003       1       javassist.CtClass::getName (5 bytes)
Event: 601.791 Thread 0x00000078eb057200 nmethod 10003 0x000000011877fc48 code [0x000000011877fd40, 0x000000011877fe28]
Event: 601.791 Thread 0x00000078eb057200 10002       1       javassist.CtClassType::isFrozen (5 bytes)
Event: 601.791 Thread 0x00000078eb057200 nmethod 10002 0x000000011877fe48 code [0x000000011877ff40, 0x0000000118780020]
Event: 601.798 Thread 0x00000078eb056800 nmethod 9920 0x0000000118780048 code [0x0000000118780140, 0x0000000118785b80]

GC Heap Usage History (20 events):
Event: 2.273 {heap Before GC invocations=5 (full 0):
 garbage-first heap   total reserved 4194304K, committed 94208K, used 21651K [0x0000007000800000, 0x0000007100800000)
  region size 2048K, 3 young (6144K), 2 survivors (4096K)
}
Event: 2.276 {heap After GC invocations=6 (full 0):
 garbage-first heap   total reserved 4194304K, committed 94208K, used 21998K [0x0000007000800000, 0x0000007100800000)
  region size 2048K, 1 young (2048K), 1 survivors (2048K)
}
Event: 3.556 {heap Before GC invocations=7 (full 0):
 garbage-first heap   total reserved 4194304K, committed 81920K, used 69102K [0x0000007000800000, 0x0000007100800000)
  region size 2048K, 25 young (51200K), 1 survivors (2048K)
}
Event: 3.559 {heap After GC invocations=8 (full 0):
 garbage-first heap   total reserved 4194304K, committed 81920K, used 24420K [0x0000007000800000, 0x0000007100800000)
  region size 2048K, 3 young (6144K), 3 survivors (6144K)
}
Event: 11.060 {heap Before GC invocations=8 (full 0):
 garbage-first heap   total reserved 4194304K, committed 81920K, used 63332K [0x0000007000800000, 0x0000007100800000)
  region size 2048K, 22 young (45056K), 3 survivors (6144K)
}
Event: 11.067 {heap After GC invocations=9 (full 0):
 garbage-first heap   total reserved 4194304K, committed 81920K, used 24695K [0x0000007000800000, 0x0000007100800000)
  region size 2048K, 2 young (4096K), 2 survivors (4096K)
}
Event: 31.069 {heap Before GC invocations=9 (full 0):
 garbage-first heap   total reserved 4194304K, committed 81920K, used 51319K [0x0000007000800000, 0x0000007100800000)
  region size 2048K, 16 young (32768K), 2 survivors (4096K)
}
Event: 31.106 {heap After GC invocations=10 (full 1):
 garbage-first heap   total reserved 4194304K, committed 81920K, used 22078K [0x0000007000800000, 0x0000007100800000)
  region size 2048K, 0 young (0K), 0 survivors (0K)
}
Event: 61.110 {heap Before GC invocations=10 (full 1):
 garbage-first heap   total reserved 4194304K, committed 81920K, used 38462K [0x0000007000800000, 0x0000007100800000)
  region size 2048K, 9 young (18432K), 0 survivors (0K)
}
Event: 61.128 {heap After GC invocations=11 (full 2):
 garbage-first heap   total reserved 4194304K, committed 81920K, used 22158K [0x0000007000800000, 0x0000007100800000)
  region size 2048K, 0 young (0K), 0 survivors (0K)
}
Event: 91.130 {heap Before GC invocations=11 (full 2):
 garbage-first heap   total reserved 4194304K, committed 81920K, used 38542K [0x0000007000800000, 0x0000007100800000)
  region size 2048K, 9 young (18432K), 0 survivors (0K)
}
Event: 91.161 {heap After GC invocations=12 (full 3):
 garbage-first heap   total reserved 4194304K, committed 75776K, used 22172K [0x0000007000800000, 0x0000007100800000)
  region size 2048K, 0 young (0K), 0 survivors (0K)
}
Event: 121.163 {heap Before GC invocations=12 (full 3):
 garbage-first heap   total reserved 4194304K, committed 75776K, used 34460K [0x0000007000800000, 0x0000007100800000)
  region size 2048K, 7 young (14336K), 0 survivors (0K)
}
Event: 121.217 {heap After GC invocations=13 (full 4):
 garbage-first heap   total reserved 4194304K, committed 75776K, used 22155K [0x0000007000800000, 0x0000007100800000)
  region size 2048K, 0 young (0K), 0 survivors (0K)
}
Event: 391.255 {heap Before GC invocations=13 (full 4):
 garbage-first heap   total reserved 4194304K, committed 75776K, used 32395K [0x0000007000800000, 0x0000007100800000)
  region size 2048K, 6 young (12288K), 0 survivors (0K)
}
Event: 391.305 {heap After GC invocations=14 (full 5):
 garbage-first heap   total reserved 4194304K, committed 75776K, used 22125K [0x0000007000800000, 0x0000007100800000)
  region size 2048K, 0 young (0K), 0 survivors (0K)
}
Event: 477.322 {heap Before GC invocations=14 (full 5):
 garbage-first heap   total reserved 4194304K, committed 75776K, used 63085K [0x0000007000800000, 0x0000007100800000)
  region size 2048K, 20 young (40960K), 0 survivors (0K)
}
Event: 477.324 {heap After GC invocations=15 (full 5):
 garbage-first heap   total reserved 4194304K, committed 75776K, used 23047K [0x0000007000800000, 0x0000007100800000)
  region size 2048K, 1 young (2048K), 1 survivors (2048K)
}
Event: 601.607 {heap Before GC invocations=15 (full 5):
 garbage-first heap   total reserved 4194304K, committed 75776K, used 64007K [0x0000007000800000, 0x0000007100800000)
  region size 2048K, 21 young (43008K), 1 survivors (2048K)
}
Event: 601.616 {heap After GC invocations=16 (full 5):
 garbage-first heap   total reserved 4194304K, committed 75776K, used 23155K [0x0000007000800000, 0x0000007100800000)
  region size 2048K, 1 young (2048K), 1 survivors (2048K)
}

Metaspace Usage History (20 events):
Event: 2.273 {metaspace Before GC invocations=5 (full 0):
 Metaspace       used 35848K, committed 36288K, reserved 1114112K
  class space    used 4081K, committed 4288K, reserved 1048576K
}
Event: 2.276 {metaspace After GC invocations=6 (full 0):
 Metaspace       used 35848K, committed 36288K, reserved 1114112K
  class space    used 4081K, committed 4288K, reserved 1048576K
}
Event: 3.556 {metaspace Before GC invocations=7 (full 0):
 Metaspace       used 43663K, committed 44224K, reserved 1114112K
  class space    used 4947K, committed 5184K, reserved 1048576K
}
Event: 3.559 {metaspace After GC invocations=8 (full 0):
 Metaspace       used 43663K, committed 44224K, reserved 1114112K
  class space    used 4947K, committed 5184K, reserved 1048576K
}
Event: 11.060 {metaspace Before GC invocations=8 (full 0):
 Metaspace       used 45373K, committed 45952K, reserved 1114112K
  class space    used 5056K, committed 5248K, reserved 1048576K
}
Event: 11.067 {metaspace After GC invocations=9 (full 0):
 Metaspace       used 45373K, committed 45952K, reserved 1114112K
  class space    used 5056K, committed 5248K, reserved 1048576K
}
Event: 31.069 {metaspace Before GC invocations=9 (full 0):
 Metaspace       used 45740K, committed 46336K, reserved 1114112K
  class space    used 5085K, committed 5312K, reserved 1048576K
}
Event: 31.106 {metaspace After GC invocations=10 (full 1):
 Metaspace       used 45740K, committed 46336K, reserved 1114112K
  class space    used 5085K, committed 5312K, reserved 1048576K
}
Event: 61.110 {metaspace Before GC invocations=10 (full 1):
 Metaspace       used 45748K, committed 46336K, reserved 1114112K
  class space    used 5085K, committed 5312K, reserved 1048576K
}
Event: 61.128 {metaspace After GC invocations=11 (full 2):
 Metaspace       used 45748K, committed 46336K, reserved 1114112K
  class space    used 5085K, committed 5312K, reserved 1048576K
}
Event: 91.130 {metaspace Before GC invocations=11 (full 2):
 Metaspace       used 45760K, committed 46336K, reserved 1114112K
  class space    used 5085K, committed 5312K, reserved 1048576K
}
Event: 91.161 {metaspace After GC invocations=12 (full 3):
 Metaspace       used 45760K, committed 46336K, reserved 1114112K
  class space    used 5085K, committed 5312K, reserved 1048576K
}
Event: 121.163 {metaspace Before GC invocations=12 (full 3):
 Metaspace       used 45780K, committed 46336K, reserved 1114112K
  class space    used 5086K, committed 5312K, reserved 1048576K
}
Event: 121.217 {metaspace After GC invocations=13 (full 4):
 Metaspace       used 45780K, committed 46336K, reserved 1114112K
  class space    used 5086K, committed 5312K, reserved 1048576K
}
Event: 391.255 {metaspace Before GC invocations=13 (full 4):
 Metaspace       used 45881K, committed 46464K, reserved 1114112K
  class space    used 5086K, committed 5312K, reserved 1048576K
}
Event: 391.305 {metaspace After GC invocations=14 (full 5):
 Metaspace       used 45881K, committed 46464K, reserved 1114112K
  class space    used 5086K, committed 5312K, reserved 1048576K
}
Event: 477.322 {metaspace Before GC invocations=14 (full 5):
 Metaspace       used 46008K, committed 46592K, reserved 1114112K
  class space    used 5093K, committed 5312K, reserved 1048576K
}
Event: 477.324 {metaspace After GC invocations=15 (full 5):
 Metaspace       used 46008K, committed 46592K, reserved 1114112K
  class space    used 5093K, committed 5312K, reserved 1048576K
}
Event: 601.607 {metaspace Before GC invocations=15 (full 5):
 Metaspace       used 47004K, committed 47616K, reserved 1114112K
  class space    used 5204K, committed 5440K, reserved 1048576K
}
Event: 601.616 {metaspace After GC invocations=16 (full 5):
 Metaspace       used 47004K, committed 47616K, reserved 1114112K
  class space    used 5204K, committed 5440K, reserved 1048576K
}

Dll operation events (20 events):
Event: 1.915 Attempting to load shared library /Library/Java/Extensions/libsqliteJni.jnilib
Event: 1.915 Loading shared library /Library/Java/Extensions/libsqliteJni.jnilib failed, dlopen(/Library/Java/Extensions/libsqliteJni.jnilib, 0x0001): tried: '/Library/Java/Extensions/libsqliteJni.jnilib' (no such file), '/System/Volumes/Preboot/Cryptexes/OS/Library/J
Event: 1.915 Attempting to load shared library /Network/Library/Java/Extensions/libsqliteJni.dylib
Event: 1.915 Loading shared library /Network/Library/Java/Extensions/libsqliteJni.dylib failed, dlopen(/Network/Library/Java/Extensions/libsqliteJni.dylib, 0x0001): tried: '/Network/Library/Java/Extensions/libsqliteJni.dylib' (no such file), '/System/Volumes/Preboot/C
Event: 1.915 Attempting to load shared library /Network/Library/Java/Extensions/libsqliteJni.jnilib
Event: 1.915 Loading shared library /Network/Library/Java/Extensions/libsqliteJni.jnilib failed, dlopen(/Network/Library/Java/Extensions/libsqliteJni.jnilib, 0x0001): tried: '/Network/Library/Java/Extensions/libsqliteJni.jnilib' (no such file), '/System/Volumes/Preboo
Event: 1.915 Attempting to load shared library /System/Library/Java/Extensions/libsqliteJni.dylib
Event: 1.915 Loading shared library /System/Library/Java/Extensions/libsqliteJni.dylib failed, dlopen(/System/Library/Java/Extensions/libsqliteJni.dylib, 0x0001): tried: '/System/Library/Java/Extensions/libsqliteJni.dylib' (no such file), '/System/Volumes/Preboot/Cryp
Event: 1.915 Attempting to load shared library /System/Library/Java/Extensions/libsqliteJni.jnilib
Event: 1.915 Loading shared library /System/Library/Java/Extensions/libsqliteJni.jnilib failed, dlopen(/System/Library/Java/Extensions/libsqliteJni.jnilib, 0x0001): tried: '/System/Library/Java/Extensions/libsqliteJni.jnilib' (no such file), '/System/Volumes/Preboot/C
Event: 1.915 Attempting to load shared library /usr/lib/java/libsqliteJni.dylib
Event: 1.915 Loading shared library /usr/lib/java/libsqliteJni.dylib failed, dlopen(/usr/lib/java/libsqliteJni.dylib, 0x0001): tried: '/usr/lib/java/libsqliteJni.dylib' (no such file), '/System/Volumes/Preboot/Cryptexes/OS/usr/lib/java/libsqliteJni.dylib' (no such fil
Event: 1.916 Attempting to load shared library /usr/lib/java/libsqliteJni.jnilib
Event: 1.916 Loading shared library /usr/lib/java/libsqliteJni.jnilib failed, dlopen(/usr/lib/java/libsqliteJni.jnilib, 0x0001): tried: '/usr/lib/java/libsqliteJni.jnilib' (no such file), '/System/Volumes/Preboot/Cryptexes/OS/usr/lib/java/libsqliteJni.jnilib' (no such
Event: 1.916 Attempting to load shared library /Volumes/Box/Code/Kotlin/Traclock/desktopApp/libsqliteJni.dylib
Event: 1.916 Loading shared library /Volumes/Box/Code/Kotlin/Traclock/desktopApp/libsqliteJni.dylib failed, dlopen(/Volumes/Box/Code/Kotlin/Traclock/desktopApp/libsqliteJni.dylib, 0x0001): tried: '/Volumes/Box/Code/Kotlin/Traclock/desktopApp/libsqliteJni.dylib' (no su
Event: 1.916 Attempting to load shared library /Volumes/Box/Code/Kotlin/Traclock/desktopApp/libsqliteJni.jnilib
Event: 1.916 Loading shared library /Volumes/Box/Code/Kotlin/Traclock/desktopApp/libsqliteJni.jnilib failed, dlopen(/Volumes/Box/Code/Kotlin/Traclock/desktopApp/libsqliteJni.jnilib, 0x0001): tried: '/Volumes/Box/Code/Kotlin/Traclock/desktopApp/libsqliteJni.jnilib' (no
Event: 1.930 Attempting to load shared library /private/var/folders/nv/r30ny8j529g3g1_80dttnkxr0000gn/T/androidx_sqliteJni12928117237790958029.tmp
Event: 2.264 Loaded shared library /private/var/folders/nv/r30ny8j529g3g1_80dttnkxr0000gn/T/androidx_sqliteJni12928117237790958029.tmp

Deoptimization events (20 events):
Event: 601.728 Thread 0x00000078e9ce6800 Uncommon trap: trap_request=0xffffff45 fr.pc=0x0000000118478040 relative=0x0000000000000640
Event: 601.728 Thread 0x00000078e9ce6800 Uncommon trap: reason=unstable_if action=reinterpret pc=0x0000000118478040 method=org.objectweb.asm.ClassReader.readElementValue(Lorg/objectweb/asm/AnnotationVisitor;ILjava/lang/String;[C)I @ 4 c2
Event: 601.728 Thread 0x00000078e9ce6800 DEOPT PACKING pc=0x0000000118478040 sp=0x000000016ea51ef0
Event: 601.728 Thread 0x00000078e9ce6800 DEOPT UNPACKING pc=0x0000000117f6495c sp=0x000000016ea51e30 mode 2
Event: 601.753 Thread 0x00000078e9ce6800 Uncommon trap: trap_request=0xffffff45 fr.pc=0x00000001184ff8d8 relative=0x0000000000000118
Event: 601.753 Thread 0x00000078e9ce6800 Uncommon trap: reason=unstable_if action=reinterpret pc=0x00000001184ff8d8 method=java.lang.StringConcatHelper.prepend(IB[BLjava/lang/String;Ljava/lang/String;)I @ 8 c2
Event: 601.753 Thread 0x00000078e9ce6800 DEOPT PACKING pc=0x00000001184ff8d8 sp=0x000000016ea51f70
Event: 601.753 Thread 0x00000078e9ce6800 DEOPT UNPACKING pc=0x0000000117f6495c sp=0x000000016ea51f10 mode 2
Event: 601.753 Thread 0x00000078e9ce6800 Uncommon trap: trap_request=0xffffff45 fr.pc=0x0000000118450230 relative=0x00000000000003f0
Event: 601.753 Thread 0x00000078e9ce6800 Uncommon trap: reason=unstable_if action=reinterpret pc=0x0000000118450230 method=java.lang.String.isLatin1()Z @ 10 c2
Event: 601.753 Thread 0x00000078e9ce6800 DEOPT PACKING pc=0x0000000118450230 sp=0x000000016ea52160
Event: 601.753 Thread 0x00000078e9ce6800 DEOPT UNPACKING pc=0x0000000117f6495c sp=0x000000016ea52080 mode 2
Event: 601.790 Thread 0x00000078e9ce6800 Uncommon trap: trap_request=0xffffff45 fr.pc=0x000000011877a5ec relative=0x00000000000009ac
Event: 601.790 Thread 0x00000078e9ce6800 Uncommon trap: reason=unstable_if action=reinterpret pc=0x000000011877a5ec method=java.io.DataInputStream.readUTF(Ljava/io/DataInput;)Ljava/lang/String; @ 249 c2
Event: 601.790 Thread 0x00000078e9ce6800 DEOPT PACKING pc=0x000000011877a5ec sp=0x000000016ea51d90
Event: 601.790 Thread 0x00000078e9ce6800 DEOPT UNPACKING pc=0x0000000117f6495c sp=0x000000016ea51cf0 mode 2
Event: 601.790 Thread 0x00000078e9ce6800 Uncommon trap: trap_request=0xffffff45 fr.pc=0x0000000118495a90 relative=0x0000000000000190
Event: 601.790 Thread 0x00000078e9ce6800 Uncommon trap: reason=unstable_if action=reinterpret pc=0x0000000118495a90 method=java.lang.String.getBytes(II[BI)V @ 29 c2
Event: 601.790 Thread 0x00000078e9ce6800 DEOPT PACKING pc=0x0000000118495a90 sp=0x000000016ea51f80
Event: 601.790 Thread 0x00000078e9ce6800 DEOPT UNPACKING pc=0x0000000117f6495c sp=0x000000016ea51f00 mode 2

Classes loaded (20 events):
Event: 2.937 Loading class sun/lwawt/macosx/CCustomCursor
Event: 2.938 Loading class sun/lwawt/macosx/CCustomCursor done
Event: 3.508 Loading class sun/lwawt/macosx/CPlatformResponder$Jbr5762Fix
Event: 3.508 Loading class sun/lwawt/macosx/CPlatformResponder$Jbr5762Fix done
Event: 3.534 Loading class java/lang/FdLibm$Hypot
Event: 3.534 Loading class java/lang/FdLibm$Hypot done
Event: 8.185 Loading class javax/swing/JInternalFrame
Event: 8.187 Loading class javax/swing/JInternalFrame done
Event: 8.187 Loading class javax/swing/JMenu
Event: 8.188 Loading class javax/swing/MenuElement
Event: 8.188 Loading class javax/swing/MenuElement done
Event: 8.188 Loading class javax/swing/JMenuItem
Event: 8.188 Loading class javax/swing/AbstractButton
Event: 8.188 Loading class java/awt/ItemSelectable
Event: 8.188 Loading class java/awt/ItemSelectable done
Event: 8.189 Loading class javax/swing/AbstractButton done
Event: 8.189 Loading class javax/swing/JMenuItem done
Event: 8.189 Loading class javax/swing/JMenu done
Event: 11.188 Loading class java/lang/instrument/ClassDefinition
Event: 11.189 Loading class java/lang/instrument/ClassDefinition done

Classes unloaded (0 events):
No events

Classes redefined (0 events):
No events

Internal exceptions (20 events):
Event: 4.437 Thread 0x00000078e9ce6800 Exception <a 'java/lang/NoSuchMethodError'{0x000000700432fe68}: 'java.lang.Object java.lang.invoke.DirectMethodHandle$Holder.invokeStatic(java.lang.Object, java.lang.Object, float, long)'> (0x000000700432fe68) 
thrown [src/hotspot/share/interpreter/linkResolver.cpp, line 815]
Event: 4.437 Thread 0x00000078e9ce6800 Exception <a 'java/lang/NoSuchMethodError'{0x000000700433ff40}: 'java.lang.Object java.lang.invoke.DirectMethodHandle$Holder.newInvokeSpecial(java.lang.Object, java.lang.Object, float)'> (0x000000700433ff40) 
thrown [src/hotspot/share/interpreter/linkResolver.cpp, line 815]
Event: 4.438 Thread 0x00000078e9ce6800 Exception <a 'java/lang/NoSuchMethodError'{0x000000700434fa10}: 'java.lang.Object java.lang.invoke.DirectMethodHandle$Holder.invokeStatic(java.lang.Object, java.lang.Object, long, java.lang.Object)'> (0x000000700434fa10) 
thrown [src/hotspot/share/interpreter/linkResolver.cpp, line 815]
Event: 4.463 Thread 0x00000078e9ce6800 Exception <a 'java/lang/NoSuchMethodError'{0x0000007003e33668}: 'java.lang.Object java.lang.invoke.DirectMethodHandle$Holder.invokeStatic(java.lang.Object, int, int, java.lang.Object)'> (0x0000007003e33668) 
thrown [src/hotspot/share/interpreter/linkResolver.cpp, line 815]
Event: 95.422 Thread 0x00000078e9ce6800 Implicit null exception at 0x00000001185c0e98 to 0x00000001185c1a60
Event: 184.264 Thread 0x00000078e79d2800 Implicit null exception at 0x00000001186eecec to 0x00000001186eee84
Event: 477.331 Thread 0x00000078e9ce6800 Exception <a 'java/lang/NoSuchMethodError'{0x0000007010644dc0}: 'java.lang.Object java.lang.invoke.DirectMethodHandle$Holder.invokeStatic(java.lang.Object, float, java.lang.Object)'> (0x0000007010644dc0) 
thrown [src/hotspot/share/interpreter/linkResolver.cpp, line 815]
Event: 477.332 Thread 0x00000078e9ce6800 Exception <a 'java/lang/NoSuchMethodError'{0x00000070106a2c10}: 'java.lang.Object java.lang.invoke.DirectMethodHandle$Holder.newInvokeSpecial(java.lang.Object, float)'> (0x00000070106a2c10) 
thrown [src/hotspot/share/interpreter/linkResolver.cpp, line 815]
Event: 477.363 Thread 0x00000078e9ce6800 Exception <a 'java/lang/NoSuchMethodError'{0x0000007009dc41d8}: 'java.lang.Object java.lang.invoke.DirectMethodHandle$Holder.newInvokeSpecial(java.lang.Object, java.lang.Object, java.lang.Object, java.lang.Object, java.lang.Object, java.lang.Object, int)'> (0x0000007009dc41d8) 
thrown [src/hotspot/share/interpreter/linkResolver.cpp, line 815]
Event: 477.363 Thread 0x00000078e9ce6800 Exception <a 'java/lang/NoSuchMethodError'{0x0000007009dcce88}: 'java.lang.Object java.lang.invoke.DirectMethodHandle$Holder.invokeSpecial(java.lang.Object, java.lang.Object, java.lang.Object, java.lang.Object, java.lang.Object, java.lang.Object, java.lang.Object, int)'> (0x0000007009dcce88) 
thrown [src/hotspot/share/interpreter/linkResolver.cpp, line 815]
Event: 477.364 Thread 0x00000078e9ce6800 Exception <a 'java/lang/NoSuchMethodError'{0x0000007009df1ef8}: 'java.lang.Object java.lang.invoke.DirectMethodHandle$Holder.newInvokeSpecial(java.lang.Object, java.lang.Object, java.lang.Object, java.lang.Object, java.lang.Object, int)'> (0x0000007009df1ef8) 
thrown [src/hotspot/share/interpreter/linkResolver.cpp, line 815]
Event: 477.364 Thread 0x00000078e9ce6800 Exception <a 'java/lang/NoSuchMethodError'{0x0000007009dfaad0}: 'java.lang.Object java.lang.invoke.DirectMethodHandle$Holder.invokeSpecial(java.lang.Object, java.lang.Object, java.lang.Object, java.lang.Object, java.lang.Object, java.lang.Object, int)'> (0x0000007009dfaad0) 
thrown [src/hotspot/share/interpreter/linkResolver.cpp, line 815]
Event: 477.364 Thread 0x00000078e9ce6800 Exception <a 'java/lang/NoSuchMethodError'{0x0000007009dfef08}: 'java.lang.Object java.lang.invoke.Invokers$Holder.linkToTargetMethod(java.lang.Object, java.lang.Object, java.lang.Object, java.lang.Object, int, java.lang.Object)'> (0x0000007009dfef08) 
thrown [src/hotspot/share/interpreter/linkResolver.cpp, line 815]
Event: 477.365 Thread 0x00000078e9ce6800 Exception <a 'java/lang/NoSuchMethodError'{0x00000070046624a0}: 'java.lang.Object java.lang.invoke.DirectMethodHandle$Holder.newInvokeSpecial(java.lang.Object, java.lang.Object, java.lang.Object, java.lang.Object, java.lang.Object, int, int)'> (0x00000070046624a0) 
thrown [src/hotspot/share/interpreter/linkResolver.cpp, line 815]
Event: 477.365 Thread 0x00000078e9ce6800 Exception <a 'java/lang/NoSuchMethodError'{0x0000007004672dc8}: 'java.lang.Object java.lang.invoke.Invokers$Holder.linkToTargetMethod(java.lang.Object, java.lang.Object, java.lang.Object, java.lang.Object, int, int, java.lang.Object)'> (0x0000007004672dc8) 
thrown [src/hotspot/share/interpreter/linkResolver.cpp, line 815]
Event: 477.367 Thread 0x00000078e9ce6800 Exception <a 'java/lang/NoSuchMethodError'{0x0000007004723ac8}: 'java.lang.Object java.lang.invoke.DirectMethodHandle$Holder.newInvokeSpecial(java.lang.Object, java.lang.Object, java.lang.Object, long, int, int)'> (0x0000007004723ac8) 
thrown [src/hotspot/share/interpreter/linkResolver.cpp, line 815]
Event: 477.367 Thread 0x00000078e9ce6800 Exception <a 'java/lang/NoSuchMethodError'{0x000000700472c640}: 'java.lang.Object java.lang.invoke.DirectMethodHandle$Holder.invokeSpecial(java.lang.Object, java.lang.Object, java.lang.Object, java.lang.Object, long, int, int)'> (0x000000700472c640) 
thrown [src/hotspot/share/interpreter/linkResolver.cpp, line 815]
Event: 477.417 Thread 0x00000078e9ce6800 Exception <a 'java/lang/NoSuchMethodError'{0x0000007004492188}: 'long java.lang.invoke.DirectMethodHandle$Holder.invokeStatic(java.lang.Object, long)'> (0x0000007004492188) 
thrown [src/hotspot/share/interpreter/linkResolver.cpp, line 815]
Event: 482.919 Thread 0x00000078e9ce6800 Implicit null exception at 0x00000001184f7afc to 0x00000001184f7bb0
Event: 601.818 Thread 0x00000078e9ce6800 Exception <a 'java/lang/NoClassDefFoundError'{0x0000007009df3258}: androidx/room3/RoomDatabase> (0x0000007009df3258) 
thrown [src/hotspot/share/classfile/systemDictionary.cpp, line 317]

VM Operations (20 events):
Event: 477.371 Executing non-safepoint VM operation: HandshakeAllThreads (Deoptimize)
Event: 477.371 Executing non-safepoint VM operation: HandshakeAllThreads (Deoptimize) done
Event: 480.760 Executing non-safepoint VM operation: HandshakeAllThreads (HandshakeForDeflation)
Event: 480.761 Executing non-safepoint VM operation: HandshakeAllThreads (HandshakeForDeflation) done
Event: 480.761 Executing non-safepoint VM operation: RendezvousGCThreads
Event: 480.761 Executing non-safepoint VM operation: RendezvousGCThreads done
Event: 540.955 Executing non-safepoint VM operation: HandshakeAllThreads (HandshakeForDeflation)
Event: 540.956 Executing non-safepoint VM operation: HandshakeAllThreads (HandshakeForDeflation) done
Event: 540.956 Executing non-safepoint VM operation: RendezvousGCThreads
Event: 540.956 Executing non-safepoint VM operation: RendezvousGCThreads done
Event: 601.030 Executing non-safepoint VM operation: HandshakeAllThreads (HandshakeForDeflation)
Event: 601.030 Executing non-safepoint VM operation: HandshakeAllThreads (HandshakeForDeflation) done
Event: 601.030 Executing non-safepoint VM operation: RendezvousGCThreads
Event: 601.030 Executing non-safepoint VM operation: RendezvousGCThreads done
Event: 601.602 Executing safepoint VM operation: G1CollectForAllocation (G1 Evacuation Pause)
Event: 601.616 Executing safepoint VM operation: G1CollectForAllocation (G1 Evacuation Pause) done
Event: 601.728 Executing non-safepoint VM operation: HandshakeAllThreads (Deoptimize)
Event: 601.728 Executing non-safepoint VM operation: HandshakeAllThreads (Deoptimize) done
Event: 601.736 Executing non-safepoint VM operation: HandshakeAllThreads (Deoptimize)
Event: 601.736 Executing non-safepoint VM operation: HandshakeAllThreads (Deoptimize) done

Memory protections (20 events):
Event: 2.776 Protecting memory [0x000000016ea5c000,0x000000016ea68000] with protection modes 3
Event: 2.778 Protecting memory [0x000000016dee4000,0x000000016def0000] with protection modes 3
Event: 3.622 Protecting memory [0x000000016dee4000,0x000000016def0000] with protection modes 0
Event: 5.034 Protecting memory [0x000000016dee4000,0x000000016def0000] with protection modes 3
Event: 5.840 Protecting memory [0x000000016dee4000,0x000000016def0000] with protection modes 0
Event: 6.454 Protecting memory [0x000000016ea5c000,0x000000016ea68000] with protection modes 0
Event: 6.584 Protecting memory [0x000000016dee4000,0x000000016def0000] with protection modes 3
Event: 10.984 Protecting memory [0x000000016dee4000,0x000000016def0000] with protection modes 0
Event: 11.469 Protecting memory [0x000000016dee4000,0x000000016def0000] with protection modes 3
Event: 184.264 Protecting memory [0x000000016ea5c000,0x000000016ea68000] with protection modes 3
Event: 304.450 Protecting memory [0x000000016ea5c000,0x000000016ea68000] with protection modes 0
Event: 364.451 Protecting memory [0x0000000171258000,0x0000000171264000] with protection modes 3
Event: 380.782 Protecting memory [0x0000000171258000,0x0000000171264000] with protection modes 0
Event: 383.784 Protecting memory [0x0000000171258000,0x0000000171264000] with protection modes 3
Event: 413.409 Protecting memory [0x0000000171258000,0x0000000171264000] with protection modes 0
Event: 414.634 Protecting memory [0x0000000171258000,0x0000000171264000] with protection modes 3
Event: 477.121 Protecting memory [0x0000000171258000,0x0000000171264000] with protection modes 0
Event: 477.303 Protecting memory [0x0000000171258000,0x0000000171264000] with protection modes 3
Event: 601.732 Protecting memory [0x0000000171258000,0x0000000171264000] with protection modes 0
Event: 601.732 Protecting memory [0x0000000171c94000,0x0000000171ca0000] with protection modes 0

Nmethod flushes (20 events):
Event: 391.295 Thread 0x00000078eb099c00 flushing  nmethod 0x000000011135ed48
Event: 391.295 Thread 0x00000078eb099c00 flushing  nmethod 0x000000011135f348
Event: 391.295 Thread 0x00000078eb099c00 flushing  nmethod 0x00000001113603c8
Event: 391.295 Thread 0x00000078eb099c00 flushing  nmethod 0x0000000111371d08
Event: 391.295 Thread 0x00000078eb099c00 flushing  nmethod 0x0000000111376388
Event: 391.295 Thread 0x00000078eb099c00 flushing  nmethod 0x0000000111377008
Event: 391.295 Thread 0x00000078eb099c00 flushing  nmethod 0x0000000111380808
Event: 391.295 Thread 0x00000078eb099c00 flushing  nmethod 0x0000000111380b08
Event: 391.295 Thread 0x00000078eb099c00 flushing  nmethod 0x0000000111382e48
Event: 391.295 Thread 0x00000078eb099c00 flushing  nmethod 0x0000000111384c08
Event: 391.295 Thread 0x00000078eb099c00 flushing  nmethod 0x0000000111386588
Event: 391.295 Thread 0x00000078eb099c00 flushing  nmethod 0x0000000111456488
Event: 391.295 Thread 0x00000078eb099c00 flushing  nmethod 0x0000000111476a08
Event: 391.295 Thread 0x00000078eb099c00 flushing  nmethod 0x000000011147b648
Event: 391.295 Thread 0x00000078eb099c00 flushing  nmethod 0x000000011147ba88
Event: 391.295 Thread 0x00000078eb099c00 flushing  nmethod 0x0000000111489f08
Event: 391.295 Thread 0x00000078eb099c00 flushing  nmethod 0x0000000111493308
Event: 391.295 Thread 0x00000078eb099c00 flushing  nmethod 0x0000000111493a88
Event: 391.295 Thread 0x00000078eb099c00 flushing  nmethod 0x00000001114b0808
Event: 391.295 Thread 0x00000078eb099c00 flushing  nmethod 0x00000001114b1ec8

Events (20 events):
Event: 2.776 Thread 0x00000078ecfd2800 Thread exited: 0x00000078ecfd2800
Event: 2.778 Thread 0x00000078ecfd0a00 Thread exited: 0x00000078ecfd0a00
Event: 3.622 Thread 0x00000078eb057200 Thread added: 0x00000078ed609400
Event: 5.034 Thread 0x00000078ed609400 Thread exited: 0x00000078ed609400
Event: 5.840 Thread 0x00000078eb057200 Thread added: 0x00000078ed705400
Event: 6.454 Thread 0x00000078e9ce6800 Thread added: 0x00000078e79d2800
Event: 6.584 Thread 0x00000078ed705400 Thread exited: 0x00000078ed705400
Event: 10.984 Thread 0x00000078eb057200 Thread added: 0x00000078ef628000
Event: 11.469 Thread 0x00000078ef628000 Thread exited: 0x00000078ef628000
Event: 184.264 Thread 0x00000078e79d2800 Thread exited: 0x00000078e79d2800
Event: 304.450 Thread 0x00000078e9ce6800 Thread added: 0x00000078e7413000
Event: 364.452 Thread 0x00000078e82d8000 Thread exited: 0x00000078e82d8000
Event: 380.782 Thread 0x00000078eb056800 Thread added: 0x00000078ecfd1400
Event: 383.784 Thread 0x00000078ecfd1400 Thread exited: 0x00000078ecfd1400
Event: 413.409 Thread 0x00000078eb056800 Thread added: 0x00000078ecfd1400
Event: 414.634 Thread 0x00000078ecfd1400 Thread exited: 0x00000078ecfd1400
Event: 477.121 Thread 0x00000078eb057200 Thread added: 0x00000078ed4f8a00
Event: 477.303 Thread 0x00000078ed4f8a00 Thread exited: 0x00000078ed4f8a00
Event: 601.732 Thread 0x00000078eb056800 Thread added: 0x00000078f4264000
Event: 601.732 Thread 0x00000078eb056800 Thread added: 0x00000078f4264a00


Dynamic libraries:
0x0000000104e40000 	/Volumes/Box/DevCache/gradle/jdks/jetbrains_s_r_o_-25-aarch64-os_x.2/jbrsdk_jcef-25.0.4.1-osx-aarch64-b583.48/Contents/Home/lib/libjli.dylib
0x00000001a56b4000 	/System/Library/Frameworks/ApplicationServices.framework/Versions/A/ApplicationServices
0x000000018d897000 	/System/Library/Frameworks/CoreGraphics.framework/Versions/A/CoreGraphics
0x0000000189b09000 	/System/Library/Frameworks/CoreText.framework/Versions/A/CoreText
0x00000001941c6000 	/System/Library/Frameworks/ImageIO.framework/Versions/A/ImageIO
0x000000018e5cc000 	/System/Library/Frameworks/ColorSync.framework/Versions/A/ColorSync
0x000000019b88f000 	/System/Library/Frameworks/ApplicationServices.framework/Versions/A/Frameworks/ATS.framework/Versions/A/ATS
0x000000019dcae000 	/System/Library/Frameworks/CoreServices.framework/Versions/A/CoreServices
0x000000018e04c000 	/System/Library/Frameworks/ApplicationServices.framework/Versions/A/Frameworks/HIServices.framework/Versions/A/HIServices
0x0000000199f77000 	/System/Library/Frameworks/ApplicationServices.framework/Versions/A/Frameworks/PrintCore.framework/Versions/A/PrintCore
0x000000019bbe3000 	/System/Library/Frameworks/ApplicationServices.framework/Versions/A/Frameworks/QD.framework/Versions/A/QD
0x000000019bbde000 	/System/Library/Frameworks/ApplicationServices.framework/Versions/A/Frameworks/ColorSyncLegacy.framework/Versions/A/ColorSyncLegacy
0x000000019b884000 	/System/Library/Frameworks/ApplicationServices.framework/Versions/A/Frameworks/SpeechSynthesis.framework/Versions/A/SpeechSynthesis
0x0000000197666000 	/usr/lib/libSystem.B.dylib
0x000000018d25b000 	/System/Library/PrivateFrameworks/SkyLight.framework/Versions/A/SkyLight
0x000000018e16a000 	/System/Library/PrivateFrameworks/ProtocolBuffer.framework/Versions/A/ProtocolBuffer
0x000000019766a000 	/System/Library/PrivateFrameworks/SoftLinking.framework/Versions/A/SoftLinking
0x000000018a8db000 	/usr/lib/libicucore.A.dylib
0x0000000190c09000 	/System/Library/PrivateFrameworks/CoreAnalytics.framework/Versions/A/CoreAnalytics
0x0000000193bed000 	/System/Library/PrivateFrameworks/FontServices.framework/libFontParser.dylib
0x000000019debb000 	/System/Library/Frameworks/Accelerate.framework/Versions/A/Accelerate
0x00000001936e7000 	/System/Library/Frameworks/IOSurface.framework/Versions/A/IOSurface
0x00000001919b8000 	/usr/lib/libxml2.2.dylib
0x000000018cdf9000 	/System/Library/Frameworks/CFNetwork.framework/Versions/A/CFNetwork
0x0000000186a95000 	/System/Library/Frameworks/CoreFoundation.framework/Versions/A/CoreFoundation
0x00000001881bf000 	/System/Library/Frameworks/Foundation.framework/Versions/C/Foundation
0x00000001975b3000 	/usr/lib/libz.1.dylib
0x00000001865cc000 	/usr/lib/libobjc.A.dylib
0x0000000186960000 	/usr/lib/libc++.1.dylib
0x000000018a4cb000 	/System/Library/Frameworks/Security.framework/Versions/A/Security
0x0000000239ee8000 	/System/Library/PrivateFrameworks/CollectionsInternal.framework/Versions/A/CollectionsInternal
0x000000019afc0000 	/usr/lib/swift/libswiftCore.dylib
0x00000001b75f8000 	/usr/lib/swift/libswiftCoreFoundation.dylib
0x00000001a2f5e000 	/usr/lib/swift/libswiftDispatch.dylib
0x00000001b7652000 	/usr/lib/swift/libswiftIOKit.dylib
0x00000001a5d90000 	/usr/lib/swift/libswiftObjectiveC.dylib
0x00000001b7607000 	/usr/lib/swift/libswiftXPC.dylib
0x00000002b3344000 	/usr/lib/swift/libswift_Builtin_float.dylib
0x00000002365cc000 	/System/Library/PrivateFrameworks/BiomeLibrary.framework/Versions/A/BiomeLibrary
0x000000018f173000 	/System/Library/PrivateFrameworks/BaseBoard.framework/Versions/A/BaseBoard
0x00000001a324b000 	/System/Library/PrivateFrameworks/BoardServices.framework/Versions/A/BoardServices
0x00000001a5006000 	/System/Library/PrivateFrameworks/BackBoardServices.framework/Versions/A/BackBoardServices
0x0000000235968000 	/System/Library/PrivateFrameworks/BackBoardHIDEventFoundation.framework/Versions/A/BackBoardHIDEventFoundation
0x0000000191a9f000 	/System/Library/Frameworks/CoreVideo.framework/Versions/A/CoreVideo
0x0000000190c40000 	/usr/lib/libDiagnosticMessagesClient.dylib
0x000000018962b000 	/System/Library/Frameworks/CoreDisplay.framework/Versions/A/CoreDisplay
0x0000000196910000 	/usr/lib/libbsm.0.dylib
0x00000001998c4000 	/System/Library/Frameworks/VideoToolbox.framework/Versions/A/VideoToolbox
0x0000000197907000 	/System/Library/Frameworks/MetalPerformanceShaders.framework/Versions/A/MetalPerformanceShaders
0x000000019609e000 	/System/Library/PrivateFrameworks/IOMobileFramebuffer.framework/Versions/A/IOMobileFramebuffer
0x000000028ce0b000 	/System/Library/PrivateFrameworks/ProDisplayLibrary.framework/Versions/A/ProDisplayLibrary
0x00000001a9064000 	/System/Library/PrivateFrameworks/IOSurfaceAccelerator.framework/Versions/A/IOSurfaceAccelerator
0x000000018f248000 	/System/Library/PrivateFrameworks/RunningBoardServices.framework/Versions/A/RunningBoardServices
0x0000000187e28000 	/System/Library/Frameworks/SystemConfiguration.framework/Versions/A/SystemConfiguration
0x000000019370a000 	/System/Library/Frameworks/Metal.framework/Versions/A/Metal
0x0000000193700000 	/System/Library/PrivateFrameworks/IOAccelerator.framework/Versions/A/IOAccelerator
0x00000001939bb000 	/System/Library/Frameworks/CoreMedia.framework/Versions/A/CoreMedia
0x000000018d235000 	/System/Library/PrivateFrameworks/TCC.framework/Versions/A/TCC
0x000000018d191000 	/usr/lib/libMobileGestalt.dylib
0x000000019ba93000 	/usr/lib/libSMC.dylib
0x000000019987e000 	/System/Library/PrivateFrameworks/WatchdogClient.framework/Versions/A/WatchdogClient
0x0000000191199000 	/System/Library/Frameworks/QuartzCore.framework/Versions/A/QuartzCore
0x000000018af32000 	/System/Library/Frameworks/IOKit.framework/Versions/A/IOKit
0x000000019790f000 	/usr/lib/libcompression.dylib
0x0000000199880000 	/System/Library/PrivateFrameworks/MultitouchSupport.framework/Versions/A/MultitouchSupport
0x0000000190d4a000 	/System/Library/Frameworks/DiskArbitration.framework/Versions/A/DiskArbitration
0x00000002359b9000 	/System/Library/PrivateFrameworks/BackBoardHIDTouchEventProcessor.framework/Versions/A/BackBoardHIDTouchEventProcessor
0x00000002506a8000 	/System/Library/PrivateFrameworks/Gestures.framework/Versions/A/Gestures
0x00000001cf446000 	/usr/lib/swift/libswiftAccelerate.dylib
0x00000001b75d9000 	/usr/lib/swift/libswiftCoreAudio.dylib
0x00000001c4e47000 	/usr/lib/swift/libswiftMetal.dylib
0x00000001d51d7000 	/usr/lib/swift/libswiftOSLog.dylib
0x00000001cac50000 	/usr/lib/swift/libswiftQuartzCore.dylib
0x00000001cf438000 	/usr/lib/swift/libswiftUniformTypeIdentifiers.dylib
0x00000001a5d94000 	/usr/lib/swift/libswiftos.dylib
0x00000001bad6c000 	/usr/lib/swift/libswiftsimd.dylib
0x00000001c65cc000 	/System/Library/PrivateFrameworks/BiomeStreams.framework/Versions/A/BiomeStreams
0x00000001cc9df000 	/System/Library/PrivateFrameworks/BiomeStorage.framework/Versions/A/BiomeStorage
0x00000001c2563000 	/System/Library/PrivateFrameworks/BiomeFoundation.framework/Versions/A/BiomeFoundation
0x00000002644ae000 	/System/Library/PrivateFrameworks/IntelligencePlatformLibrary.framework/Versions/A/IntelligencePlatformLibrary
0x000000018eed9000 	/usr/lib/libsqlite3.dylib
0x000000028b36c000 	/System/Library/PrivateFrameworks/PoirotSchematizer.framework/Versions/A/PoirotSchematizer
0x0000000235ac3000 	/System/Library/PrivateFrameworks/BiomeSync.framework/Versions/A/BiomeSync
0x00000001c9869000 	/System/Library/PrivateFrameworks/OSAnalytics.framework/Versions/A/OSAnalytics
0x0000000235aaf000 	/System/Library/PrivateFrameworks/BiomeDSL.framework/Versions/A/BiomeDSL
0x00000001cc98e000 	/System/Library/PrivateFrameworks/BiomePubSub.framework/Versions/A/BiomePubSub
0x00000001b74d2000 	/System/Library/PrivateFrameworks/LoggingSupport.framework/Versions/A/LoggingSupport
0x00000001a5e99000 	/System/Library/PrivateFrameworks/ProactiveSupport.framework/Versions/A/ProactiveSupport
0x0000000206ed9000 	/System/Library/PrivateFrameworks/FeatureFlags.framework/Versions/A/FeatureFlags
0x00000001de029000 	/System/Library/PrivateFrameworks/InternalSwiftProtobuf.framework/Versions/A/InternalSwiftProtobuf
0x000000028b429000 	/System/Library/PrivateFrameworks/PoirotUDFs.framework/Versions/A/PoirotUDFs
0x00000002b3474000 	/usr/lib/swift/libswift_StringProcessing.dylib
0x0000000197661000 	/usr/lib/system/libcache.dylib
0x000000019761e000 	/usr/lib/system/libcommonCrypto.dylib
0x0000000197647000 	/usr/lib/system/libcompiler_rt.dylib
0x000000019763c000 	/usr/lib/system/libcopyfile.dylib
0x0000000186788000 	/usr/lib/system/libcorecrypto.dylib
0x0000000186893000 	/usr/lib/system/libdispatch.dylib
0x0000000186627000 	/usr/lib/system/libdyld.dylib
0x0000000197657000 	/usr/lib/system/libkeymgr.dylib
0x0000000197601000 	/usr/lib/system/libmacho.dylib
0x00000001968e8000 	/usr/lib/system/libquarantine.dylib
0x0000000197654000 	/usr/lib/system/libremovefile.dylib
0x000000018d21d000 	/usr/lib/system/libsystem_asl.dylib
0x000000018670e000 	/usr/lib/system/libsystem_blocks.dylib
0x00000001868dd000 	/usr/lib/system/libsystem_c.dylib
0x000000019764b000 	/usr/lib/system/libsystem_collections.dylib
0x0000000194cff000 	/usr/lib/system/libsystem_configuration.dylib
0x00000001936ac000 	/usr/lib/system/libsystem_containermanager.dylib
0x0000000196ffa000 	/usr/lib/system/libsystem_coreservices.dylib
0x000000018abbe000 	/usr/lib/system/libsystem_darwin.dylib
0x00000002b38d1000 	/usr/lib/system/libsystem_darwindirectory.dylib
0x0000000197658000 	/usr/lib/system/libsystem_dnssd.dylib
0x00000002b38d5000 	/usr/lib/system/libsystem_eligibility.dylib
0x00000001868da000 	/usr/lib/system/libsystem_featureflags.dylib
0x0000000186a66000 	/usr/lib/system/libsystem_info.dylib
0x00000001975c2000 	/usr/lib/system/libsystem_m.dylib
0x000000018683d000 	/usr/lib/system/libsystem_malloc.dylib
0x000000018d175000 	/usr/lib/system/libsystem_networkextension.dylib
0x000000018b018000 	/usr/lib/system/libsystem_notify.dylib
0x0000000194d04000 	/usr/lib/system/libsystem_sandbox.dylib
0x00000002b38e0000 	/usr/lib/system/libsystem_sanitizers.dylib
0x0000000197651000 	/usr/lib/system/libsystem_secinit.dylib
0x0000000186a10000 	/usr/lib/system/libsystem_kernel.dylib
0x0000000186a5c000 	/usr/lib/system/libsystem_platform.dylib
0x0000000186a4f000 	/usr/lib/system/libsystem_pthread.dylib
0x000000018f314000 	/usr/lib/system/libsystem_symptoms.dylib
0x0000000186768000 	/usr/lib/system/libsystem_trace.dylib
0x00000002b38ea000 	/usr/lib/system/libsystem_trial.dylib
0x000000019762b000 	/usr/lib/system/libunwind.dylib
0x0000000186712000 	/usr/lib/system/libxpc.dylib
0x00000001869f6000 	/usr/lib/libc++abi.dylib
0x000000018e1c8000 	/usr/lib/objc/libobjcMsgSend.dylib
0x00000002b2ee2000 	/usr/lib/libRosetta.dylib
0x00000002b3734000 	/usr/lib/swift/libswiftSynchronization.dylib
0x0000000274d9d000 	/System/Library/PrivateFrameworks/NSPredicateSecurityPolicy.framework/Versions/A/NSPredicateSecurityPolicy
0x0000000191979000 	/System/Library/PrivateFrameworks/CoreAutoLayout.framework/Versions/A/CoreAutoLayout
0x0000000197668000 	/usr/lib/libfakelink.dylib
0x00000001976bb000 	/usr/lib/libarchive.2.dylib
0x0000000194d11000 	/usr/lib/liblangid.dylib
0x000000019d7ec000 	/System/Library/Frameworks/Combine.framework/Versions/A/Combine
0x000000028dad9000 	/System/Library/PrivateFrameworks/ReflectionInternal.framework/Versions/A/ReflectionInternal
0x000000028f0b5000 	/System/Library/PrivateFrameworks/RuntimeInternal.framework/Versions/A/RuntimeInternal
0x00000001b3d4f000 	/usr/lib/swift/libswiftDarwin.dylib
0x00000002b358b000 	/usr/lib/swift/libswiftObservation.dylib
0x00000002b3748000 	/usr/lib/swift/libswiftSystem.dylib
0x00000002b3345000 	/usr/lib/swift/libswift_Concurrency.dylib
0x00000002b33d2000 	/usr/lib/swift/libswift_DarwinFoundation1.dylib
0x000000018aeb9000 	/System/Library/PrivateFrameworks/CoreServicesInternal.framework/Versions/A/CoreServicesInternal
0x0000000197635000 	/usr/lib/liboah.dylib
0x00000001a51e2000 	/System/Library/PrivateFrameworks/DiskImages.framework/Versions/A/DiskImages
0x00000001b388f000 	/System/Library/Frameworks/NetFS.framework/Versions/A/NetFS
0x0000000191948000 	/System/Library/Frameworks/CoreServices.framework/Versions/A/Frameworks/FSEvents.framework/Versions/A/FSEvents
0x000000018abc8000 	/System/Library/Frameworks/CoreServices.framework/Versions/A/Frameworks/CarbonCore.framework/Versions/A/CarbonCore
0x0000000190cc9000 	/System/Library/Frameworks/CoreServices.framework/Versions/A/Frameworks/Metadata.framework/Versions/A/Metadata
0x0000000197001000 	/System/Library/Frameworks/CoreServices.framework/Versions/A/Frameworks/OSServices.framework/Versions/A/OSServices
0x00000001977b3000 	/System/Library/Frameworks/CoreServices.framework/Versions/A/Frameworks/SearchKit.framework/Versions/A/SearchKit
0x000000018f2a1000 	/System/Library/Frameworks/CoreServices.framework/Versions/A/Frameworks/AE.framework/Versions/A/AE
0x0000000186f26000 	/System/Library/Frameworks/CoreServices.framework/Versions/A/Frameworks/LaunchServices.framework/Versions/A/LaunchServices
0x0000000198cb4000 	/System/Library/Frameworks/CoreServices.framework/Versions/A/Frameworks/DictionaryServices.framework/Versions/A/DictionaryServices
0x0000000191954000 	/System/Library/Frameworks/CoreServices.framework/Versions/A/Frameworks/SharedFileList.framework/Versions/A/SharedFileList
0x0000000197844000 	/usr/lib/libapple_nghttp2.dylib
0x000000018f31c000 	/System/Library/Frameworks/Network.framework/Versions/A/Network
0x000000018d190000 	/usr/lib/libenergytrace.dylib
0x0000000197605000 	/usr/lib/system/libkxld.dylib
0x00000002326ee000 	/System/Library/PrivateFrameworks/AppleKeyStore.framework/Versions/A/AppleKeyStore
0x00000002b1eb3000 	/usr/lib/libCoreEntitlements.dylib
0x00000002b30c3000 	/usr/lib/libTLE.dylib
0x000000026ac0e000 	/System/Library/PrivateFrameworks/MessageSecurity.framework/Versions/A/MessageSecurity
0x00000001a2455000 	/System/Library/PrivateFrameworks/SymptomDiagnosticReporter.framework/Versions/A/SymptomDiagnosticReporter
0x0000000198ef5000 	/System/Library/PrivateFrameworks/CrashReporterSupport.framework/Versions/A/CrashReporterSupport
0x00000001a3759000 	/System/Library/PrivateFrameworks/CoreTime.framework/Versions/A/CoreTime
0x0000000196fe2000 	/System/Library/PrivateFrameworks/AppleFSCompression.framework/Versions/A/AppleFSCompression
0x00000001968f8000 	/usr/lib/libcoretls.dylib
0x0000000198d29000 	/usr/lib/libcoretls_cfhelpers.dylib
0x0000000197909000 	/usr/lib/libpam.2.dylib
0x0000000198d9c000 	/usr/lib/libxar.1.dylib
0x0000000198d2b000 	/System/Library/PrivateFrameworks/APFS.framework/Versions/A/APFS
0x000000029f22a000 	/System/Library/PrivateFrameworks/SwiftASN1Internal.framework/Versions/A/SwiftASN1Internal
0x0000000198dab000 	/usr/lib/libutil.dylib
0x00000002b303e000 	/usr/lib/libswiftPrespecialized.dylib
0x0000000194d0d000 	/System/Library/PrivateFrameworks/AppleSystemInfo.framework/Versions/A/AppleSystemInfo
0x000000023a3ce000 	/System/Library/PrivateFrameworks/ConnectedMode.framework/Versions/A/ConnectedMode
0x000000022a403000 	/System/Library/Frameworks/SwiftData.framework/Versions/A/SwiftData
0x000000018cd23000 	/usr/lib/libboringssl.dylib
0x000000018e181000 	/usr/lib/libdns_services.dylib
0x00000001b6011000 	/usr/lib/libquic.dylib
0x000000019af52000 	/usr/lib/libusrtcp.dylib
0x0000000234f96000 	/System/Library/PrivateFrameworks/AtomicsInternal.framework/Versions/A/AtomicsInternal
0x00000002b3565000 	/usr/lib/swift/libswiftDistributed.dylib
0x000000018ea9a000 	/System/Library/Frameworks/CoreData.framework/Versions/A/CoreData
0x0000000198d0a000 	/usr/lib/liblzma.5.dylib
0x00000002b33d5000 	/usr/lib/swift/libswift_DarwinFoundation2.dylib
0x00000002b33d6000 	/usr/lib/swift/libswift_DarwinFoundation3.dylib
0x00000002b33d9000 	/usr/lib/swift/libswift_RegexParser.dylib
0x000000019913b000 	/usr/lib/libheimdal-asn1.dylib
0x0000000197820000 	/System/Library/PrivateFrameworks/AppleSauce.framework/Versions/A/AppleSauce
0x0000000245c6e000 	/System/Library/PrivateFrameworks/DeviceRecovery.framework/Versions/A/DeviceRecovery
0x00000001a35f1000 	/System/Library/PrivateFrameworks/CoreSymbolication.framework/Versions/A/CoreSymbolication
0x00000001d5b81000 	/System/Library/PrivateFrameworks/Symbolication.framework/Versions/A/Symbolication
0x00000001a35d0000 	/System/Library/PrivateFrameworks/DebugSymbols.framework/Versions/A/DebugSymbols
0x00000002b1729000 	/usr/lib/libAppleArchive.dylib
0x0000000196fed000 	/usr/lib/libbz2.1.0.dylib
0x00000001b754c000 	/System/Library/PrivateFrameworks/MallocStackLogging.framework/Versions/A/MallocStackLogging
0x00000001968eb000 	/usr/lib/libCheckFix.dylib
0x0000000194d13000 	/System/Library/PrivateFrameworks/CoreNLP.framework/Versions/A/CoreNLP
0x0000000190c42000 	/System/Library/PrivateFrameworks/MetadataUtilities.framework/Versions/A/MetadataUtilities
0x0000000196921000 	/usr/lib/libmecab.dylib
0x0000000187eba000 	/usr/lib/libCRFSuite.dylib
0x0000000196982000 	/usr/lib/libgermantok.dylib
0x0000000197818000 	/usr/lib/libThaiTokenizer.dylib
0x0000000190d54000 	/System/Library/Frameworks/Accelerate.framework/Versions/A/Frameworks/vImage.framework/Versions/A/vImage
0x000000019dc91000 	/System/Library/Frameworks/Accelerate.framework/Versions/A/Frameworks/vecLib.framework/Versions/A/vecLib
0x0000000198de1000 	/System/Library/Frameworks/Accelerate.framework/Versions/A/Frameworks/vecLib.framework/Versions/A/libvMisc.dylib
0x00000001873d5000 	/System/Library/Frameworks/Accelerate.framework/Versions/A/Frameworks/vecLib.framework/Versions/A/libBLAS.dylib
0x00000002147e2000 	/System/Library/Frameworks/OpenGL.framework/Versions/A/OpenGL
0x0000000251a78000 	/System/Library/PrivateFrameworks/GPUCompiler.framework/Versions/32023/Libraries/libllvm-flatbuffers.dylib
0x000000024c5b1000 	/System/Library/PrivateFrameworks/FramePacing.framework/Versions/A/FramePacing
0x00000002147d5000 	/System/Library/Frameworks/OpenGL.framework/Versions/A/Libraries/libCoreFSCache.dylib
0x0000000251a72000 	/System/Library/PrivateFrameworks/GPUCompiler.framework/Versions/32023/Libraries/libGPUCompilerUtils.dylib
0x0000000214832000 	/System/Library/Frameworks/OpenGL.framework/Versions/A/Libraries/libGLU.dylib
0x00000002147f5000 	/System/Library/Frameworks/OpenGL.framework/Versions/A/Libraries/libGFXShared.dylib
0x00000002149c1000 	/System/Library/Frameworks/OpenGL.framework/Versions/A/Libraries/libGL.dylib
0x00000002147fe000 	/System/Library/Frameworks/OpenGL.framework/Versions/A/Libraries/libGLImage.dylib
0x00000002147f2000 	/System/Library/Frameworks/OpenGL.framework/Versions/A/Libraries/libCVMSPluginSupport.dylib
0x00000002147dc000 	/System/Library/Frameworks/OpenGL.framework/Versions/A/Libraries/libCoreVMClient.dylib
0x00000001965cc000 	/System/Library/Frameworks/Accelerate.framework/Versions/A/Frameworks/vecLib.framework/Versions/A/libvDSP.dylib
0x00000001979f2000 	/System/Library/Frameworks/Accelerate.framework/Versions/A/Frameworks/vecLib.framework/Versions/A/libLAPACK.dylib
0x0000000196985000 	/System/Library/Frameworks/Accelerate.framework/Versions/A/Frameworks/vecLib.framework/Versions/A/libLinearAlgebra.dylib
0x000000019785d000 	/System/Library/Frameworks/Accelerate.framework/Versions/A/Frameworks/vecLib.framework/Versions/A/libSparseBLAS.dylib
0x00000001979ed000 	/System/Library/Frameworks/Accelerate.framework/Versions/A/Frameworks/vecLib.framework/Versions/A/libQuadrature.dylib
0x0000000194e35000 	/System/Library/Frameworks/Accelerate.framework/Versions/A/Frameworks/vecLib.framework/Versions/A/libBNNS.dylib
0x0000000187cbb000 	/System/Library/Frameworks/Accelerate.framework/Versions/A/Frameworks/vecLib.framework/Versions/A/libSparse.dylib
0x000000026b329000 	/System/Library/PrivateFrameworks/MIL.framework/Versions/A/MIL
0x00000001976a0000 	/usr/lib/libiconv.2.dylib
0x0000000197600000 	/usr/lib/libcharset.1.dylib
0x00000001918e3000 	/System/Library/Frameworks/OpenDirectory.framework/Versions/A/Frameworks/CFOpenDirectory.framework/Versions/A/CFOpenDirectory
0x000000019936d000 	/System/Library/PrivateFrameworks/AppServerSupport.framework/Versions/A/AppServerSupport
0x0000000191976000 	/usr/lib/libapp_launch_measurement.dylib
0x000000025f653000 	/System/Library/PrivateFrameworks/InstalledContentLibrary.framework/Versions/A/InstalledContentLibrary
0x000000018aef8000 	/System/Library/PrivateFrameworks/CoreServicesStore.framework/Versions/A/CoreServicesStore
0x000000023322f000 	/System/Library/PrivateFrameworks/AppleMobileFileIntegrity.framework/Versions/A/AppleMobileFileIntegrity
0x00000001b7574000 	/usr/lib/libmis.dylib
0x00000001cb0aa000 	/System/Library/PrivateFrameworks/MobileSystemServices.framework/Versions/A/MobileSystemServices
0x00000002104d0000 	/System/Library/PrivateFrameworks/ConfigProfileHelper.framework/Versions/A/ConfigProfileHelper
0x0000000198daf000 	/usr/lib/libxslt.1.dylib
0x0000000187ba9000 	/System/Library/PrivateFrameworks/Lexicon.framework/Versions/A/Lexicon
0x0000000194e2f000 	/System/Library/PrivateFrameworks/LinguisticData.framework/Versions/A/LinguisticData
0x0000000196173000 	/System/Library/PrivateFrameworks/BackgroundTaskManagement.framework/Versions/A/BackgroundTaskManagement
0x00000001a2493000 	/System/Library/Frameworks/DiscRecording.framework/Versions/A/DiscRecording
0x00000001a5383000 	/usr/lib/libcurl.4.dylib
0x00000001a253d000 	/System/Library/PrivateFrameworks/MediaKit.framework/Versions/A/MediaKit
0x000000019b63c000 	/System/Library/Frameworks/AudioToolbox.framework/Versions/A/AudioToolbox
0x0000000189743000 	/System/Library/PrivateFrameworks/AudioToolboxCore.framework/Versions/A/AudioToolboxCore
0x000000019b816000 	/System/Library/PrivateFrameworks/AudioSession.framework/Versions/A/AudioSession
0x00000001a83ea000 	/System/Library/Frameworks/CoreMIDI.framework/Versions/A/CoreMIDI
0x000000019b881000 	/usr/lib/libAudioStatistics.dylib
0x0000000193990000 	/System/Library/PrivateFrameworks/caulk.framework/Versions/A/caulk
0x0000000189d2d000 	/System/Library/Frameworks/CoreAudio.framework/Versions/A/CoreAudio
0x00000001bdabc000 	/usr/lib/swift/libswiftCoreMIDI.dylib
0x000000019bbec000 	/System/Library/PrivateFrameworks/perfdata.framework/Versions/A/perfdata
0x00000001b6108000 	/System/Library/PrivateFrameworks/SystemPolicy.framework/Versions/A/SystemPolicy
0x0000000199120000 	/usr/lib/libexpat.1.dylib
0x000000019bbf7000 	/usr/lib/libperfcheck.dylib
0x000000023503f000 	/System/Library/PrivateFrameworks/AudioAnalytics.framework/Versions/A/AudioAnalytics
0x00000001ddf59000 	/System/Library/Frameworks/OSLog.framework/Versions/A/OSLog
0x0000000191b7c000 	/System/Library/PrivateFrameworks/UserManagement.framework/Versions/A/UserManagement
0x0000000222c2a000 	/System/Library/Frameworks/ExtensionFoundation.framework/Versions/A/ExtensionFoundation
0x0000000196152000 	/System/Library/PrivateFrameworks/MobileKeyBag.framework/Versions/A/MobileKeyBag
0x0000000194d0b000 	/System/Library/PrivateFrameworks/AggregateDictionary.framework/Versions/A/AggregateDictionary
0x000000027614e000 	/System/Library/PrivateFrameworks/OSEligibility.framework/Versions/A/OSEligibility
0x0000000224a89000 	/System/Library/Frameworks/LightweightCodeRequirements.framework/Versions/A/LightweightCodeRequirements
0x000000019902d000 	/System/Library/PrivateFrameworks/PlugInKit.framework/Versions/A/PlugInKit
0x0000000196168000 	/System/Library/PrivateFrameworks/AssertionServices.framework/Versions/A/AssertionServices
0x0000000199731000 	/System/Library/PrivateFrameworks/AppleJPEG.framework/Versions/A/AppleJPEG
0x0000000199e4e000 	/System/Library/Frameworks/ImageIO.framework/Versions/A/Resources/libPng.dylib
0x0000000199e79000 	/System/Library/Frameworks/ImageIO.framework/Versions/A/Resources/libTIFF.dylib
0x0000000199f5f000 	/System/Library/Frameworks/ImageIO.framework/Versions/A/Resources/libGIF.dylib
0x0000000199777000 	/System/Library/Frameworks/ImageIO.framework/Versions/A/Resources/libJP2.dylib
0x0000000198e5b000 	/usr/lib/libate.dylib
0x0000000199f07000 	/System/Library/Frameworks/ImageIO.framework/Versions/A/Resources/libJPEG.dylib
0x0000000199eff000 	/System/Library/Frameworks/ImageIO.framework/Versions/A/Resources/libRadiance.dylib
0x00000002b35b0000 	/usr/lib/swift/libswiftRegexBuilder.dylib
0x000000018c84c000 	/System/Library/Frameworks/UniformTypeIdentifiers.framework/Versions/A/UniformTypeIdentifiers
0x000000019468e000 	/System/Library/Frameworks/CoreImage.framework/Versions/A/CoreImage
0x00000001a5fdb000 	/System/Library/PrivateFrameworks/ASEProcessing.framework/Versions/A/ASEProcessing
0x0000000289c92000 	/System/Library/PrivateFrameworks/PhotosensitivityProcessing.framework/Versions/A/PhotosensitivityProcessing
0x00000001c5d32000 	/System/Library/PrivateFrameworks/TimeSync.framework/Versions/A/TimeSync
0x0000000233244000 	/System/Library/PrivateFrameworks/AppleMSG.framework/Versions/A/AppleMSG
0x000000029254a000 	/System/Library/PrivateFrameworks/SILManager.framework/Versions/A/SILManager
0x000000019931d000 	/System/Library/PrivateFrameworks/GraphVisualizer.framework/Versions/A/GraphVisualizer
0x000000019bc76000 	/System/Library/PrivateFrameworks/MobileAsset.framework/Versions/A/MobileAsset
0x000000024c5ad000 	/System/Library/PrivateFrameworks/FontServices.framework/Versions/A/FontServices
0x0000000199334000 	/System/Library/PrivateFrameworks/OTSVG.framework/Versions/A/OTSVG
0x000000019160a000 	/System/Library/Frameworks/ApplicationServices.framework/Versions/A/Frameworks/ATS.framework/Versions/A/Resources/libFontRegistry.dylib
0x00000001beb6e000 	/System/Library/PrivateFrameworks/SoftwareUpdateCoreSupport.framework/Versions/A/SoftwareUpdateCoreSupport
0x00000001c6ce8000 	/System/Library/PrivateFrameworks/SoftwareUpdateCoreConnect.framework/Versions/A/SoftwareUpdateCoreConnect
0x00000001a5d24000 	/System/Library/PrivateFrameworks/StreamingZip.framework/Versions/A/StreamingZip
0x00000001a52d5000 	/System/Library/PrivateFrameworks/RemoteServiceDiscovery.framework/Versions/A/RemoteServiceDiscovery
0x00000001be6c3000 	/System/Library/PrivateFrameworks/MSUDataAccessor.framework/Versions/A/MSUDataAccessor
0x00000001b93aa000 	/usr/lib/libbootpolicy.dylib
0x00000001cf646000 	/usr/lib/libpartition2_dynamic.dylib
0x00000001a52eb000 	/System/Library/PrivateFrameworks/RemoteXPC.framework/Versions/A/RemoteXPC
0x00000001c5c7f000 	/usr/lib/libFDR.dylib
0x00000001cc5b0000 	/usr/lib/libamsupport.dylib
0x00000002b2edb000 	/usr/lib/libReverseProxyDevice.dylib
0x0000000231ec6000 	/System/Library/PrivateFrameworks/AppleDeviceQuerySupport.framework/Versions/A/AppleDeviceQuerySupport
0x00000002b23c2000 	/usr/lib/libhvf.dylib
0x000000028711e000 	/System/Library/PrivateFrameworks/ParsingInternal.framework/Versions/A/ParsingInternal
0x000000024c49e000 	/System/Library/PrivateFrameworks/FontServices.framework/libXTFontStaticRegistryData.dylib
0x0000000194c4d000 	/System/Library/Frameworks/MetalPerformanceShaders.framework/Versions/A/Frameworks/MPSCore.framework/Versions/A/MPSCore
0x0000000196f53000 	/System/Library/Frameworks/MetalPerformanceShaders.framework/Versions/A/Frameworks/MPSImage.framework/Versions/A/MPSImage
0x0000000196999000 	/System/Library/Frameworks/MetalPerformanceShaders.framework/Versions/A/Frameworks/MPSNeuralNetwork.framework/Versions/A/MPSNeuralNetwork
0x0000000196d51000 	/System/Library/Frameworks/MetalPerformanceShaders.framework/Versions/A/Frameworks/MPSMatrix.framework/Versions/A/MPSMatrix
0x0000000196bb6000 	/System/Library/Frameworks/MetalPerformanceShaders.framework/Versions/A/Frameworks/MPSRayIntersector.framework/Versions/A/MPSRayIntersector
0x0000000196d80000 	/System/Library/Frameworks/MetalPerformanceShaders.framework/Versions/A/Frameworks/MPSNDArray.framework/Versions/A/MPSNDArray
0x00000002259b0000 	/System/Library/Frameworks/MetalPerformanceShaders.framework/Versions/A/Frameworks/MPSFunctions.framework/Versions/A/MPSFunctions
0x000000022599e000 	/System/Library/Frameworks/MetalPerformanceShaders.framework/Versions/A/Frameworks/MPSBenchmarkLoop.framework/Versions/A/MPSBenchmarkLoop
0x00000002259c3000 	/System/Library/Frameworks/MetalPerformanceShaders.framework/Versions/A/Frameworks/MPSHost.framework/Versions/A/MPSHost
0x0000000187226000 	/System/Library/PrivateFrameworks/MetalTools.framework/Versions/A/MetalTools
0x000000026df6e000 	/System/Library/PrivateFrameworks/MTL3On4.framework/Versions/A/MTL3On4
0x00000001bc2ac000 	/System/Library/PrivateFrameworks/IOAccelMemoryInfo.framework/Versions/A/IOAccelMemoryInfo
0x00000001caf98000 	/System/Library/PrivateFrameworks/kperf.framework/Versions/A/kperf
0x00000001b75d6000 	/System/Library/PrivateFrameworks/GPURawCounter.framework/Versions/A/GPURawCounter
0x00000001c8009000 	/System/Library/PrivateFrameworks/IOKitten.framework/Versions/A/IOKitten
0x00000002a2ad3000 	/System/Library/PrivateFrameworks/Tightbeam.framework/Versions/A/Tightbeam
0x00000001c4e4f000 	/usr/lib/swift/libswiftCompression.dylib
0x00000001cfafb000 	/System/Library/PrivateFrameworks/AFKUser.framework/Versions/A/AFKUser
0x000000019923a000 	/System/Library/PrivateFrameworks/MediaExperience.framework/Versions/A/MediaExperience
0x000000019b5e9000 	/System/Library/PrivateFrameworks/AudioSession.framework/libSessionUtility.dylib
0x0000000199f65000 	/System/Library/PrivateFrameworks/CMCaptureCore.framework/Versions/A/CMCaptureCore
0x0000000199379000 	/usr/lib/libspindump.dylib
0x00000001a2462000 	/System/Library/PrivateFrameworks/PowerLog.framework/Versions/A/PowerLog
0x00000001a233f000 	/System/Library/Frameworks/CoreBluetooth.framework/Versions/A/CoreBluetooth
0x0000000196709000 	/System/Library/PrivateFrameworks/CoreUtils.framework/Versions/A/CoreUtils
0x00000001ae115000 	/System/Library/PrivateFrameworks/HID.framework/Versions/A/HID
0x0000000244a54000 	/System/Library/PrivateFrameworks/CoreUtilsExtras.framework/Versions/A/CoreUtilsExtras
0x0000000264ee7000 	/System/Library/PrivateFrameworks/IO80211.framework/Versions/A/IO80211
0x0000000199199000 	/System/Library/PrivateFrameworks/IconServices.framework/Versions/A/IconServices
0x000000019d588000 	/System/Library/Frameworks/IOBluetooth.framework/Versions/A/IOBluetooth
0x00000001b7651000 	/usr/lib/swift/libswiftCoreImage.dylib
0x0000000194172000 	/System/Library/PrivateFrameworks/DFRFoundation.framework/Versions/A/DFRFoundation
0x00000001918d9000 	/System/Library/Frameworks/OpenDirectory.framework/Versions/A/OpenDirectory
0x000000019685f000 	/System/Library/Frameworks/SecurityFoundation.framework/Versions/A/SecurityFoundation
0x000000019bdb8000 	/System/Library/PrivateFrameworks/CorePhoneNumbers.framework/Versions/A/CorePhoneNumbers
0x0000000199145000 	/System/Library/PrivateFrameworks/IconFoundation.framework/Versions/A/IconFoundation
0x000000025e064000 	/System/Library/PrivateFrameworks/IconRendering.framework/Versions/A/IconRendering
0x000000019165b000 	/System/Library/PrivateFrameworks/CoreUI.framework/Versions/A/CoreUI
0x0000000291de6000 	/System/Library/PrivateFrameworks/SFSymbols.framework/Versions/A/SFSymbols
0x0000000222976000 	/System/Library/Frameworks/DeveloperToolsSupport.framework/Versions/A/DeveloperToolsSupport
0x00000001adabb000 	/System/Library/PrivateFrameworks/RenderBox.framework/Versions/A/RenderBox
0x0000000194188000 	/System/Library/PrivateFrameworks/CoreSVG.framework/Versions/A/CoreSVG
0x0000000199fe3000 	/System/Library/PrivateFrameworks/TextureIO.framework/Versions/A/TextureIO
0x000000019a080000 	/System/Library/PrivateFrameworks/InternationalSupport.framework/Versions/A/InternationalSupport
0x00000002aae5d000 	/System/Library/PrivateFrameworks/WallpaperServices.framework/Versions/A/WallpaperServices
0x0000000199f32000 	/System/Library/Frameworks/ApplicationServices.framework/Versions/A/Frameworks/ATSUI.framework/Versions/A/ATSUI
0x0000000198eec000 	/usr/lib/libIOReport.dylib
0x00000001a3197000 	/System/Library/PrivateFrameworks/FrontBoardServices.framework/Versions/A/FrontBoardServices
0x00000001a3323000 	/System/Library/PrivateFrameworks/GraphicsServices.framework/Versions/A/GraphicsServices
0x00000001a5d02000 	/System/Library/Frameworks/AudioUnit.framework/Versions/A/AudioUnit
0x00000002b2016000 	/usr/lib/libcrypto.46.dylib
0x00000002b2fcd000 	/usr/lib/libssl.48.dylib
0x00000001a5079000 	/System/Library/Frameworks/LDAP.framework/Versions/A/LDAP
0x000000019bc04000 	/System/Library/Frameworks/Kerberos.framework/Versions/A/Kerberos
0x00000001a50b4000 	/System/Library/PrivateFrameworks/TrustEvaluationAgent.framework/Versions/A/TrustEvaluationAgent
0x000000019b8cb000 	/usr/lib/libsasl2.2.dylib
0x000000019b8af000 	/usr/lib/libresolv.9.dylib
0x0000000199380000 	/System/Library/PrivateFrameworks/Heimdal.framework/Versions/A/Heimdal
0x000000019bc15000 	/System/Library/Frameworks/GSS.framework/Versions/A/GSS
0x00000001a5d01000 	/System/Library/Frameworks/Kerberos.framework/Versions/A/Libraries/libHeimdalProxy.dylib
0x000000019bc65000 	/System/Library/PrivateFrameworks/CommonAuth.framework/Versions/A/CommonAuth
0x000000019bbd1000 	/System/Library/PrivateFrameworks/NetAuth.framework/Versions/A/NetAuth
0x0000000191b44000 	/System/Library/PrivateFrameworks/login.framework/Versions/A/Frameworks/loginsupport.framework/Versions/A/loginsupport
0x00000001a56b5000 	/System/Library/PrivateFrameworks/InternationalTextSearch.framework/Versions/A/InternationalTextSearch
0x000000028b3ec000 	/System/Library/PrivateFrameworks/PoirotSQLite.framework/Versions/A/PoirotSQLite
0x0000000237de7000 	/System/Library/PrivateFrameworks/CascadeSets.framework/Versions/A/CascadeSets
0x00000001a5409000 	/System/Library/PrivateFrameworks/AppSupport.framework/Versions/A/AppSupport
0x0000000199efa000 	/System/Library/PrivateFrameworks/GPUWrangler.framework/Versions/A/GPUWrangler
0x0000000199edb000 	/System/Library/PrivateFrameworks/IOPresentment.framework/Versions/A/IOPresentment
0x0000000199f02000 	/System/Library/PrivateFrameworks/DSExternalDisplay.framework/Versions/A/DSExternalDisplay
0x00000002a8c51000 	/System/Library/PrivateFrameworks/VideoToolboxParavirtualizationSupport.framework/Versions/A/VideoToolboxParavirtualizationSupport
0x00000001990d6000 	/System/Library/PrivateFrameworks/AppleVA.framework/Versions/A/AppleVA
0x00000001de132000 	/System/Library/PrivateFrameworks/HIDDisplay.framework/Versions/A/HIDDisplay
0x00000001bafd4000 	/System/Library/PrivateFrameworks/TextInput.framework/Versions/A/TextInput
0x000000019a387000 	/System/Library/PrivateFrameworks/DataDetectorsCore.framework/Versions/A/DataDetectorsCore
0x000000022293c000 	/System/Library/Frameworks/DataDetection.framework/Versions/A/DataDetection
0x000000019defb000 	/System/Library/Frameworks/MediaAccessibility.framework/Versions/A/MediaAccessibility
0x000000019606b000 	/System/Library/PrivateFrameworks/CoreEmoji.framework/Versions/A/CoreEmoji
0x00000001bc26f000 	/usr/lib/libncurses.5.4.dylib
0x0000000221b8c000 	/System/Library/Frameworks/AVFAudio.framework/Versions/A/AVFAudio
0x0000000264fcc000 	/System/Library/PrivateFrameworks/IsolatedCoreAudioClient.framework/Versions/A/IsolatedCoreAudioClient
0x000000023c2ce000 	/System/Library/PrivateFrameworks/CoreAudioOrchestration.framework/Versions/A/CoreAudioOrchestration
0x00000001af9de000 	/usr/lib/libAccessibility.dylib
0x000000019bb73000 	/usr/lib/libcups.2.dylib
0x00000001af881000 	/System/Library/PrivateFrameworks/AXCoreUtilities.framework/Versions/A/AXCoreUtilities
0x00000001e4ce5000 	/usr/lib/libedit.3.dylib
0x00000001c0824000 	/System/Library/PrivateFrameworks/AttributeGraph.framework/Versions/A/AttributeGraph
0x00000002b1e67000 	/usr/lib/libAXSafeCategoryBundle.dylib
0x000000022b6f5000 	/System/Library/Frameworks/TabularData.framework/Versions/A/TabularData
0x0000000234589000 	/System/Library/PrivateFrameworks/ArgumentParserInternal.framework/Versions/A/ArgumentParserInternal
0x00000001a859b000 	/System/Library/Frameworks/Cocoa.framework/Versions/A/Cocoa
0x000000018b093000 	/System/Library/Frameworks/AppKit.framework/Versions/C/AppKit
0x000000018c6d6000 	/System/Library/PrivateFrameworks/UIFoundation.framework/Versions/A/UIFoundation
0x000000023a03a000 	/System/Library/PrivateFrameworks/CollectionViewCore.framework/Versions/A/CollectionViewCore
0x000000019a3d1000 	/System/Library/PrivateFrameworks/UserActivity.framework/Versions/A/UserActivity
0x0000000194184000 	/System/Library/PrivateFrameworks/XCTTargetBootstrap.framework/Versions/A/XCTTargetBootstrap
0x00000002a52b8000 	/System/Library/PrivateFrameworks/UIIntelligenceSupport.framework/Versions/A/UIIntelligenceSupport
0x000000023774c000 	/System/Library/PrivateFrameworks/CampoServices.framework/Versions/A/CampoServices
0x000000024c63f000 	/System/Library/PrivateFrameworks/FrontBoard.framework/Versions/A/FrontBoard
0x000000022a5ae000 	/System/Library/Frameworks/SwiftUICore.framework/Versions/A/SwiftUICore
0x00000002ad3b0000 	/System/Library/PrivateFrameworks/WritingTools.framework/Versions/A/WritingTools
0x00000002abfa5000 	/System/Library/PrivateFrameworks/WindowManagement.framework/Versions/A/WindowManagement
0x00000002b127b000 	/System/Library/SubFrameworks/FocusEngine.framework/Versions/A/FocusEngine
0x00000002455a1000 	/System/Library/PrivateFrameworks/DesignLibrary.framework/Versions/A/DesignLibrary
0x0000000230c76000 	/System/Library/PrivateFrameworks/AnimationKit.framework/Versions/A/AnimationKit
0x00000002b1631000 	/System/Library/SubFrameworks/UIUtilities.framework/Versions/A/UIUtilities
0x00000002a5f85000 	/System/Library/PrivateFrameworks/UpdateCycle.framework/Versions/A/UpdateCycle
0x0000000193e8d000 	/System/Library/Frameworks/Carbon.framework/Versions/A/Frameworks/HIToolbox.framework/Versions/A/HIToolbox
0x000000019d909000 	/System/Library/Frameworks/Carbon.framework/Versions/A/Frameworks/SpeechRecognition.framework/Versions/A/SpeechRecognition
0x00000001918d1000 	/System/Library/PrivateFrameworks/PerformanceAnalysis.framework/Versions/A/PerformanceAnalysis
0x000000019dc37000 	/System/Library/Frameworks/Accessibility.framework/Versions/A/Accessibility
0x0000000222535000 	/System/Library/Frameworks/CoreTransferable.framework/Versions/A/CoreTransferable
0x000000022b6e3000 	/System/Library/Frameworks/Symbols.framework/Versions/A/Symbols
0x000000028f2fa000 	/System/Library/PrivateFrameworks/SceneHosting.framework/Versions/A/SceneHosting
0x00000002b36b8000 	/usr/lib/swift/libswiftSpatial.dylib
0x00000001b3d4e000 	/usr/lib/swift/libswiftCoreGraphics.dylib
0x000000019df45000 	/usr/lib/swift/libswiftFoundation.dylib
0x000000020ff43000 	/usr/lib/swift/libswiftSwiftOnoneSupport.dylib
0x00000002b3747000 	/usr/lib/swift/libswiftsys_time.dylib
0x00000001d5d9f000 	/System/Library/PrivateFrameworks/CoreMaterial.framework/Versions/A/CoreMaterial
0x00000002b2f70000 	/usr/lib/libSpatial.dylib
0x000000019debc000 	/System/Library/PrivateFrameworks/PrototypeTools.framework/Versions/A/PrototypeTools
0x000000018661c000 	/usr/lib/libsharedcache.dylib
0x00000001961c8000 	/usr/lib/objc/libobjcMsgSend1.dylib
0x000000019e1c8000 	/usr/lib/objc/libobjcMsgSend2.dylib
0x00000001a61c8000 	/usr/lib/objc/libobjcMsgSend3.dylib
0x00000001ae1c8000 	/usr/lib/objc/libobjcMsgSend4.dylib
0x00000001b61c8000 	/usr/lib/objc/libobjcMsgSend5.dylib
0x00000001be1c8000 	/usr/lib/objc/libobjcMsgSend6.dylib
0x00000001c61c8000 	/usr/lib/objc/libobjcMsgSend7.dylib
0x00000001ce1c8000 	/usr/lib/objc/libobjcMsgSend8.dylib
0x00000001d61c8000 	/usr/lib/objc/libobjcMsgSend9.dylib
0x00000001de1c8000 	/usr/lib/objc/libobjcMsgSend10.dylib
0x00000001e61c8000 	/usr/lib/objc/libobjcMsgSend11.dylib
0x000000020e1c8000 	/usr/lib/objc/libobjcMsgSend12.dylib
0x00000002161c8000 	/usr/lib/objc/libobjcMsgSend13.dylib
0x000000021e1c8000 	/usr/lib/objc/libobjcMsgSend14.dylib
0x00000002261c8000 	/usr/lib/objc/libobjcMsgSend15.dylib
0x000000022e1c8000 	/usr/lib/objc/libobjcMsgSend16.dylib
0x00000002361c8000 	/usr/lib/objc/libobjcMsgSend17.dylib
0x000000023e1c8000 	/usr/lib/objc/libobjcMsgSend18.dylib
0x00000002461c8000 	/usr/lib/objc/libobjcMsgSend19.dylib
0x000000024e1c8000 	/usr/lib/objc/libobjcMsgSend20.dylib
0x00000002561c8000 	/usr/lib/objc/libobjcMsgSend21.dylib
0x000000025e1c8000 	/usr/lib/objc/libobjcMsgSend22.dylib
0x00000002661c8000 	/usr/lib/objc/libobjcMsgSend23.dylib
0x000000026e1c8000 	/usr/lib/objc/libobjcMsgSend24.dylib
0x00000002761c8000 	/usr/lib/objc/libobjcMsgSend25.dylib
0x000000028e1c8000 	/usr/lib/objc/libobjcMsgSend26.dylib
0x00000002961c8000 	/usr/lib/objc/libobjcMsgSend27.dylib
0x000000029e1c8000 	/usr/lib/objc/libobjcMsgSend28.dylib
0x00000002a61c8000 	/usr/lib/objc/libobjcMsgSend29.dylib
0x00000002ae1c8000 	/usr/lib/objc/libobjcMsgSend30.dylib
0x00000002b61c8000 	/usr/lib/objc/libobjcMsgSend31.dylib
0x00000002be1c8000 	/usr/lib/objc/libobjcMsgSend32.dylib
0x00000002c61c8000 	/usr/lib/objc/libobjcMsgSend33.dylib
0x00000002ce1c8000 	/usr/lib/objc/libobjcMsgSend34.dylib
0x000000010ad8c000 	/Volumes/Box/DevCache/gradle/jdks/jetbrains_s_r_o_-25-aarch64-os_x.2/jbrsdk_jcef-25.0.4.1-osx-aarch64-b583.48/Contents/Home/lib/server/libjvm.dylib
0x0000000104e74000 	/Volumes/Box/DevCache/gradle/jdks/jetbrains_s_r_o_-25-aarch64-os_x.2/jbrsdk_jcef-25.0.4.1-osx-aarch64-b583.48/Contents/Home/lib/libjimage.dylib
0x0000000104ea0000 	/Volumes/Box/DevCache/gradle/jdks/jetbrains_s_r_o_-25-aarch64-os_x.2/jbrsdk_jcef-25.0.4.1-osx-aarch64-b583.48/Contents/Home/lib/libinstrument.dylib
0x0000000104ee8000 	/Volumes/Box/DevCache/gradle/jdks/jetbrains_s_r_o_-25-aarch64-os_x.2/jbrsdk_jcef-25.0.4.1-osx-aarch64-b583.48/Contents/Home/lib/libjava.dylib
0x0000000104fe0000 	/Volumes/Box/DevCache/gradle/jdks/jetbrains_s_r_o_-25-aarch64-os_x.2/jbrsdk_jcef-25.0.4.1-osx-aarch64-b583.48/Contents/Home/lib/libzip.dylib
0x0000000105000000 	/Volumes/Box/DevCache/gradle/jdks/jetbrains_s_r_o_-25-aarch64-os_x.2/jbrsdk_jcef-25.0.4.1-osx-aarch64-b583.48/Contents/Home/lib/libnio.dylib
0x0000000105020000 	/Volumes/Box/DevCache/gradle/jdks/jetbrains_s_r_o_-25-aarch64-os_x.2/jbrsdk_jcef-25.0.4.1-osx-aarch64-b583.48/Contents/Home/lib/libnet.dylib
0x0000000105038000 	/Volumes/Box/DevCache/gradle/jdks/jetbrains_s_r_o_-25-aarch64-os_x.2/jbrsdk_jcef-25.0.4.1-osx-aarch64-b583.48/Contents/Home/lib/libextnet.dylib
0x000000010504c000 	/Volumes/Box/DevCache/gradle/jdks/jetbrains_s_r_o_-25-aarch64-os_x.2/jbrsdk_jcef-25.0.4.1-osx-aarch64-b583.48/Contents/Home/lib/libverify.dylib
0x000000010a67c000 	/Volumes/Box/DevCache/gradle/jdks/jetbrains_s_r_o_-25-aarch64-os_x.2/jbrsdk_jcef-25.0.4.1-osx-aarch64-b583.48/Contents/Home/lib/libawt.dylib
0x0000000224a82000 	/System/Library/Frameworks/JavaRuntimeSupport.framework/Versions/A/JavaRuntimeSupport
0x00000001b5af4000 	/System/Library/Frameworks/Carbon.framework/Versions/A/Carbon
0x00000001aaa13000 	/System/Library/Frameworks/Carbon.framework/Versions/A/Frameworks/CommonPanels.framework/Versions/A/CommonPanels
0x00000001a5370000 	/System/Library/Frameworks/Carbon.framework/Versions/A/Frameworks/Help.framework/Versions/A/Help
0x00000001aaa17000 	/System/Library/Frameworks/Carbon.framework/Versions/A/Frameworks/ImageCapture.framework/Versions/A/ImageCapture
0x00000001aa9f3000 	/System/Library/Frameworks/Carbon.framework/Versions/A/Frameworks/OpenScripting.framework/Versions/A/OpenScripting
0x00000001aaa12000 	/System/Library/Frameworks/Carbon.framework/Versions/A/Frameworks/Ink.framework/Versions/A/Ink
0x00000001aaa0f000 	/System/Library/Frameworks/Carbon.framework/Versions/A/Frameworks/SecurityHI.framework/Versions/A/SecurityHI
0x00000002b28f8000 	/usr/lib/libInterpreterSecurity.dylib
0x00000001cccac000 	/System/Library/PrivateFrameworks/XprotectFramework.framework/Versions/A/XprotectFramework
0x00000001aed2e000 	/System/Library/PrivateFrameworks/yara.framework/Versions/A/yara
0x00000002b2385000 	/usr/lib/libEndpointSecuritySystem.dylib
0x000000010a8b8000 	/Volumes/Box/DevCache/gradle/jdks/jetbrains_s_r_o_-25-aarch64-os_x.2/jbrsdk_jcef-25.0.4.1-osx-aarch64-b583.48/Contents/Home/lib/libawt_lwawt.dylib
0x00000001050a0000 	/Volumes/Box/DevCache/gradle/jdks/jetbrains_s_r_o_-25-aarch64-os_x.2/jbrsdk_jcef-25.0.4.1-osx-aarch64-b583.48/Contents/Home/lib/libosxapp.dylib
0x00000001b3d9c000 	/System/Library/Frameworks/ExceptionHandling.framework/Versions/A/ExceptionHandling
0x000000010aa58000 	/Volumes/Box/DevCache/gradle/jdks/jetbrains_s_r_o_-25-aarch64-os_x.2/jbrsdk_jcef-25.0.4.1-osx-aarch64-b583.48/Contents/Home/lib/libfontmanager.dylib
0x000000010a7c0000 	/Volumes/Box/DevCache/gradle/jdks/jetbrains_s_r_o_-25-aarch64-os_x.2/jbrsdk_jcef-25.0.4.1-osx-aarch64-b583.48/Contents/Home/lib/libfreetype.dylib
0x000000022115e000 	/System/Library/Frameworks/AppIntents.framework/Versions/A/AppIntents
0x0000000229d99000 	/System/Library/Frameworks/RelevanceKit.framework/Versions/A/RelevanceKit
0x00000001973b4000 	/System/Library/Frameworks/CoreSpotlight.framework/Versions/A/CoreSpotlight
0x00000001a458e000 	/System/Library/Frameworks/Intents.framework/Versions/A/Intents
0x00000002688d4000 	/System/Library/PrivateFrameworks/LinkServices.framework/Versions/A/LinkServices
0x000000022173f000 	/System/Library/Frameworks/AppIntentsTypeSupport.framework/Versions/A/AppIntentsTypeSupport
0x00000001a1ff0000 	/System/Library/Frameworks/Contacts.framework/Versions/A/Contacts
0x00000001a2688000 	/System/Library/Frameworks/FileProvider.framework/Versions/A/FileProvider
0x0000000234ef6000 	/System/Library/PrivateFrameworks/AsyncAlgorithmsInternal.framework/Versions/A/AsyncAlgorithmsInternal
0x0000000249986000 	/System/Library/PrivateFrameworks/DoNotDisturb.framework/Versions/A/DoNotDisturb
0x000000024dea8000 	/System/Library/PrivateFrameworks/GenerativeModels.framework/Versions/A/GenerativeModels
0x0000000268743000 	/System/Library/PrivateFrameworks/LinkMetadata.framework/Versions/A/LinkMetadata
0x000000026c5a6000 	/System/Library/PrivateFrameworks/ModelCatalog.framework/Versions/A/ModelCatalog
0x00000001b75fe000 	/usr/lib/swift/libswiftIntents.dylib
0x000000028b45d000 	/System/Library/PrivateFrameworks/PommesRankingCore.framework/Versions/A/PommesRankingCore
0x000000029d695000 	/System/Library/PrivateFrameworks/SpotlightEmbeddingCore.framework/Versions/A/SpotlightEmbeddingCore
0x000000019e006000 	/System/Library/PrivateFrameworks/ContactsPersistence.framework/Versions/A/ContactsPersistence
0x000000019d90d000 	/System/Library/PrivateFrameworks/AppleLDAP.framework/Versions/A/AppleLDAP
0x00000001a56b8000 	/System/Library/Frameworks/ClassKit.framework/Versions/A/ClassKit
0x00000001a17d1000 	/System/Library/Frameworks/Vision.framework/Versions/A/Vision
0x00000001a7d5c000 	/System/Library/PrivateFrameworks/CoreSuggestions.framework/Versions/A/CoreSuggestions
0x000000019df46000 	/System/Library/PrivateFrameworks/ContactsFoundation.framework/Versions/A/ContactsFoundation
0x0000000191ba3000 	/System/Library/Frameworks/CloudKit.framework/Versions/A/CloudKit
0x00000001a32f4000 	/System/Library/PrivateFrameworks/vCard.framework/Versions/A/vCard
0x000000023a484000 	/System/Library/PrivateFrameworks/ContactsMetrics.framework/Versions/A/ContactsMetrics
0x0000000199440000 	/System/Library/PrivateFrameworks/login.framework/Versions/A/login
0x000000026955b000 	/System/Library/PrivateFrameworks/ManagedOrganizationContacts.framework/Versions/A/ManagedOrganizationContacts
0x0000000191fdd000 	/System/Library/PrivateFrameworks/CloudDocs.framework/Versions/A/CloudDocs
0x00000001a575e000 	/System/Library/PrivateFrameworks/AppleAccount.framework/Versions/A/AppleAccount
0x0000000229fdc000 	/System/Library/Frameworks/SharedWithYouCore.framework/Versions/A/SharedWithYouCore
0x00000002393ad000 	/System/Library/PrivateFrameworks/CloudTelemetry.framework/Versions/A/CloudTelemetry
0x0000000191b47000 	/System/Library/PrivateFrameworks/ApplePushService.framework/Versions/A/ApplePushService
0x000000019bd39000 	/System/Library/PrivateFrameworks/CacheDelete.framework/Versions/A/CacheDelete
0x0000000238f9d000 	/System/Library/PrivateFrameworks/CloudCoreInternal.framework/Versions/A/CloudCoreInternal
0x0000000238d14000 	/System/Library/PrivateFrameworks/CloudAsset.framework/Versions/A/CloudAsset
0x00000001a5dbe000 	/System/Library/Frameworks/PushKit.framework/Versions/A/PushKit
0x00000001a5dc5000 	/System/Library/PrivateFrameworks/C2.framework/Versions/A/C2
0x00000001d5448000 	/usr/lib/swift/libswiftAVFoundation.dylib
0x00000001a280c000 	/System/Library/PrivateFrameworks/GenerationalStorage.framework/Versions/A/GenerationalStorage
0x000000018c860000 	/System/Library/PrivateFrameworks/DesktopServicesPriv.framework/Versions/A/DesktopServicesPriv
0x00000002393d1000 	/System/Library/PrivateFrameworks/CloudTelemetryShared.framework/Versions/A/CloudTelemetryShared
0x00000001a800d000 	/System/Library/PrivateFrameworks/RTCReporting.framework/Versions/A/RTCReporting
0x0000000291db3000 	/System/Library/PrivateFrameworks/SetupKit.framework/Versions/A/SetupKit
0x000000019c96b000 	/System/Library/PrivateFrameworks/IDS.framework/Versions/A/IDS
0x000000022d88f000 	/System/Library/PrivateFrameworks/AAAFoundationSwift.framework/Versions/A/AAAFoundationSwift
0x00000001ae028000 	/System/Library/PrivateFrameworks/AccountsDaemon.framework/Versions/A/AccountsDaemon
0x00000001a5a75000 	/System/Library/PrivateFrameworks/AppleIDSSOAuthentication.framework/Versions/A/AppleIDSSOAuthentication
0x00000001a5c53000 	/System/Library/PrivateFrameworks/CoreUtilsSwift.framework/Versions/A/CoreUtilsSwift
0x00000001bbe81000 	/System/Library/PrivateFrameworks/CaptiveNetwork.framework/Versions/A/CaptiveNetwork
0x00000001b711b000 	/System/Library/PrivateFrameworks/FTServices.framework/Versions/A/FTServices
0x00000001c57de000 	/System/Library/PrivateFrameworks/FTAWD.framework/Versions/A/FTAWD
0x00000001ae0cf000 	/System/Library/PrivateFrameworks/OAuth.framework/Versions/A/OAuth
0x000000023db6a000 	/System/Library/PrivateFrameworks/CoreSceneUnderstanding.framework/Versions/A/CoreSceneUnderstanding
0x00000001c09a1000 	/System/Library/Frameworks/Vision.framework/libfaceCore.dylib
0x00000001c4c69000 	/System/Library/PrivateFrameworks/InertiaCam.framework/Versions/A/InertiaCam
0x0000000230d47000 	/System/Library/PrivateFrameworks/ANSTKit.framework/Versions/A/ANSTKit
0x00000002a553f000 	/System/Library/PrivateFrameworks/UnifiedAssetFramework.framework/Versions/A/UnifiedAssetFramework
0x000000029260d000 	/System/Library/PrivateFrameworks/SiriAnalytics.framework/Versions/A/SiriAnalytics
0x00000001bca57000 	/System/Library/PrivateFrameworks/SiriInstrumentation.framework/Versions/A/SiriInstrumentation
0x00000001b7ef3000 	/System/Library/PrivateFrameworks/Trial.framework/Versions/A/Trial
0x00000001b7e83000 	/System/Library/PrivateFrameworks/TrialProto.framework/Versions/A/TrialProto
0x00000001ba347000 	/System/Library/PrivateFrameworks/FeedbackLogger.framework/Versions/A/FeedbackLogger
0x0000000245515000 	/System/Library/PrivateFrameworks/Dendrite.framework/Versions/A/Dendrite
0x000000028f336000 	/System/Library/PrivateFrameworks/SchemaTypesCore.framework/Versions/A/SchemaTypesCore
0x0000000231f29000 	/System/Library/PrivateFrameworks/AppleFlatBuffers.framework/Versions/A/AppleFlatBuffers
0x00000001af2c2000 	/System/Library/PrivateFrameworks/ProactiveEventTracker.framework/Versions/A/ProactiveEventTracker
0x00000001a5db1000 	/System/Library/PrivateFrameworks/IntentsFoundation.framework/Versions/A/IntentsFoundation
0x00000001bc3a6000 	/System/Library/PrivateFrameworks/IntentsCore.framework/Versions/A/IntentsCore
0x000000023573a000 	/System/Library/PrivateFrameworks/AvailabilityKit.framework/Versions/A/AvailabilityKit
0x00000002315ad000 	/System/Library/PrivateFrameworks/AppIntentSchemas.framework/Versions/A/AppIntentSchemas
0x0000000223edb000 	/System/Library/Frameworks/GeoToolbox.framework/Versions/A/GeoToolbox
0x000000022588d000 	/System/Library/Frameworks/MediaIntents.framework/Versions/A/MediaIntents
0x0000000252884000 	/System/Library/PrivateFrameworks/GRDBInternal.framework/Versions/A/GRDBInternal
0x0000000269654000 	/System/Library/PrivateFrameworks/MarketplaceIntents.framework/Versions/A/MarketplaceIntents
0x000000029e05d000 	/System/Library/PrivateFrameworks/StatusKit.framework/Versions/A/StatusKit
0x000000024dfa1000 	/System/Library/PrivateFrameworks/GenerativeModelsFoundation.framework/Versions/A/GenerativeModelsFoundation
0x00000002a2fcc000 	/System/Library/PrivateFrameworks/TokenGeneration.framework/Versions/A/TokenGeneration
0x000000024dd4a000 	/System/Library/PrivateFrameworks/GenerativeFunctions.framework/Versions/A/GenerativeFunctions
0x000000024d969000 	/System/Library/PrivateFrameworks/GenerativeAgents.framework/Versions/A/GenerativeAgents
0x000000024dd9a000 	/System/Library/PrivateFrameworks/GenerativeFunctionsFoundation.framework/Versions/A/GenerativeFunctionsFoundation
0x0000000290f7a000 	/System/Library/PrivateFrameworks/SensitiveContentAnalysisML.framework/Versions/A/SensitiveContentAnalysisML
0x000000024de3c000 	/System/Library/PrivateFrameworks/GenerativeFunctionsInstrumentation.framework/Versions/A/GenerativeFunctionsInstrumentation
0x000000028d17d000 	/System/Library/PrivateFrameworks/PromptKit.framework/Versions/A/PromptKit
0x000000028ca73000 	/System/Library/PrivateFrameworks/ProactiveDaemonSupport.framework/Versions/A/ProactiveDaemonSupport
0x00000002a3156000 	/System/Library/PrivateFrameworks/TokenGenerationCore.framework/Versions/A/TokenGenerationCore
0x00000002912bf000 	/System/Library/PrivateFrameworks/SentencePieceInternal.framework/Versions/A/SentencePieceInternal
0x00000001c1248000 	/System/Library/PrivateFrameworks/TextRecognition.framework/Versions/A/TextRecognition
0x000000019d199000 	/System/Library/PrivateFrameworks/Sharing.framework/Versions/A/Sharing
0x000000023552a000 	/System/Library/PrivateFrameworks/AutoUnlock.framework/Versions/A/AutoUnlock
0x000000019cb87000 	/System/Library/PrivateFrameworks/IDSFoundation.framework/Versions/A/IDSFoundation
0x000000018f0d4000 	/System/Library/Frameworks/Accounts.framework/Versions/A/Accounts
0x00000001a4b1e000 	/System/Library/PrivateFrameworks/Apple80211.framework/Versions/A/Apple80211
0x0000000197032000 	/System/Library/PrivateFrameworks/AuthKit.framework/Versions/A/AuthKit
0x00000001a4b1f000 	/System/Library/PrivateFrameworks/CoreWiFi.framework/Versions/A/CoreWiFi
0x00000001960e6000 	/System/Library/Frameworks/CoreWLAN.framework/Versions/A/CoreWLAN
0x00000001a33be000 	/System/Library/Frameworks/LocalAuthentication.framework/Versions/A/LocalAuthentication
0x0000000291ec4000 	/System/Library/PrivateFrameworks/SharingCore.framework/Versions/A/SharingCore
0x00000001bda9b000 	/usr/lib/swift/libswiftCoreLocation.dylib
0x0000000268abb000 	/System/Library/PrivateFrameworks/LocalAuthenticationCore.framework/Versions/A/LocalAuthenticationCore
0x0000000268cbc000 	/System/Library/PrivateFrameworks/LocalAuthenticationCredentialServices.framework/Versions/A/LocalAuthenticationCredentialServices
0x00000001a341b000 	/System/Library/Frameworks/LocalAuthentication.framework/Support/SharedUtils.framework/Versions/A/SharedUtils
0x00000001a256e000 	/System/Library/PrivateFrameworks/DiskManagement.framework/Versions/A/DiskManagement
0x00000001a5378000 	/usr/lib/libcsfde.dylib
0x0000000199068000 	/usr/lib/libCoreStorage.dylib
0x000000019d62d000 	/System/Library/PrivateFrameworks/ProtectedCloudStorage.framework/Versions/A/ProtectedCloudStorage
0x00000001a5374000 	/System/Library/PrivateFrameworks/EFILogin.framework/Versions/A/EFILogin
0x000000022d876000 	/System/Library/PrivateFrameworks/AAAFoundation.framework/Versions/A/AAAFoundation
0x00000001ae0d7000 	/System/Library/PrivateFrameworks/CloudServices.framework/Versions/A/CloudServices
0x00000001a282c000 	/System/Library/PrivateFrameworks/OctagonTrust.framework/Versions/A/OctagonTrust
0x00000001a2488000 	/System/Library/PrivateFrameworks/AppleIDAuthSupport.framework/Versions/A/AppleIDAuthSupport
0x000000019bd7f000 	/System/Library/PrivateFrameworks/KeychainCircle.framework/Versions/A/KeychainCircle
0x000000019b8de000 	/System/Library/PrivateFrameworks/MultiverseSupport.framework/Versions/A/MultiverseSupport
0x00000001af879000 	/System/Library/PrivateFrameworks/URLFormatting.framework/Versions/A/URLFormatting
0x00000001a3333000 	/System/Library/Frameworks/CryptoTokenKit.framework/Versions/A/CryptoTokenKit
0x00000001b738c000 	/System/Library/PrivateFrameworks/BiometricKit.framework/Versions/A/BiometricKit
0x000000019b559000 	/System/Library/PrivateFrameworks/IMFoundation.framework/Versions/A/IMFoundation
0x00000001aed2d000 	/System/Library/PrivateFrameworks/Marco.framework/Versions/A/Marco
0x000000018f146000 	/System/Library/PrivateFrameworks/CommonUtilities.framework/Versions/A/CommonUtilities
0x00000001aa9e0000 	/System/Library/PrivateFrameworks/Engram.framework/Versions/A/Engram
0x00000002ad8fe000 	/System/Library/PrivateFrameworks/XPCDistributed.framework/Versions/A/XPCDistributed
0x00000001aa98d000 	/usr/lib/libtidy.A.dylib
0x00000001996b7000 	/System/Library/PrivateFrameworks/Bom.framework/Versions/A/Bom
0x000000019b8e9000 	/usr/lib/libParallelCompression.dylib
0x0000000206f4f000 	/System/Library/PrivateFrameworks/WiFiPeerToPeer.framework/Versions/A/WiFiPeerToPeer
0x0000000238202000 	/System/Library/PrivateFrameworks/Centauri.framework/Versions/A/Centauri
0x00000002b295f000 	/usr/lib/libmrc.dylib
0x0000000264f52000 	/System/Library/PrivateFrameworks/IPConfiguration.framework/Versions/A/IPConfiguration
0x00000001d5d6f000 	/System/Library/PrivateFrameworks/Netrb.framework/Versions/A/Netrb
0x0000000197375000 	/System/Library/Frameworks/UserNotifications.framework/Versions/A/UserNotifications
0x0000000193465000 	/System/Library/Frameworks/CoreLocation.framework/Versions/A/CoreLocation
0x0000000215f58000 	/System/Library/Frameworks/_LocationEssentials.framework/Versions/A/_LocationEssentials
0x000000019e5cc000 	/System/Library/PrivateFrameworks/GeoServices.framework/Versions/A/GeoServices
0x000000019b5b8000 	/System/Library/PrivateFrameworks/LocationSupport.framework/Versions/A/LocationSupport
0x00000002501c5000 	/System/Library/PrivateFrameworks/GeoServicesCore.framework/Versions/A/GeoServicesCore
0x00000001af878000 	/System/Library/PrivateFrameworks/PhoneNumbers.framework/Versions/A/PhoneNumbers
0x0000000268e94000 	/System/Library/PrivateFrameworks/LocationLogEncryption.framework/Versions/A/LocationLogEncryption
0x0000000198f21000 	/System/Library/PrivateFrameworks/CVNLP.framework/Versions/A/CVNLP
0x000000018947d000 	/System/Library/PrivateFrameworks/LanguageModeling.framework/Versions/A/LanguageModeling
0x00000001c14d5000 	/System/Library/PrivateFrameworks/Futhark.framework/Versions/A/Futhark
0x00000002a8c53000 	/System/Library/PrivateFrameworks/VisionCore.framework/Versions/A/VisionCore
0x0000000192088000 	/System/Library/Frameworks/CoreML.framework/Versions/A/CoreML
0x00000001b720f000 	/System/Library/Frameworks/NaturalLanguage.framework/Versions/A/NaturalLanguage
0x00000001a65cc000 	/System/Library/PrivateFrameworks/Espresso.framework/Versions/A/Espresso
0x00000001a826a000 	/System/Library/PrivateFrameworks/AppleNeuralEngine.framework/Versions/A/AppleNeuralEngine
0x00000002b3580000 	/usr/lib/swift/libswiftMLCompute.dylib
0x0000000206ee3000 	/usr/lib/swift/libswiftNaturalLanguage.dylib
0x0000000239731000 	/System/Library/PrivateFrameworks/CMPhoto.framework/Versions/A/CMPhoto
0x000000019a42d000 	/System/Library/Frameworks/MediaToolbox.framework/Versions/A/MediaToolbox
0x000000018e7c5000 	/System/Library/PrivateFrameworks/Montreal.framework/Versions/A/Montreal
0x0000000235ff0000 	/System/Library/PrivateFrameworks/ByteMatrixVerification.framework/Versions/A/ByteMatrixVerification
0x00000001e4c9c000 	/usr/lib/libFDRDecode.dylib
0x0000000232520000 	/System/Library/PrivateFrameworks/AppleJPEGXL.framework/Versions/A/AppleJPEGXL
0x00000001e1c73000 	/System/Library/Frameworks/CryptoKit.framework/Versions/A/CryptoKit
0x0000000244fa7000 	/System/Library/PrivateFrameworks/CryptoKitPrivate.framework/Versions/A/CryptoKitPrivate
0x00000001a5cfe000 	/System/Library/PrivateFrameworks/CryptoKitCBridging.framework/Versions/A/CryptoKitCBridging
0x00000001a265a000 	/System/Library/PrivateFrameworks/CoreAVCHD.framework/Versions/A/CoreAVCHD
0x00000001a2656000 	/System/Library/PrivateFrameworks/Mangrove.framework/Versions/A/Mangrove
0x00000001a2d77000 	/System/Library/Frameworks/CoreTelephony.framework/Versions/A/CoreTelephony
0x00000001a2641000 	/System/Library/PrivateFrameworks/CoreAUC.framework/Versions/A/CoreAUC
0x000000019bdc7000 	/usr/lib/libTelephonyUtilDynamic.dylib
0x0000000210a18000 	/System/Library/PrivateFrameworks/ANECompiler.framework/Versions/A/ANECompiler
0x00000002265cc000 	/System/Library/Frameworks/MetalPerformanceShadersGraph.framework/Versions/A/MetalPerformanceShadersGraph
0x000000026bc12000 	/System/Library/PrivateFrameworks/MLCompilerServices.framework/Versions/A/MLCompilerServices
0x00000001a5e3f000 	/System/Library/PrivateFrameworks/ANEServices.framework/Versions/A/ANEServices
0x000000018b02a000 	/usr/lib/libsandbox.1.dylib
0x0000000199060000 	/usr/lib/libMatch.1.dylib
0x00000002b0ce2000 	/System/Library/SubFrameworks/CoreAIRuntime.framework/Versions/A/CoreAIRuntime
0x00000002aff4b000 	/System/Library/SubFrameworks/CoreAICompiler.framework/Versions/A/CoreAICompiler
0x00000002aff2b000 	/System/Library/SubFrameworks/CoreAICommon.framework/Versions/A/CoreAICommon
0x0000000275b9d000 	/System/Library/PrivateFrameworks/ODIE.framework/Versions/A/ODIE
0x000000026bbb7000 	/System/Library/PrivateFrameworks/MLCompilerRuntime.framework/Versions/A/MLCompilerRuntime
0x0000000196c0a000 	/System/Library/Frameworks/MLCompute.framework/Versions/A/MLCompute
0x000000026bb3c000 	/System/Library/PrivateFrameworks/MLAssetIO.framework/Versions/A/MLAssetIO
0x00000001976a8000 	/usr/lib/libcmph.dylib
0x00000001b5efb000 	/System/Library/Frameworks/AVFoundation.framework/Versions/A/AVFoundation
0x00000001a2f75000 	/System/Library/PrivateFrameworks/AVFCore.framework/Versions/A/AVFCore
0x00000001ad14c000 	/System/Library/PrivateFrameworks/AVFCapture.framework/Versions/A/AVFCapture
0x0000000221cbc000 	/System/Library/Frameworks/AVRouting.framework/Versions/A/AVRouting
0x00000001ad49a000 	/System/Library/PrivateFrameworks/CMCapture.framework/Versions/A/CMCapture
0x000000023950e000 	/System/Library/PrivateFrameworks/CMImaging.framework/Versions/A/CMImaging
0x00000001ad36d000 	/System/Library/PrivateFrameworks/Quagga.framework/Versions/A/Quagga
0x000000019b9a6000 	/System/Library/Frameworks/CoreMediaIO.framework/Versions/A/CoreMediaIO
0x0000000239412000 	/System/Library/PrivateFrameworks/CMCaptureDevice.framework/Versions/A/CMCaptureDevice
0x00000002388a7000 	/System/Library/PrivateFrameworks/CinematicFraming.framework/Versions/A/CinematicFraming
0x000000026cb94000 	/System/Library/PrivateFrameworks/ModelManagerServices.framework/Versions/A/ModelManagerServices
0x00000001b5af5000 	/System/Library/Frameworks/CoreMotion.framework/Versions/A/CoreMotion
0x000000024617a000 	/System/Library/PrivateFrameworks/DistributedSensing.framework/Versions/A/DistributedSensing
0x00000001c19c9000 	/System/Library/PrivateFrameworks/MobileBluetooth.framework/Versions/A/MobileBluetooth
0x00000001a3763000 	/System/Library/PrivateFrameworks/Rapport.framework/Versions/A/Rapport
0x000000023234b000 	/System/Library/PrivateFrameworks/AppleIntelligenceReporting.framework/Versions/A/AppleIntelligenceReporting
0x000000010a7a0000 	/usr/lib/libobjc-trampolines.dylib
0x00000001c159a000 	/System/Library/CoreServices/RawCamera.bundle/Contents/MacOS/RawCamera
0x00000001dece8000 	/usr/lib/libAppleEXR.dylib
0x0000000215dec000 	/System/Library/Frameworks/_AppIntents_AppKit.framework/Versions/A/_AppIntents_AppKit
0x00000001bda80000 	/System/Library/Frameworks/Accelerate.framework/Versions/A/Frameworks/vImage.framework/Versions/A/Libraries/libCGInterfaces.dylib
0x00000002b16ee000 	/usr/lib/libAccessibilityBaseImplementations.dylib
0x00000002ad3ba000 	/System/Library/PrivateFrameworks/WritingToolsUI.framework/Versions/A/WritingToolsUI
0x000000025f571000 	/System/Library/PrivateFrameworks/InputTestFoundation.framework/Versions/A/InputTestFoundation
0x000000024dbb9000 	/System/Library/PrivateFrameworks/GenerativeAssistantSettings.framework/Versions/A/GenerativeAssistantSettings
0x00000002a0762000 	/System/Library/PrivateFrameworks/TextComposer.framework/Versions/A/TextComposer
0x00000001917d1000 	/System/Library/PrivateFrameworks/ViewBridge.framework/Versions/A/ViewBridge
0x00000001befcf000 	/System/Library/Frameworks/SwiftUI.framework/Versions/A/SwiftUI
0x000000024db8e000 	/System/Library/PrivateFrameworks/GenerativeAssistantCommon.framework/Versions/A/GenerativeAssistantCommon
0x0000000230f85000 	/System/Library/PrivateFrameworks/Anvil.framework/Versions/A/Anvil
0x000000024e01a000 	/System/Library/PrivateFrameworks/GenerativePartnerService.framework/Versions/A/GenerativePartnerService
0x000000024fe6a000 	/System/Library/PrivateFrameworks/GenerativePartnerServiceUI.framework/Versions/A/GenerativePartnerServiceUI
0x00000001a942e000 	/System/Library/PrivateFrameworks/AssistantServices.framework/Versions/A/AssistantServices
0x00000001a3542000 	/System/Library/PrivateFrameworks/SAObjects.framework/Versions/A/SAObjects
0x00000001a9095000 	/System/Library/PrivateFrameworks/MediaRemote.framework/Versions/A/MediaRemote
0x000000029b1ae000 	/System/Library/PrivateFrameworks/SiriTTSService.framework/Versions/A/SiriTTSService
0x000000024a770000 	/System/Library/PrivateFrameworks/FaceTimeNameUtility.framework/Versions/A/FaceTimeNameUtility
0x000000029487d000 	/System/Library/PrivateFrameworks/SiriCrossDeviceArbitrationFeedback.framework/Versions/A/SiriCrossDeviceArbitrationFeedback
0x000000029483a000 	/System/Library/PrivateFrameworks/SiriCrossDeviceArbitration.framework/Versions/A/SiriCrossDeviceArbitration
0x00000001d3afd000 	/usr/lib/swift/libswiftCoreMedia.dylib
0x00000001cb913000 	/System/Library/PrivateFrameworks/UIKitServices.framework/Versions/A/UIKitServices
0x00000001aebb8000 	/System/Library/PrivateFrameworks/MediaServices.framework/Versions/A/MediaServices
0x00000001992fb000 	/System/Library/PrivateFrameworks/PersistentConnection.framework/Versions/A/PersistentConnection
0x000000029cd61000 	/System/Library/PrivateFrameworks/SonicFoundation.framework/Versions/A/SonicFoundation
0x00000001bef9b000 	/usr/lib/libtailspin.dylib
0x000000029d3d3000 	/System/Library/PrivateFrameworks/SpeechEngine.framework/Versions/A/SpeechEngine
0x00000001d3195000 	/System/Library/PrivateFrameworks/Osprey.framework/Versions/A/Osprey
0x000000029a812000 	/System/Library/PrivateFrameworks/SiriTTS.framework/Versions/A/SiriTTS
0x00000001c0868000 	/System/Library/PrivateFrameworks/EmojiFoundation.framework/Versions/A/EmojiFoundation
0x00000002992ba000 	/System/Library/PrivateFrameworks/SiriPowerInstrumentation.framework/Versions/A/SiriPowerInstrumentation
0x00000002a019a000 	/System/Library/PrivateFrameworks/TailspinSymbolication.framework/Versions/A/TailspinSymbolication
0x00000002451c1000 	/System/Library/PrivateFrameworks/Darwinup.framework/Versions/A/Darwinup
0x00000001cb6f8000 	/System/Library/PrivateFrameworks/SignpostSupport.framework/Versions/A/SignpostSupport
0x00000001b7106000 	/System/Library/PrivateFrameworks/FeatureFlagsSupport.framework/Versions/A/FeatureFlagsSupport
0x00000001caf9e000 	/System/Library/PrivateFrameworks/ktrace.framework/Versions/A/ktrace
0x00000001cb93e000 	/System/Library/PrivateFrameworks/SampleAnalysis.framework/Versions/A/SampleAnalysis
0x00000001d4cc6000 	/System/Library/PrivateFrameworks/kperfdata.framework/Versions/A/kperfdata
0x000000019d7e5000 	/usr/lib/libdscsym.dylib
0x00000001d51c6000 	/System/Library/PrivateFrameworks/BulkSymbolication.framework/Versions/A/BulkSymbolication
0x00000001a3873000 	/System/Library/PrivateFrameworks/EmbeddedAcousticRecognition.framework/Versions/A/EmbeddedAcousticRecognition
0x00000002a6bd5000 	/System/Library/PrivateFrameworks/VectorSearch.framework/Versions/A/VectorSearch
0x00000001c9c07000 	/System/Library/PrivateFrameworks/SDAPI.framework/Versions/A/SDAPI
0x0000000264fc2000 	/System/Library/PrivateFrameworks/IsolatedContextLogging.framework/Versions/A/IsolatedContextLogging
0x00000001c14eb000 	/System/Library/PrivateFrameworks/DifferentialPrivacy.framework/Versions/A/DifferentialPrivacy
0x00000002a6ac6000 	/System/Library/PrivateFrameworks/VDAF.framework/Versions/A/VDAF
0x00000001c98eb000 	/System/Library/PrivateFrameworks/NetworkServiceProxy.framework/Versions/A/NetworkServiceProxy
0x000000019c6d1000 	/System/Library/Frameworks/NetworkExtension.framework/Versions/A/NetworkExtension
0x000000019dbf4000 	/usr/lib/libnetworkextension.dylib
0x00000001a5298000 	/System/Library/PrivateFrameworks/EAP8021X.framework/Versions/A/EAP8021X
0x00000001a85e5000 	/System/Library/PrivateFrameworks/AppleMediaServices.framework/Versions/A/AppleMediaServices
0x00000002a37d9000 	/System/Library/PrivateFrameworks/ToolKit.framework/Versions/A/ToolKit
0x000000022d871000 	/System/Library/PrivateFrameworks/_ToolKit_AppIntents.framework/Versions/A/_ToolKit_AppIntents
0x00000002327a4000 	/System/Library/PrivateFrameworks/AppleMediaServicesKitInternal.framework/Versions/A/AppleMediaServicesKitInternal
0x0000000291729000 	/System/Library/PrivateFrameworks/ServicesAnalyticsKit.framework/Versions/A/ServicesAnalyticsKit
0x00000001cdedc000 	/System/Library/PrivateFrameworks/DeviceIdentity.framework/Versions/A/DeviceIdentity
0x00000002650b8000 	/System/Library/PrivateFrameworks/JetAsset.framework/Versions/A/JetAsset
0x0000000265406000 	/System/Library/PrivateFrameworks/JetFoundation.framework/Versions/A/JetFoundation
0x0000000265414000 	/System/Library/PrivateFrameworks/JetPack.framework/Versions/A/JetPack
0x000000029152f000 	/System/Library/PrivateFrameworks/ServicesAnalyticsCore.framework/Versions/A/ServicesAnalyticsCore
0x00000002101b5000 	/System/Library/PrivateFrameworks/VoiceShortcutClient.framework/Versions/A/VoiceShortcutClient
0x00000001becb9000 	/System/Library/PrivateFrameworks/ChronoServices.framework/Versions/A/ChronoServices
0x000000018cb47000 	/System/Library/PrivateFrameworks/CoreDuet.framework/Versions/A/CoreDuet
0x00000001a454b000 	/System/Library/PrivateFrameworks/CoreDuetContext.framework/Versions/A/CoreDuetContext
0x00000001a5fda000 	/System/Library/PrivateFrameworks/CoreDuetDaemonProtocol.framework/Versions/A/CoreDuetDaemonProtocol
0x000000028e8f0000 	/System/Library/PrivateFrameworks/ReplicatorEngine.framework/Versions/A/ReplicatorEngine
0x00000001c5da7000 	/System/Library/PrivateFrameworks/Categories.framework/Versions/A/Categories
0x000000028eac0000 	/System/Library/PrivateFrameworks/ReplicatorServices.framework/Versions/A/ReplicatorServices
0x000000028e130000 	/System/Library/PrivateFrameworks/ReplicatorDependencies.framework/Versions/A/ReplicatorDependencies
0x00000002a0188000 	/System/Library/PrivateFrameworks/SystemWake.framework/Versions/A/SystemWake
0x0000000268dee000 	/System/Library/PrivateFrameworks/LocalStatusKit.framework/Versions/A/LocalStatusKit
0x00000001b8af0000 	/System/Library/PrivateFrameworks/ContextKit.framework/Versions/A/ContextKit
0x000000023a5b3000 	/System/Library/PrivateFrameworks/ContextKitCore.framework/Versions/A/ContextKitCore
0x00000001b7276000 	/System/Library/Frameworks/SafariServices.framework/Versions/A/SafariServices
0x00000001b3e37000 	/System/Library/Frameworks/WebKit.framework/Versions/A/WebKit
0x0000000215e49000 	/System/Library/Frameworks/_AuthenticationServices_SwiftUI.framework/Versions/A/_AuthenticationServices_SwiftUI
0x00000001be11a000 	/System/Library/PrivateFrameworks/AppStoreDaemon.framework/Versions/A/AppStoreDaemon
0x00000001ba36e000 	/System/Library/PrivateFrameworks/AppleMediaServicesUI.framework/Versions/A/AppleMediaServicesUI
0x000000020f467000 	/System/Library/PrivateFrameworks/JetEngine.framework/Versions/A/JetEngine
0x00000001b7db9000 	/System/Library/PrivateFrameworks/OnBoardingKit.framework/Versions/A/OnBoardingKit
0x0000000291b6c000 	/System/Library/PrivateFrameworks/Settings.framework/Versions/A/Settings
0x000000022d08c000 	/System/Library/PrivateFrameworks/_IconServices_SwiftUI.framework/Versions/A/_IconServices_SwiftUI
0x00000002b357e000 	/usr/lib/swift/libswiftMetalKit.dylib
0x00000002b3587000 	/usr/lib/swift/libswiftModelIO.dylib
0x0000000222d7b000 	/System/Library/Frameworks/ExtensionKit.framework/Versions/A/ExtensionKit
0x0000000223d73000 	/System/Library/Frameworks/FSKit.framework/Versions/A/FSKit
0x00000002a0651000 	/System/Library/PrivateFrameworks/TextAnimationSupport.framework/Versions/A/TextAnimationSupport
0x000000028da24000 	/System/Library/PrivateFrameworks/RecapPerformanceTesting.framework/Versions/A/RecapPerformanceTesting
0x00000001b7dad000 	/System/Library/PrivateFrameworks/SignpostCollection.framework/Versions/A/SignpostCollection
0x00000001a803a000 	/System/Library/Frameworks/WebKit.framework/Versions/A/Frameworks/WebKitLegacy.framework/Versions/A/WebKitLegacy
0x00000001a5ac3000 	/System/Library/PrivateFrameworks/CorePrediction.framework/Versions/A/CorePrediction
0x000000019289f000 	/System/Library/Frameworks/WebKit.framework/Versions/A/Frameworks/WebCore.framework/Versions/A/Frameworks/libwebrtc.dylib
0x000000019b951000 	/System/Library/Frameworks/SecurityInterface.framework/Versions/A/SecurityInterface
0x00000001b7db8000 	/System/Library/PrivateFrameworks/WebInspectorUI.framework/Versions/A/WebInspectorUI
0x00000001aaa19000 	/System/Library/Frameworks/JavaScriptCore.framework/Versions/A/JavaScriptCore
0x00000001afa18000 	/System/Library/Frameworks/WebKit.framework/Versions/A/Frameworks/WebCore.framework/Versions/A/WebCore
0x000000028d9fa000 	/System/Library/PrivateFrameworks/Recap.framework/Versions/A/Recap
0x0000000221dd6000 	/System/Library/Frameworks/BrowserEngineCore.framework/Versions/A/BrowserEngineCore
0x000000022c678000 	/System/Library/Frameworks/WebKit.framework/Versions/A/Frameworks/WebCore.framework/Versions/A/Frameworks/libANGLE-shared.dylib
0x00000002ab957000 	/System/Library/PrivateFrameworks/WebGPU.framework/Versions/A/WebGPU
0x00000001b7101000 	/System/Library/PrivateFrameworks/CoreOptimization.framework/Versions/A/CoreOptimization
0x0000000235408000 	/System/Library/PrivateFrameworks/AuthenticationServicesCore.framework/Versions/A/AuthenticationServicesCore
0x00000001c1a07000 	/System/Library/Frameworks/AuthenticationServices.framework/Versions/A/AuthenticationServices
0x000000019900f000 	/System/Library/PrivateFrameworks/SharedWebCredentials.framework/Versions/A/SharedWebCredentials
0x00000001b8b04000 	/System/Library/PrivateFrameworks/SafariCore.framework/Versions/A/SafariCore
0x00000001c1549000 	/System/Library/PrivateFrameworks/SafariFoundation.framework/Versions/A/SafariFoundation
0x0000000237ec1000 	/System/Library/PrivateFrameworks/CBORLibrary.framework/Versions/A/CBORLibrary
0x00000002383ac000 	/System/Library/PrivateFrameworks/Chirp.framework/Versions/A/Chirp
0x0000000239255000 	/System/Library/PrivateFrameworks/CloudSubscriptionFeatures.framework/Versions/A/CloudSubscriptionFeatures
0x000000021077b000 	/System/Library/PrivateFrameworks/RemoteManagement.framework/Versions/A/RemoteManagement
0x000000028dfcd000 	/System/Library/PrivateFrameworks/RemoteManagementModel.framework/Versions/A/RemoteManagementModel
0x000000028e043000 	/System/Library/PrivateFrameworks/RemoteManagementStore.framework/Versions/A/RemoteManagementStore
0x000000019d726000 	/usr/lib/libxcselect.dylib
0x0000000269560000 	/System/Library/PrivateFrameworks/ManagedSettingsObjC.framework/Versions/A/ManagedSettingsObjC
0x0000000268e98000 	/System/Library/PrivateFrameworks/LockdownMode.framework/Versions/A/LockdownMode
0x0000000223ae3000 	/System/Library/Frameworks/FoundationModels.framework/Versions/A/FoundationModels
0x000000029e172000 	/System/Library/PrivateFrameworks/StorageContainersPrivate.framework/Versions/A/StorageContainersPrivate
0x000000019b976000 	/System/Library/PrivateFrameworks/CoreFollowUp.framework/Versions/A/CoreFollowUp
0x00000001a6003000 	/System/Library/PrivateFrameworks/ConfigurationProfiles.framework/Versions/A/ConfigurationProfiles
0x000000024974b000 	/System/Library/PrivateFrameworks/DMCUtilities.framework/Versions/A/DMCUtilities
0x00000002698d6000 	/System/Library/PrivateFrameworks/MDMClientLibrary.framework/Versions/A/MDMClientLibrary
0x000000028e03a000 	/System/Library/PrivateFrameworks/RemoteManagementProtocol.framework/Versions/A/RemoteManagementProtocol
0x000000019df14000 	/System/Library/PrivateFrameworks/SystemAdministration.framework/Versions/A/SystemAdministration
0x00000001ad07f000 	/System/Library/PrivateFrameworks/PowerlogControl.framework/Versions/A/PowerlogControl
0x00000001968df000 	/System/Library/Frameworks/ServiceManagement.framework/Versions/A/ServiceManagement
0x00000001ad081000 	/usr/lib/libUniversalAccess.dylib
0x00000001a906e000 	/System/Library/PrivateFrameworks/FamilyControls.framework/Versions/A/FamilyControls
0x000000019d8d9000 	/System/Library/Frameworks/DirectoryService.framework/Versions/A/DirectoryService
0x00000001a5403000 	/System/Library/PrivateFrameworks/LoginUIKit.framework/Versions/A/Frameworks/LoginUICore.framework/Versions/A/LoginUICore
0x00000001996b5000 	/usr/lib/libodfde.dylib
0x00000001a9069000 	/System/Library/PrivateFrameworks/UniversalAccess.framework/Versions/A/Libraries/libUAPreferences.dylib
0x00000001a908b000 	/System/Library/PrivateFrameworks/CommerceKit.framework/Versions/A/Frameworks/CommerceCore.framework/Versions/A/CommerceCore
0x0000000245599000 	/System/Library/PrivateFrameworks/DEPClientLibrary.framework/Versions/A/DEPClientLibrary
0x00000002496ee000 	/System/Library/PrivateFrameworks/DMCEnrollmentLibrary.framework/Versions/A/DMCEnrollmentLibrary
0x00000001ad13b000 	/System/Library/PrivateFrameworks/SetupAssistantFramework.framework/Versions/A/SetupAssistantFramework
0x00000001a5b17000 	/System/Library/PrivateFrameworks/AuthKitUI.framework/Versions/A/AuthKitUI
0x00000001a5444000 	/System/Library/PrivateFrameworks/AppSSO.framework/Versions/A/AppSSO
0x00000001bdf12000 	/System/Library/PrivateFrameworks/LocalAuthenticationUI.framework/Versions/A/LocalAuthenticationUI
0x000000028ad1c000 	/System/Library/PrivateFrameworks/PlatformSSO.framework/Versions/A/PlatformSSO
0x000000028ae6a000 	/System/Library/PrivateFrameworks/PlatformSSOCore.framework/Versions/A/PlatformSSOCore
0x0000000224b11000 	/System/Library/Frameworks/LocalAuthenticationEmbeddedUI.framework/Versions/A/LocalAuthenticationEmbeddedUI
0x00000001bee07000 	/System/Library/PrivateFrameworks/AOSUI.framework/Versions/A/AOSUI
0x00000001af0f5000 	/System/Library/Frameworks/ContactsUI.framework/Versions/A/ContactsUI
0x00000001a2240000 	/System/Library/PrivateFrameworks/FamilyCircle.framework/Versions/A/FamilyCircle
0x00000001cd04b000 	/System/Library/Frameworks/LinkPresentation.framework/Versions/A/LinkPresentation
0x00000001aec28000 	/System/Library/PrivateFrameworks/IASUtilities.framework/Versions/A/IASUtilities
0x0000000256159000 	/System/Library/PrivateFrameworks/IASUtilitiesCore.framework/Versions/A/IASUtilitiesCore
0x000000028e5cc000 	/System/Library/PrivateFrameworks/RemoteUI.framework/Versions/A/RemoteUI
0x000000022baa3000 	/System/Library/Frameworks/TipKit.framework/Versions/A/TipKit
0x000000022d917000 	/System/Library/PrivateFrameworks/AAAFoundationUI.framework/Versions/A/AAAFoundationUI
0x0000000265aa0000 	/System/Library/PrivateFrameworks/LiftUI.framework/Versions/A/LiftUI
0x000000023918b000 	/System/Library/PrivateFrameworks/CloudSettings.framework/Versions/A/CloudSettings
0x00000001a7e0a000 	/System/Library/Frameworks/EventKit.framework/Versions/A/EventKit
0x00000001b7f7e000 	/System/Library/PrivateFrameworks/SearchFoundation.framework/Versions/A/SearchFoundation
0x00000001cf1f7000 	/System/Library/PrivateFrameworks/Email.framework/Versions/A/Email
0x0000000235a05000 	/System/Library/PrivateFrameworks/BackgroundSystemTasks.framework/Versions/A/BackgroundSystemTasks
0x00000001b6c39000 	/System/Library/PrivateFrameworks/CoreRoutine.framework/Versions/A/CoreRoutine
0x00000002371da000 	/System/Library/PrivateFrameworks/CalendarDatabase.framework/Versions/A/CalendarDatabase
0x00000002360e7000 	/System/Library/PrivateFrameworks/CalendarDaemon.framework/Versions/A/CalendarDaemon
0x00000001a5f58000 	/System/Library/PrivateFrameworks/CalendarFoundation.framework/Versions/A/CalendarFoundation
0x00000001a5f22000 	/System/Library/PrivateFrameworks/iCalendar.framework/Versions/A/iCalendar
0x00000002452b7000 	/System/Library/PrivateFrameworks/DataAccessExpress.framework/Versions/A/DataAccessExpress
0x00000001af20a000 	/System/Library/PrivateFrameworks/ContactsAutocomplete.framework/Versions/A/ContactsAutocomplete
0x0000000239139000 	/System/Library/PrivateFrameworks/CloudKitSharingManagement.framework/Versions/A/CloudKitSharingManagement
0x00000001bebcf000 	/System/Library/PrivateFrameworks/FTClientServices.framework/Versions/A/FTClientServices
0x00000002b3560000 	/usr/lib/swift/libswiftCoreMediaIO.dylib
0x00000001a5d41000 	/System/Library/PrivateFrameworks/DuetActivityScheduler.framework/Versions/A/DuetActivityScheduler
0x00000001aeafe000 	/System/Library/PrivateFrameworks/CoreDAV.framework/Versions/A/CoreDAV
0x00000001a7d16000 	/System/Library/PrivateFrameworks/CalDAV.framework/Versions/A/CalDAV
0x00000001b3b09000 	/System/Library/PrivateFrameworks/TelephonyUtilities.framework/Versions/A/TelephonyUtilities
0x0000000224ad1000 	/System/Library/Frameworks/LiveCommunicationKit.framework/Versions/A/LiveCommunicationKit
0x000000023a06f000 	/System/Library/PrivateFrameworks/CommunicationTrust.framework/Versions/A/CommunicationTrust
0x0000000245912000 	/System/Library/PrivateFrameworks/DeviceConfiguration.framework/Versions/A/DeviceConfiguration
0x00000001b8928000 	/System/Library/Frameworks/CallKit.framework/Versions/A/CallKit
0x00000001a223a000 	/System/Library/PrivateFrameworks/CommunicationsFilter.framework/Versions/A/CommunicationsFilter
0x00000001e4dff000 	/System/Library/PrivateFrameworks/IMTransferServices.framework/Versions/A/IMTransferServices
0x00000001b7115000 	/System/Library/PrivateFrameworks/IncomingCallFilter.framework/Versions/A/IncomingCallFilter
0x0000000274062000 	/System/Library/PrivateFrameworks/NeighborhoodActivityConduit.framework/Versions/A/NeighborhoodActivityConduit
0x00000001bad84000 	/System/Library/PrivateFrameworks/CallHistory.framework/Versions/A/CallHistory
0x00000002b1e6b000 	/usr/lib/libBASupport.dylib
0x000000023767c000 	/System/Library/PrivateFrameworks/CallsUtilities.framework/Versions/A/CallsUtilities
0x0000000237687000 	/System/Library/PrivateFrameworks/CallsXPC.framework/Versions/A/CallsXPC
0x00000002108c3000 	/usr/lib/swift/libswiftCallKit.dylib
0x000000023765f000 	/System/Library/PrivateFrameworks/CallsPersistence.framework/Versions/A/CallsPersistence
0x0000000229e32000 	/System/Library/Frameworks/SensitiveContentAnalysis.framework/Versions/A/SensitiveContentAnalysis
0x00000001bbcc9000 	/System/Library/PrivateFrameworks/PeopleSuggester.framework/Versions/A/PeopleSuggester
0x00000001c522e000 	/System/Library/PrivateFrameworks/SpotlightReceiver.framework/Versions/A/SpotlightReceiver
0x000000022d01e000 	/System/Library/PrivateFrameworks/_AppIntentsServices_AppIntents.framework/Versions/A/_AppIntentsServices_AppIntents
0x00000002317ff000 	/System/Library/PrivateFrameworks/AppIntentsServices.framework/Versions/A/AppIntentsServices
0x00000001a5f10000 	/System/Library/PrivateFrameworks/CoreRecents.framework/Versions/A/CoreRecents
0x0000000215ead000 	/System/Library/Frameworks/_Contacts_AppIntents.framework/Versions/A/_Contacts_AppIntents
0x0000000215eef000 	/System/Library/Frameworks/_GeoToolbox_AppIntents.framework/Versions/A/_GeoToolbox_AppIntents
0x00000001d5d59000 	/System/Library/PrivateFrameworks/DiagnosticRequest.framework/Versions/A/DiagnosticRequest
0x000000028dae2000 	/System/Library/PrivateFrameworks/RegulatoryDomain.framework/Versions/A/RegulatoryDomain
0x000000019dc8f000 	/usr/lib/libCTGreenTeaLogger.dylib
0x00000001b3a1d000 	/System/Library/PrivateFrameworks/CoreParsec.framework/Versions/A/CoreParsec
0x00000001ce181000 	/System/Library/PrivateFrameworks/EmailAddressing.framework/Versions/A/EmailAddressing
0x00000001cb143000 	/System/Library/PrivateFrameworks/EmailCore.framework/Versions/A/EmailCore
0x00000001cc0f7000 	/System/Library/PrivateFrameworks/EmailFoundation.framework/Versions/A/EmailFoundation
0x00000002882fd000 	/System/Library/PrivateFrameworks/PegasusAPI.framework/Versions/A/PegasusAPI
0x00000002891ab000 	/System/Library/PrivateFrameworks/PegasusConfiguration.framework/Versions/A/PegasusConfiguration
0x000000023db2f000 	/System/Library/PrivateFrameworks/CoreRoutineDiagnostics.framework/Versions/A/CoreRoutineDiagnostics
0x00000001b7354000 	/System/Library/Frameworks/LocalAuthentication.framework/Support/DaemonUtils.framework/Versions/A/DaemonUtils
0x0000000268c46000 	/System/Library/PrivateFrameworks/LocalAuthenticationCoreUI.framework/Versions/A/LocalAuthenticationCoreUI
0x00000001ba33e000 	/System/Library/PrivateFrameworks/BridgeXPC.framework/Versions/A/BridgeXPC
0x0000000199461000 	/System/Library/PrivateFrameworks/CoreBrightness.framework/Versions/A/CoreBrightness
0x00000001b7e76000 	/System/Library/PrivateFrameworks/CoreKDL.framework/Versions/A/CoreKDL
0x00000001b6102000 	/System/Library/PrivateFrameworks/EmbeddedOSSupportHost.framework/Versions/A/EmbeddedOSSupportHost
0x00000001d239d000 	/System/Library/PrivateFrameworks/CPMS.framework/Versions/A/CPMS
0x00000002a0122000 	/System/Library/PrivateFrameworks/SystemStatus.framework/Versions/A/SystemStatus
0x00000001bbe8f000 	/System/Library/PrivateFrameworks/UniversalAccess.framework/Versions/A/UniversalAccess
0x00000001d5d79000 	/System/Library/PrivateFrameworks/PreferencePanesSupport.framework/Versions/A/PreferencePanesSupport
0x00000001caf90000 	/System/Library/PrivateFrameworks/AccessibilitySupport.framework/Versions/A/AccessibilitySupport
0x00000001cb101000 	/System/Library/Frameworks/PreferencePanes.framework/Versions/A/PreferencePanes
0x00000001ccae7000 	/System/Library/PrivateFrameworks/UniversalAccess.framework/Versions/A/Frameworks/UniversalAccessCore.framework/Versions/A/UniversalAccessCore
0x00000001d5ed9000 	/System/Library/PrivateFrameworks/MachineSettings.framework/Versions/A/MachineSettings
0x00000001cb08f000 	/System/Library/PrivateFrameworks/BezelServices.framework/Versions/A/BezelServices
0x00000001b87fb000 	/System/Library/PrivateFrameworks/IntlPreferences.framework/Versions/A/IntlPreferences
0x00000001d51aa000 	/System/Library/PrivateFrameworks/AccessibilitySupport.framework/Versions/A/Frameworks/AccessibilityEvents.framework/Versions/A/AccessibilityEvents
0x00000001cbab0000 	/System/Library/PrivateFrameworks/AccessibilitySupport.framework/Versions/A/Frameworks/AccessibilityFoundation.framework/Versions/A/AccessibilityFoundation
0x00000001d5109000 	/System/Library/PrivateFrameworks/AccessibilitySupport.framework/Versions/A/Frameworks/AccessibilityKit.framework/Versions/A/AccessibilityKit
0x00000001d5165000 	/System/Library/PrivateFrameworks/AccessibilitySupport.framework/Versions/A/Frameworks/AccessibilityVisuals.framework/Versions/A/AccessibilityVisuals
0x00000001a3515000 	/System/Library/PrivateFrameworks/BatteryUIKit.framework/Versions/A/BatteryUIKit
0x00000002a5d57000 	/System/Library/PrivateFrameworks/UniversalControl.framework/Versions/A/UniversalControl
0x00000001a5d03000 	/usr/lib/libScreenReader.dylib
0x00000001b68b2000 	/System/Library/PrivateFrameworks/AccessibilitySharedSupport.framework/Versions/A/AccessibilitySharedSupport
0x0000000210547000 	/System/Library/PrivateFrameworks/AXMediaUtilities.framework/Versions/A/AXMediaUtilities
0x00000001cc63e000 	/System/Library/Frameworks/Speech.framework/Versions/A/Speech
0x00000001cbf22000 	/System/Library/PrivateFrameworks/AXAssetLoader.framework/Versions/A/AXAssetLoader
0x00000001c5db9000 	/System/Library/PrivateFrameworks/TextToSpeech.framework/Versions/A/TextToSpeech
0x000000022fd9e000 	/System/Library/PrivateFrameworks/AIMLExperimentationAnalytics.framework/Versions/A/AIMLExperimentationAnalytics
0x0000000230448000 	/System/Library/PrivateFrameworks/AlgorithmsInternal.framework/Versions/A/AlgorithmsInternal
0x000000029f6d3000 	/System/Library/PrivateFrameworks/SwiftSQLite.framework/Versions/A/SwiftSQLite
0x00000002a2c60000 	/System/Library/PrivateFrameworks/TipKitCore.framework/Versions/A/TipKitCore
0x000000028af97000 	/System/Library/PrivateFrameworks/PlatformSSOCoreUI.framework/Versions/A/PlatformSSOCoreUI
0x00000001a9a96000 	/System/Library/PrivateFrameworks/LoginUIKit.framework/Versions/A/LoginUIKit
0x00000001c6d0b000 	/System/Library/PrivateFrameworks/StorageKit.framework/Versions/A/StorageKit
0x0000000198f07000 	/System/Library/PrivateFrameworks/AppSSOCore.framework/Versions/A/AppSSOCore
0x00000002129aa000 	/System/Library/Frameworks/DeviceCheck.framework/Versions/A/DeviceCheck
0x000000023573d000 	/System/Library/PrivateFrameworks/AvatarKit.framework/Versions/A/AvatarKit
0x00000002b357c000 	/usr/lib/swift/libswiftGLKit.dylib
0x00000002b36b5000 	/usr/lib/swift/libswiftSceneKit.dylib
0x0000000245f06000 	/System/Library/PrivateFrameworks/DiskImages2.framework/Versions/A/DiskImages2
0x00000001c6d69000 	/System/Library/PrivateFrameworks/CoreWLANKit.framework/Versions/A/CoreWLANKit
0x00000002aac4d000 	/System/Library/PrivateFrameworks/Wallpaper.framework/Versions/A/Wallpaper
0x00000002aadf5000 	/System/Library/PrivateFrameworks/WallpaperFoundation.framework/Versions/A/WallpaperFoundation
0x00000002aae6b000 	/System/Library/PrivateFrameworks/WallpaperTypes.framework/Versions/A/WallpaperTypes
0x00000001e60ef000 	/System/Library/PrivateFrameworks/SystemDesktopAppearance.framework/Versions/A/SystemDesktopAppearance
0x000000019dbc7000 	/System/Library/Frameworks/GLKit.framework/Versions/A/GLKit
0x00000001cb7a4000 	/System/Library/Frameworks/ModelIO.framework/Versions/A/ModelIO
0x00000002b65cc000 	/usr/lib/usd/libusd_ms.dylib
0x00000002a5f88000 	/System/Library/PrivateFrameworks/USDLib_FormatLoaderProxy.framework/Versions/A/USDLib_FormatLoaderProxy
0x00000002b33d7000 	/usr/lib/swift/libswift_errno.dylib
0x000000019d70f000 	/System/Library/Frameworks/MetalKit.framework/Versions/A/MetalKit
0x00000001b9a8f000 	/System/Library/Frameworks/SceneKit.framework/Versions/A/SceneKit
0x00000002a6c71000 	/System/Library/PrivateFrameworks/VFX.framework/Versions/A/VFX
0x00000001d5f94000 	/System/Library/PrivateFrameworks/AppleCVA.framework/Versions/A/AppleCVA
0x00000002357dc000 	/System/Library/PrivateFrameworks/AvatarKitContent.framework/Versions/A/AvatarKitContent
0x00000002258fc000 	/System/Library/Frameworks/MetalFX.framework/Versions/A/MetalFX
0x000000019dcaf000 	/System/Library/PrivateFrameworks/CoreAppleCVA.framework/Versions/A/CoreAppleCVA
0x000000025dd51000 	/System/Library/PrivateFrameworks/icloudMCCKit.framework/Versions/A/icloudMCCKit
0x0000000231bbb000 	/System/Library/PrivateFrameworks/AppleAccountUI.framework/Versions/A/AppleAccountUI
0x00000001bef55000 	/System/Library/PrivateFrameworks/FindMyDeviceUI.framework/Versions/A/FindMyDeviceUI
0x000000025de2a000 	/System/Library/PrivateFrameworks/iCloudQuotaUI.framework/Versions/A/iCloudQuotaUI
0x00000001d5edc000 	/System/Library/PrivateFrameworks/CoreCDPUI.framework/Versions/A/CoreCDPUI
0x00000001b885f000 	/System/Library/PrivateFrameworks/CoreFollowUpUI.framework/Versions/A/CoreFollowUpUI
0x00000001c543c000 	/System/Library/PrivateFrameworks/IMCore.framework/Versions/A/IMCore
0x00000001ad0cf000 	/System/Library/PrivateFrameworks/CoreCDP.framework/Versions/A/CoreCDP
0x00000001a85d6000 	/System/Library/PrivateFrameworks/AskPermission.framework/Versions/A/AskPermission
0x00000001bc321000 	/System/Library/Frameworks/Quartz.framework/Versions/A/Quartz
0x00000001b6128000 	/System/Library/PrivateFrameworks/FindMyDevice.framework/Versions/A/FindMyDevice
0x00000001c9987000 	/System/Library/PrivateFrameworks/CloudPhotoServicesConfiguration.framework/Versions/A/CloudPhotoServicesConfiguration
0x00000001baba9000 	/System/Library/PrivateFrameworks/CommerceKit.framework/Versions/A/CommerceKit
0x00000001cb205000 	/System/Library/PrivateFrameworks/FindMyMac.framework/Versions/A/FindMyMac
0x00000001bdfd4000 	/System/Library/Frameworks/AddressBook.framework/Versions/A/AddressBook
0x00000001bc4a9000 	/System/Library/PrivateFrameworks/AOSKit.framework/Versions/A/AOSKit
0x00000001a7552000 	/System/Library/PrivateFrameworks/AOSAccounts.framework/Versions/A/AOSAccounts
0x000000019df0e000 	/System/Library/PrivateFrameworks/AppleSRP.framework/Versions/A/AppleSRP
0x00000001a5d10000 	/System/Library/PrivateFrameworks/NetFSServer.framework/Versions/A/NetFSServer
0x00000001b9988000 	/System/Library/Frameworks/PDFKit.framework/Versions/A/PDFKit
0x00000002b35a6000 	/usr/lib/swift/libswiftPassKit.dylib
0x00000001de131000 	/System/Library/Frameworks/PassKit.framework/Versions/A/PassKit
0x00000001a9b7c000 	/System/Library/PrivateFrameworks/PassKitCore.framework/Versions/A/PassKitCore
0x0000000287731000 	/System/Library/PrivateFrameworks/PassKitMacHelperTemp.framework/Versions/A/PassKitMacHelperTemp
0x00000002b17c4000 	/usr/lib/libAppleSSE.dylib
0x000000029173f000 	/System/Library/PrivateFrameworks/SEService.framework/Versions/A/SEService
0x0000000222e0a000 	/System/Library/Frameworks/FinanceKit.framework/Versions/A/FinanceKit
0x0000000233358000 	/System/Library/PrivateFrameworks/AppletTranslationFramework.framework/Versions/A/AppletTranslationFramework
0x00000001bc3bd000 	/System/Library/PrivateFrameworks/NearField.framework/Versions/A/NearField
0x0000000291868000 	/System/Library/PrivateFrameworks/SESShared.framework/Versions/A/SESShared
0x000000029ec62000 	/System/Library/PrivateFrameworks/STSXPCHelperClient.framework/Versions/A/STSXPCHelperClient
0x00000001be7c7000 	/usr/lib/libnfshared.dylib
0x00000001e1e71000 	/System/Library/PrivateFrameworks/PassKitUIFoundation.framework/Versions/A/PassKitUIFoundation
0x000000019d91e000 	/System/Library/Frameworks/MapKit.framework/Versions/A/MapKit
0x000000024e0d6000 	/System/Library/PrivateFrameworks/GeoAnalytics.framework/Versions/A/GeoAnalytics
0x00000001be7f2000 	/System/Library/PrivateFrameworks/Navigation.framework/Versions/A/Navigation
0x00000001c8462000 	/System/Library/PrivateFrameworks/VectorKit.framework/Versions/A/VectorKit
0x000000022d085000 	/System/Library/PrivateFrameworks/_GeoServices_GeoToolbox.framework/Versions/A/_GeoServices_GeoToolbox
0x00000001aecdf000 	/System/Library/PrivateFrameworks/VirtualGarage.framework/Versions/A/VirtualGarage
0x00000001bea6d000 	/System/Library/Frameworks/ExternalAccessory.framework/ExternalAccessory
0x00000001bea83000 	/System/Library/PrivateFrameworks/IAP.framework/Versions/A/IAP
0x00000001aedf3000 	/System/Library/PrivateFrameworks/ContactsUICore.framework/Versions/A/ContactsUICore
0x00000001a9679000 	/System/Library/PrivateFrameworks/IMSharedUtilities.framework/Versions/A/IMSharedUtilities
0x00000002b3505000 	/usr/lib/swift/libswiftAppleArchive.dylib
0x00000001b71f9000 	/System/Library/PrivateFrameworks/ContactsDonation.framework/Versions/A/ContactsDonation
0x00000001b616d000 	/System/Library/PrivateFrameworks/DataDetectors.framework/Versions/A/DataDetectors
0x00000001a7d06000 	/System/Library/Frameworks/MediaLibrary.framework/Versions/A/MediaLibrary
0x000000019e181000 	/System/Library/PrivateFrameworks/PersonaKit.framework/Versions/A/PersonaKit
0x00000001aede6000 	/System/Library/PrivateFrameworks/PersonaUI.framework/Versions/A/PersonaUI
0x00000001cabac000 	/System/Library/PrivateFrameworks/Transparency.framework/Versions/A/Transparency
0x000000024b6f4000 	/System/Library/PrivateFrameworks/FindMyLocate.framework/Versions/A/FindMyLocate
0x00000002910af000 	/System/Library/PrivateFrameworks/SensitiveContentAnalysisUI.framework/Versions/A/SensitiveContentAnalysisUI
0x000000023de1f000 	/System/Library/PrivateFrameworks/CoreTransparency.framework/Versions/A/CoreTransparency
0x000000024b524000 	/System/Library/PrivateFrameworks/FindMyCommon.framework/Versions/A/FindMyCommon
0x000000024b2ce000 	/System/Library/PrivateFrameworks/FindMyBase.framework/Versions/A/FindMyBase
0x00000002260be000 	/System/Library/Frameworks/NearbyInteraction.framework/Versions/A/NearbyInteraction
0x000000024b6ee000 	/System/Library/PrivateFrameworks/FindMyFeatureFlags.framework/Versions/A/FindMyFeatureFlags
0x0000000215e60000 	/System/Library/Frameworks/_AVKit_SwiftUI.framework/Versions/A/_AVKit_SwiftUI
0x00000002a42be000 	/System/Library/PrivateFrameworks/TrustKit.framework/Versions/A/TrustKit
0x000000019e068000 	/System/Library/PrivateFrameworks/AddressBookCore.framework/Versions/A/AddressBookCore
0x00000001be104000 	/System/Library/PrivateFrameworks/ToneKit.framework/Versions/A/ToneKit
0x00000001b8830000 	/System/Library/PrivateFrameworks/ToneLibrary.framework/Versions/A/ToneLibrary
0x000000023a452000 	/System/Library/PrivateFrameworks/ContactsAccounts.framework/Versions/A/ContactsAccounts
0x00000001bc25c000 	/System/Library/PrivateFrameworks/Lookup.framework/Versions/A/Lookup
0x0000000229510000 	/System/Library/Frameworks/QuickLookUI.framework/Versions/A/QuickLookUI
0x00000001b3d00000 	/System/Library/PrivateFrameworks/DeviceManagement.framework/Versions/A/DeviceManagement
0x00000001d5c6d000 	/System/Library/PrivateFrameworks/ScreenTimeUI.framework/Versions/A/ScreenTimeUI
0x0000000229dbb000 	/System/Library/Frameworks/ScreenCaptureKit.framework/Versions/A/ScreenCaptureKit
0x00000001a5e04000 	/System/Library/Frameworks/QuickLookThumbnailing.framework/Versions/A/QuickLookThumbnailing
0x00000001b39f7000 	/System/Library/PrivateFrameworks/QuickLookSupport.framework/Versions/A/QuickLookSupport
0x00000001b6169000 	/System/Library/PrivateFrameworks/QuickLookNonBaseSystem.framework/Versions/A/QuickLookNonBaseSystem
0x000000019d6b8000 	/System/Library/Frameworks/QuickLook.framework/Versions/A/QuickLook
0x00000001b72ab000 	/System/Library/PrivateFrameworks/Catalyst.framework/Versions/A/Catalyst
0x00000001b89ab000 	/System/Library/PrivateFrameworks/ScreenTimeCore.framework/Versions/A/ScreenTimeCore
0x00000001cc989000 	/System/Library/PrivateFrameworks/ScreenTimeServiceUI.framework/Versions/A/ScreenTimeServiceUI
0x000000028fc97000 	/System/Library/PrivateFrameworks/ScreenTimeSettingsServices.framework/Versions/A/ScreenTimeSettingsServices
0x000000029063e000 	/System/Library/PrivateFrameworks/ScreenTimeSwift.framework/Versions/A/ScreenTimeSwift
0x0000000234644000 	/System/Library/PrivateFrameworks/AskToCore.framework/Versions/A/AskToCore
0x00000001c4d2b000 	/System/Library/PrivateFrameworks/ConfigurationEngineModel.framework/Versions/A/ConfigurationEngineModel
0x00000001c8428000 	/System/Library/PrivateFrameworks/UsageTracking.framework/Versions/A/UsageTracking
0x000000022298d000 	/System/Library/Frameworks/DeviceActivity.framework/Versions/A/DeviceActivity
0x00000001c8404000 	/System/Library/PrivateFrameworks/KnowledgeMonitor.framework/Versions/A/KnowledgeMonitor
0x000000029ffa4000 	/System/Library/PrivateFrameworks/Symptoms.framework/Versions/A/Frameworks/SymptomPresentationFeed.framework/Versions/A/SymptomPresentationFeed
0x00000001e1e2f000 	/System/Library/PrivateFrameworks/BluetoothManager.framework/Versions/A/BluetoothManager
0x000000029ffc6000 	/System/Library/PrivateFrameworks/SymptomShared.framework/Versions/A/SymptomShared
0x000000029fd34000 	/System/Library/PrivateFrameworks/Symptoms.framework/Versions/A/Frameworks/SymptomAnalytics.framework/Versions/A/SymptomAnalytics
0x0000000224c13000 	/System/Library/Frameworks/ManagedSettings.framework/Versions/A/ManagedSettings
0x00000002695a0000 	/System/Library/PrivateFrameworks/ManagedSettingsSupport.framework/Versions/A/ManagedSettingsSupport
0x00000001de13c000 	/System/Library/Frameworks/ReplayKit.framework/Versions/A/ReplayKit
0x00000001cd39c000 	/System/Library/PrivateFrameworks/PhotosFormats.framework/Versions/A/PhotosFormats
0x00000001a3425000 	/System/Library/PrivateFrameworks/AVFoundationCF.framework/Versions/A/AVFoundationCF
0x000000028b4ff000 	/System/Library/PrivateFrameworks/Portrait.framework/Versions/A/Portrait
0x00000001c4bc9000 	/System/Library/PrivateFrameworks/MMCS.framework/Versions/A/MMCS
0x00000001a9649000 	/System/Library/PrivateFrameworks/PhotoFoundation.framework/Versions/A/PhotoFoundation
0x0000000231cf9000 	/System/Library/PrivateFrameworks/AppleDepth.framework/Versions/A/AppleDepth
0x000000024c6dc000 	/System/Library/PrivateFrameworks/FusionTracker.framework/Versions/A/FusionTracker
0x00000002388d1000 	/System/Library/PrivateFrameworks/CinematicUtil.framework/Versions/A/CinematicUtil
0x0000000238895000 	/System/Library/PrivateFrameworks/CinematicCommunication.framework/Versions/A/CinematicCommunication
0x0000000231e52000 	/System/Library/PrivateFrameworks/AppleDepthCore.framework/Versions/A/AppleDepthCore
0x00000001a7b9c000 	/System/Library/PrivateFrameworks/ChunkingLibrary.framework/Versions/A/ChunkingLibrary
0x000000019dee0000 	/System/Library/PrivateFrameworks/AssetCacheServices.framework/Versions/A/AssetCacheServices
0x00000001aa9c1000 	/System/Library/PrivateFrameworks/MarkupUI.framework/Versions/A/MarkupUI
0x00000001b6149000 	/System/Library/PrivateFrameworks/SidecarCore.framework/Versions/A/SidecarCore
0x00000001b93f2000 	/System/Library/PrivateFrameworks/AnnotationKit.framework/Versions/A/AnnotationKit
0x00000001b5af3000 	/System/Library/PrivateFrameworks/CorePDF.framework/Versions/A/CorePDF
0x00000001b94f6000 	/System/Library/Frameworks/Quartz.framework/Versions/A/Frameworks/QuartzComposer.framework/Versions/A/QuartzComposer
0x00000001b87dd000 	/System/Library/Frameworks/Quartz.framework/Versions/A/Frameworks/QuartzFilters.framework/Versions/A/QuartzFilters
0x00000001b7a4e000 	/System/Library/Frameworks/Quartz.framework/Versions/A/Frameworks/ImageKit.framework/Versions/A/ImageKit
0x0000000214b51000 	/System/Library/Frameworks/OpenCL.framework/Versions/A/OpenCL
0x00000001a9a91000 	/System/Library/PrivateFrameworks/DisplayServices.framework/Versions/A/DisplayServices
0x00000001b877b000 	/System/Library/Frameworks/ImageCaptureCore.framework/Versions/A/ImageCaptureCore
0x00000002a8ca7000 	/System/Library/PrivateFrameworks/VisionKitCore.framework/Versions/A/VisionKitCore
0x000000025e125000 	/System/Library/PrivateFrameworks/ImageCaptureDevices.framework/Versions/A/ImageCaptureDevices
0x000000022bbfe000 	/System/Library/Frameworks/Translation.framework/Versions/A/Translation
0x0000000269f0d000 	/System/Library/PrivateFrameworks/MediaAnalysisServices.framework/Versions/A/MediaAnalysisServices
0x00000001d4cef000 	/System/Library/PrivateFrameworks/RevealCore.framework/Versions/A/RevealCore
0x00000001d4ce7000 	/System/Library/PrivateFrameworks/Reveal.framework/Versions/A/Reveal
0x000000025f58f000 	/System/Library/PrivateFrameworks/InputToolKit.framework/Versions/A/InputToolKit
0x0000000249e69000 	/System/Library/PrivateFrameworks/EmbeddingCore.framework/Versions/A/EmbeddingCore
0x00000002a4239000 	/System/Library/PrivateFrameworks/TranslationUIServices.framework/Versions/A/TranslationUIServices
0x00000001b7c01000 	/System/Library/Frameworks/PencilKit.framework/Versions/A/PencilKit
0x00000001b7d9e000 	/System/Library/PrivateFrameworks/SidecarUI.framework/Versions/A/SidecarUI
0x00000001b7653000 	/System/Library/PrivateFrameworks/CoreHandwriting.framework/Versions/A/CoreHandwriting
0x0000000187eef000 	/usr/lib/libmecabra.dylib
0x00000001af3b6000 	/System/Library/PrivateFrameworks/Calculate.framework/Versions/A/Calculate
0x0000000198dda000 	/usr/lib/libChineseTokenizer.dylib
0x00000002106cc000 	/System/Library/PrivateFrameworks/ScreenReaderCore.framework/Versions/A/ScreenReaderCore
0x000000029eb73000 	/System/Library/PrivateFrameworks/StocksKit.framework/Versions/A/StocksKit
0x000000029e89e000 	/System/Library/PrivateFrameworks/StocksCore.framework/Versions/A/StocksCore
0x00000002a022a000 	/System/Library/PrivateFrameworks/TeaFoundation.framework/Versions/A/TeaFoundation
0x00000002a0408000 	/System/Library/PrivateFrameworks/TeaSettings.framework/Versions/A/TeaSettings
0x00000002068d5000 	/System/Library/PrivateFrameworks/NewsCore.framework/Versions/A/NewsCore
0x00000002a01c1000 	/System/Library/PrivateFrameworks/TeaDB.framework/Versions/A/TeaDB
0x00000001e2db4000 	/System/Library/PrivateFrameworks/RemoteConfiguration.framework/Versions/A/RemoteConfiguration
0x0000000233ced000 	/System/Library/PrivateFrameworks/AppPrivateData.framework/Versions/A/AppPrivateData
0x00000002065cc000 	/System/Library/PrivateFrameworks/NewsTransport.framework/Versions/A/NewsTransport
0x00000001e5f8a000 	/System/Library/PrivateFrameworks/NewsFoundation.framework/Versions/A/NewsFoundation
0x00000002745d3000 	/System/Library/PrivateFrameworks/NewsURLBucket.framework/Versions/A/NewsURLBucket
0x00000001bafa5000 	/System/Library/PrivateFrameworks/MobileInstallation.framework/Versions/A/MobileInstallation
0x00000001c08df000 	/System/Library/PrivateFrameworks/CoreCDPInternal.framework/Versions/A/CoreCDPInternal
0x000000025f4a8000 	/System/Library/PrivateFrameworks/InputAnalytics.framework/Versions/A/InputAnalytics
0x00000001c5c70000 	/System/Library/Frameworks/InstantMessage.framework/Versions/A/InstantMessage
0x00000001bdf0c000 	/System/Library/PrivateFrameworks/IDSKVStore.framework/Versions/A/IDSKVStore
0x00000001bdaf0000 	/System/Library/PrivateFrameworks/IMDPersistence.framework/Versions/A/IMDPersistence
0x0000000234a8d000 	/System/Library/PrivateFrameworks/AssistantActionSuggestion.framework/Versions/A/AssistantActionSuggestion
0x0000000234d6b000 	/System/Library/PrivateFrameworks/AssistantActionSuggestionSupport.framework/Versions/A/AssistantActionSuggestionSupport
0x00000002a60f3000 	/System/Library/PrivateFrameworks/UserSafety.framework/Versions/A/UserSafety
0x00000001cccbc000 	/System/Library/Frameworks/IdentityLookup.framework/Versions/A/IdentityLookup
0x00000001e0e45000 	/System/Library/PrivateFrameworks/BlastDoor.framework/Versions/A/BlastDoor
0x00000002a540a000 	/System/Library/PrivateFrameworks/UIIntelligenceSupportAgent.framework/Versions/A/UIIntelligenceSupportAgent
0x00000001cf336000 	/System/Library/PrivateFrameworks/CoreMediaStream.framework/Versions/A/CoreMediaStream
0x00000002660e1000 	/System/Library/PrivateFrameworks/LinkPresentationStyleSheetParsing.framework/Versions/A/LinkPresentationStyleSheetParsing
0x000000028b5d1000 	/System/Library/PrivateFrameworks/PosterFoundation.framework/Versions/A/PosterFoundation
0x000000028b649000 	/System/Library/PrivateFrameworks/PosterModel.framework/Versions/A/PosterModel
0x000000028b62b000 	/System/Library/PrivateFrameworks/PosterFuturesKit.framework/Versions/A/PosterFuturesKit
0x000000024ac47000 	/System/Library/PrivateFrameworks/FeedbackService.framework/Versions/A/FeedbackService
0x00000001b716e000 	/System/Library/PrivateFrameworks/CoreSDB.framework/Versions/A/CoreSDB
0x00000001c2622000 	/System/Library/PrivateFrameworks/SPOwner.framework/Versions/A/SPOwner
0x00000001babf9000 	/System/Library/PrivateFrameworks/FMCore.framework/Versions/A/FMCore
0x00000001a9b64000 	/System/Library/PrivateFrameworks/FMCoreLite.framework/Versions/A/FMCoreLite
0x000000025dd94000 	/System/Library/PrivateFrameworks/iCloudQuota.framework/Versions/A/iCloudQuota
0x00000001aed76000 	/System/Library/PrivateFrameworks/CoreRecognition.framework/Versions/A/CoreRecognition
0x00000001cb12a000 	/System/Library/PrivateFrameworks/InAppMessages.framework/Versions/A/InAppMessages
0x000000020e09c000 	/System/Library/PrivateFrameworks/JetUI.framework/Versions/A/JetUI
0x00000001cb124000 	/System/Library/PrivateFrameworks/InAppMessagesCore.framework/Versions/A/InAppMessagesCore
0x00000001b8ffc000 	/System/Library/PrivateFrameworks/iTunesCloud.framework/Versions/A/iTunesCloud
0x00000001c25ab000 	/System/Library/PrivateFrameworks/DAAPKit.framework/Versions/A/DAAPKit
0x000000022d09f000 	/System/Library/PrivateFrameworks/_JetEngine_SwiftUI.framework/Versions/A/_JetEngine_SwiftUI
0x00000001bb36b000 	/System/Library/PrivateFrameworks/PhotoLibraryServices.framework/Versions/A/PhotoLibraryServices
0x000000028983b000 	/System/Library/PrivateFrameworks/PhotoLibraryServicesCore.framework/Versions/A/PhotoLibraryServicesCore
0x00000001b83e8000 	/System/Library/Frameworks/Photos.framework/Versions/A/Photos
0x000000022e8e2000 	/System/Library/PrivateFrameworks/ACSEFoundation.framework/Versions/A/ACSEFoundation
0x00000001c99a8000 	/System/Library/PrivateFrameworks/CloudPhotoLibrary.framework/Versions/A/CloudPhotoLibrary
0x00000001d30ab000 	/System/Library/PrivateFrameworks/CloudPhotoServices.framework/Versions/A/CloudPhotoServices
0x0000000265911000 	/System/Library/PrivateFrameworks/Leo.framework/Versions/A/Leo
0x00000001cb6c5000 	/System/Library/PrivateFrameworks/MediaConversionService.framework/Versions/A/MediaConversionService
0x00000001b6cc0000 	/System/Library/PrivateFrameworks/MediaStream.framework/Versions/A/MediaStream
0x00000001cbb54000 	/System/Library/PrivateFrameworks/NeutrinoCore.framework/Versions/A/NeutrinoCore
0x000000018e9ac000 	/System/Library/PrivateFrameworks/NLP.framework/Versions/A/NLP
0x00000001d1ec4000 	/System/Library/PrivateFrameworks/PhotoImaging.framework/Versions/A/PhotoImaging
0x00000001d3076000 	/System/Library/PrivateFrameworks/PhotosImagingFoundation.framework/Versions/A/PhotosImagingFoundation
0x000000028a500000 	/System/Library/PrivateFrameworks/PhotosIntelligenceCore.framework/Versions/A/PhotosIntelligenceCore
0x00000002b1890000 	/usr/lib/libaxis.dylib
0x00000001d30b7000 	/System/Library/PrivateFrameworks/AutoLoop.framework/Versions/A/AutoLoop
0x0000000289ca6000 	/System/Library/PrivateFrameworks/PhotosGenerativeServices.framework/Versions/A/PhotosGenerativeServices
0x00000002a9019000 	/System/Library/PrivateFrameworks/VisualGeneration.framework/Versions/A/VisualGeneration
0x00000002306d1000 	/System/Library/PrivateFrameworks/ANEClientSignals.framework/Versions/A/ANEClientSignals
0x00000002388e9000 	/System/Library/PrivateFrameworks/CipherML.framework/Versions/A/CipherML
0x000000026cb5c000 	/System/Library/PrivateFrameworks/ModelInterfaces.framework/Versions/A/ModelInterfaces
0x0000000252c85000 	/System/Library/PrivateFrameworks/GRPCCoreInternal.framework/Versions/A/GRPCCoreInternal
0x0000000252d2f000 	/System/Library/PrivateFrameworks/GRPCProtobufInternal.framework/Versions/A/GRPCProtobufInternal
0x000000028920a000 	/System/Library/PrivateFrameworks/PegasusKit.framework/Versions/A/PegasusKit
0x0000000252d56000 	/System/Library/PrivateFrameworks/GRPCURLSessionTransportInternal.framework/Versions/A/GRPCURLSessionTransportInternal
0x00000001a285b000 	/System/Library/PrivateFrameworks/CPAnalytics.framework/Versions/A/CPAnalytics
0x00000001e4d14000 	/usr/lib/swift/libswiftDemangle.dylib
0x000000029ffd0000 	/System/Library/PrivateFrameworks/Synapse.framework/Versions/A/Synapse
0x000000024506f000 	/System/Library/PrivateFrameworks/CSExattrCrypto.framework/Versions/A/CSExattrCrypto
0x00000001bbfd7000 	/System/Library/PrivateFrameworks/StoreFoundation.framework/Versions/A/StoreFoundation
0x00000001babf4000 	/System/Library/PrivateFrameworks/ServerInformation.framework/Versions/A/ServerInformation
0x00000001ba5ad000 	/System/Library/PrivateFrameworks/Install.framework/Frameworks/DistributionKit.framework/Versions/A/DistributionKit
0x00000001b37e1000 	/System/Library/PrivateFrameworks/PackageKit.framework/Versions/A/PackageKit
0x00000001b755c000 	/System/Library/PrivateFrameworks/StorageManagement.framework/Versions/A/StorageManagement
0x00000001cb20b000 	/System/Library/PrivateFrameworks/MobileActivationMacOS.framework/Versions/A/MobileActivationMacOS
0x00000002343f6000 	/System/Library/PrivateFrameworks/Archetype.framework/Versions/A/Archetype
0x000000026aa91000 	/System/Library/PrivateFrameworks/MenuBarClientCore.framework/Versions/A/MenuBarClientCore
0x000000021a6f5000 	/System/Library/Extensions/AGXMetalG16G_B0.bundle/Contents/MacOS/AGXMetalG16G_B0
0x00000001ae130000 	/System/Library/PrivateFrameworks/IOGPU.framework/Versions/A/IOGPU
0x000000013ae14000 	/Users/mean/.skiko/skiko-macos-arm64-4b22275236c861e1288750f3022a5851440f1ba7dec227e6d428b5ee0899175a/libskiko-macos-arm64.dylib
0x0000000127ef8000 	/Volumes/Box/DevCache/gradle/jdks/jetbrains_s_r_o_-25-aarch64-os_x.2/jbrsdk_jcef-25.0.4.1-osx-aarch64-b583.48/Contents/Home/lib/libosxui.dylib
0x000000013a77c000 	/Volumes/Box/DevCache/gradle/jdks/jetbrains_s_r_o_-25-aarch64-os_x.2/jbrsdk_jcef-25.0.4.1-osx-aarch64-b583.48/Contents/Home/lib/libjawt.dylib
0x000000013a7fc000 	/System/Volumes/Preboot/Cryptexes/OS/usr/lib/libMetalMetricsInterpose.dylib
0x000000022a247000 	/System/Library/Frameworks/StateReporting.framework/Versions/A/StateReporting
0x000000013a9e8000 	/private/var/folders/nv/r30ny8j529g3g1_80dttnkxr0000gn/T/androidx_sqliteJni12928117237790958029.tmp
0x00000002a0b2b000 	/System/Library/PrivateFrameworks/TextInputUI.framework/Versions/A/TextInputUI
0x00000002a0b6a000 	/System/Library/PrivateFrameworks/TextInputUIMacHelper.framework/Versions/A/TextInputUIMacHelper
0x00000001c158f000 	/System/Library/PrivateFrameworks/SafariPlatformSupport.framework/Versions/A/SafariPlatformSupport
0x000000029d6a3000 	/System/Library/PrivateFrameworks/SpotlightKnowledge.framework/Versions/A/SpotlightKnowledge
0x000000029d68c000 	/System/Library/PrivateFrameworks/SpotlightEmbedding.framework/Versions/A/SpotlightEmbedding
0x000000018caf3000 	/System/Library/PrivateFrameworks/SpotlightLinguistics.framework/Versions/A/SpotlightLinguistics
0x000000029dcae000 	/System/Library/PrivateFrameworks/SpotlightResources.framework/Versions/A/SpotlightResources
0x00000001bbe49000 	/System/Library/PrivateFrameworks/DataDeliveryServices.framework/Versions/A/DataDeliveryServices

JVMTI agents:
/Volumes/Box/DevCache/gradle/caches/modules-2/files-2.1/org.jetbrains.compose.hot-reload/hot-reload-agent/1.2.0/ea0a27affaa1e54108a144c72be56fa0fc402889/hot-reload-agent-1.2.0.jar path:none, loaded, initialized, instrumentlib options:none


VM Arguments:
jvm_args: -Dcompose.reload.argfile=/Volumes/Box/Code/Kotlin/Traclock/desktopApp/build/run/main/main.argfile -Dcompose.reload.build.continuous=false -Dcompose.reload.build.warmup=true -Dcompose.reload.buildSystem=Gradle -Dcompose.reload.devToolsClasspath=/Volumes/Box/DevCache/gradle/caches/modules-2/files-2.1/org.jetbrains.compose.hot-reload/hot-reload-devtools/1.2.0/ecf423a2878fa5c7b94e92f89022ecf583c15590/hot-reload-devtools-1.2.0.jar:/Volumes/Box/DevCache/gradle/caches/modules-2/files-2.1/org.jetbrains.compose.hot-reload/hot-reload-devtools-api/1.2.0/33d7788af49b43f2fb91ffdb3251f9b00cf3d184/hot-reload-devtools-api-1.2.0.jar:/Volumes/Box/DevCache/gradle/caches/modules-2/files-2.1/org.jetbrains.compose.hot-reload/hot-reload-orchestration/1.2.0/d9ee1ef097b41c43b6eed1db54c7941b48803f13/hot-reload-orchestration-1.2.0.jar:/Volumes/Box/DevCache/gradle/caches/modules-2/files-2.1/org.jetbrains.compose.hot-reload/hot-reload-core/1.2.0/c4afec6d35620b41ddfd1f29bc68ce668c653786/hot-reload-core-1.2.0.jar:/Volumes/Box/DevCache/gradle/caches/modules-2/files-2.1/org.jetbrains.compose.hot-reload/hot-reload-runtime-api-jvm/1.2.0/337a75369a4ae1fb64c9d7bebe139802c2ab54a6/hot-reload-runtime-api-jvm-1.2.0.jar:/Volumes/Box/DevCache/gradle/caches/modules-2/files-2.1/org.jetbrains.compose.desktop/desktop-jvm/1.11.1/1fee826ff9d1fafd500b57a22facfc0236bc14c7/desktop-jvm-1.11.1.jar:/Volumes/Box/DevCache/gradle/caches/modules-2/files-2.1/org.jetbrains.compose.components/components-resources-desktop/1.11.1/f4eb52d87f31584dacdb816a26376f39a1802e8a/library-desktop-1.11.1.jar:/Volumes/Box/DevCache/gradle/caches/modules-2/files-2.1/io.sellmair/evas-compose-jvm/1.4.0/a89b78f345d4a21a29c295820e4aa931aec1b93b/evas-compose-jvm-1.4.0.jar:/Volumes/Box/DevCache/gradle/caches/modules-2/files-2.1/io.sellmair/evas-jvm/1.4.0/3c6955af5c56c65290575b2b998ec166c5079de4/evas-jvm-1.4.0.jar:/Volumes/Box/DevCache/gradle/caches/modules-2/files-2.1/org.jetbrains.skiko/skiko-awt-runtime-macos-arm64/0.144.6/fa12044f1775530103fd37e71f7bf5398a1d735d/skiko-awt-runtime-macos-arm64-0.144.6.jar:/Volumes/Box/DevCache/gradle/caches/modules-2/files-2.1/org.jetbrains.compose.material3/material3-desktop/1.9.0/19004c4eb3dc6618eb66a076bbe3d7e1a2e7b-Dcompose.reload.devToolsDetached=false -Dcompose.reload.devToolsEnabled=true -Dcompose.reload.devToolsHeadless=false -Dcompose.reload.devToolsTransparencyEnabled=true -Dcompose.reload.dirtyResolveDepthLimit=5 -Dcompose.reload.effectsEnabled=true -Dcompose.reload.gradle.build.optimize=true -Dcompose.reload.gradle.build.optimize.unsafe=false -Dcompose.reload.isActive=true -Dcompose.reload.launchMode=GradleBlocking -Dcompose.reload.logLevel=Info -Dcompose.reload.logStdout=false -Dcompose.reload.mainClass=com.mean.traclock.MainKt -Dcompose.reload.pidFile=/Volumes/Box/Code/Kotlin/Traclock/desktopApp/build/run/main/main.pid -Dcompose.reload.staticsReinitializeMode=AllDirty -Dcompose.reload.virtualMethodResolveEnabled=true -Dgradle.build.project=:desktopApp -Dgradle.build.root=/Volumes/Box/Code/Kotlin/Traclock -Dgradle.build.task=hotReloadMain -Dgradle.offline.mode=false -Dorg.gradle.java.home=/Users/mean/Library/Java/JavaVirtualMachines/jbr-21.0.11/Contents/Home -XX:+IgnoreUnrecognizedVMOptions -XX:+AllowEnhancedClassRedefinition -javaagent:/Volumes/Box/DevCache/gradle/caches/modules-2/files-2.1/org.jetbrains.compose.hot-reload/hot-reload-agent/1.2.0/ea0a27affaa1e54108a144c72be56fa0fc402889/hot-reload-agent-1.2.0.jar -Dfile.encoding=UTF-8 -Duser.country=CN -Duser.language=zh -Duser.variant 
java_command: com.mean.traclock.MainKt
java_class_path (initial): /Volumes/Box/DevCache/gradle/caches/modules-2/files-2.1/org.jetbrains.compose.hot-reload/hot-reload-agent/1.2.0/ea0a27affaa1e54108a144c72be56fa0fc402889/hot-reload-agent-1.2.0.jar:/Volumes/Box/DevCache/gradle/caches/modules-2/files-2.1/org.jetbrains.compose.hot-reload/hot-reload-orchestration/1.2.0/d9ee1ef097b41c43b6eed1db54c7941b48803f13/hot-reload-orchestration-1.2.0.jar:/Volumes/Box/DevCache/gradle/caches/modules-2/files-2.1/org.jetbrains.compose.hot-reload/hot-reload-analysis/1.2.0/fcbc8a3476328f7bf07b60b032ba920f0f492ef0/hot-reload-analysis-1.2.0.jar:/Volumes/Box/DevCache/gradle/caches/modules-2/files-2.1/org.jetbrains.compose.hot-reload/hot-reload-core/1.2.0/c4afec6d35620b41ddfd1f29bc68ce668c653786/hot-reload-core-1.2.0.jar:/Volumes/Box/DevCache/gradle/caches/modules-2/files-2.1/org.javassist/javassist/3.30.2-GA/284580b5e42dfa1b8267058566435d9e93fae7f7/javassist-3.30.2-GA.jar:/Volumes/Box/DevCache/gradle/caches/modules-2/files-2.1/org.ow2.asm/asm-tree/9.10.1/e244332a17564c1d1572449399a842de35881be2/asm-tree-9.10.1.jar:/Volumes/Box/DevCache/gradle/caches/modules-2/files-2.1/org.ow2.asm/asm/9.10.1/ada2141c0cc52ee8f5c48cd5fa4ce0e794f22236/asm-9.10.1.jar:/Volumes/Box/DevCache/gradle/caches/modules-2/files-2.1/org.jetbrains.compose.hot-reload/hot-reload-annotations-jvm/1.2.0/4c2dbc6fe7ff43481c1ef134b21219e0f76b66f9/hot-reload-annotations-jvm-1.2.0.jar:/Volumes/Box/Code/Kotlin/Traclock/desktopApp/build/run/main/classpath/hot:/Volumes/Box/Code/Kotlin/Traclock/desktopApp/build/run/main/classpath/classes:/Volumes/Box/Code/Kotlin/Traclock/desktopApp/build/run/main/classpath/libs/feature_record/-5jn70g3/record-jvm.jar:/Volumes/Box/Code/Kotlin/Traclock/desktopApp/build/run/main/classpath/libs/core_model/3b5262d/model-jvm.jar:/Volumes/Box/Code/Kotlin/Traclock/desktopApp/build/run/main/classpath/libs/feature_settings/-730c33h/settings-jvm.jar:/Volumes/Box/Code/Kotlin/Traclock/desktopApp/build/run/main/classpath/libs/core_resources/-5gdf3ff/resources-jvm.jar:/Volumes/Box/Code/Kotlin/Traclock/desktopApp/build/run/main/classpath/libs/core_designsystem/99b02l6/designsystem-jvm.jar:/Volumes/Box/Code/Kotlin/Traclock/desktopApp/build/run/main/classpath/libs/core_timepicker/-6dlh839/timepicker-jvm.jar:/Volumes/Box/Code/Kotlin/Traclock/desktopApp/build/run/main/classpath/libs/shared/-90e978j/shared-jvm.jar:/Volumes/Box/Code/Kotlin/Traclock/desktopApp/build/run/main/classpath/libs/feature_statistic/a9cbg5j/statistic-jvm.jar:/Volumes/Box/Code/Kotlin/Traclock/desktopApp/build/run/main/classpath/libs/core_data/493ib5l/data-jvm.jar:/Volumes/Box/Code/Kotlin/Traclock/desktopApp/build/run/main/classpath/libs/feature_project/-3i5k4h2/project-jvm.jar:/Volumes/Box/Code/Kotlin/Traclock/desktopApp/build/run/main/classpath/libs/core_ui/63adn2e/ui-jvm.jar:/Volumes/Box/Code/Kotlin/Traclock/desktopApp/build/run/main/classpath/libs/core_utils/-19a76c8/utils-jvm.jar:/Volumes/Box/Code/Kotlin/Traclock/desktopApp/build/run/main/classpath/libs/core_datastore/-6a6j7k9/datastore-jvm.jar:/Volumes/Box/Code/Kotlin/Traclock/desktopApp/build/run/main/classpath/libs/feature_home/a65hgle/home-jvm.jar:/Volumes/Box/Code/Kotlin/Traclock/desktopApp/build/run/main/classpath/libs/core_timer/1d56217/timer-jvm.jar:/Volumes/Box/Code/Kotlin/Traclock/desktopApp/build/run/main/classpath/libs/feature_backup/-aan48n2/backup-jvm.jar:/Volumes/Box/Code/Kotlin/Traclock/desktopApp/build/run/main/classpath/libs/core_database/70f2dbj/database-jvm.jar:/Volumes/Box/DevCache/gradle/caches/modules-2/files-2.1/org.jetbrains.compose.hot-reload/hot-reload-runtime-jvm/1.2.0/3c24ece2c0e2befa31afe3d3ed1a95448ce4257d/hot-reload-runtime-jvm-1.2.0.jar:/Volumes/Box/DevCache/gradle/caches/modules-2/files-2.1/org.jetbrains.compose.components/components-resources-desktop/1.12.1/7fdb66431787bd9615dc099a4ee83682297a02cf/library-desktop-1.12.1.jar:/Volumes/Box/DevCache/gradle/caches/modules-2/files-2.1/com.patrykandpatrick.vico/compose-m3-desktop/3.3.1/8483e3d205033210eab816ed89b6fd0894e7058d/compose-m3-desktop-3.3.1.jar:/Volumes/Box/DevCache/gradle/caches/modules-2/files-2.1/org.jetbrains.compose.material3/material3-desktop/1.12.0-alpha03/aa400c3f70e5a2c03f2e1882ea18bea44fb8d6a8/material3-desktop-1.12.0-alpha03.jar:/Volumes/Box/DevCache/gradle/caches/modules-2/files-2.1/dev.icerock.moko/resources-compose-jvm/0.27.1/7607b66452ad21059952b45bf71df5f4d8057253/resources-compose-jvm-0.27.1.jar:/Volumes/Box/DevCache/gradle/caches/modules-2/files-2.1/io.insert-koin/koin-compose-viewmodel-jvm/4.2.2/f7de69e14bf7e14dcfbd309f250406dc34f7441b/koin-compose-viewmodel-jvm-4.2.2.jar:/Volumes/Box/DevCache/gradle/caches/modules-2/files-2.1/io.insert-koin/koin-compose-jvm/4.2.2/f8d7e9c3bc6ab356961774f56a9e844158b1de42/koin-compose-jvm-4.2.2.jar:/Volumes/Box/DevCache/gradle/caches/modules-2/files-2.1/org.jetbrains.compose.desktop/desktop-jvm/1.12.1/55722afc383641f44e5059e3a87e076436190826/desktop-jvm-1.12.1.jar:/Volumes/Box/DevCache/gradle/caches/modules-2/files-2.1/com.patrykandpatrick.vico/compose-desktop/3.3.1/ed625c1180b3d21dd8fa1980089c237c9565be61/compose-desktop-3.3.1.jar:/Volumes/Box/DevCache/gradle/caches/modules-2/files-2.1/org.jetbrains.androidx.navigation3/navigation3-ui-desktop/1.2.0-beta01/91bfa083c046caca6a977b34351a64effb9965c5/navigation3-ui-desktop-1.2.0-beta01.jar:/Volumes/Box/DevCache/gradle/caches/modules-2/files-2.1/org.jetbrains.compose.material/material-desktop/1.12.1/6d090e795e1575f46fcd5f993f38c2e34b976a32/material-desktop-1.12.1.jar:/Volumes/Box/DevCache/gradle/caches/modules-2/files-2.1/org.jetbrains.compose.animation/animation-core-desktop/1.12.1/a14cdb09ab8792b6b20d298d0a26530969228b0f/animation-core-desktop-1.12.1.jar:/Volumes/Box/DevCache/gradle/caches/modules-2/files-2.1/org.jetbrains.compose.material/material-ripple-desktop/1.12.1/b4b34a8be94b8c41526d448a58d7ce2256872df5/material-ripple-desktop-1.12.1.jar:/Volumes/Box/DevCache/gradle/caches/modules-2/files-2.1/org.jetbrains.compose.animation/animation-desktop/1.12.1/4e815509a4bedbf3ff9f3ce292c548989a00ff53/animation-desktop-1.12.1.jar:/Volumes/Box/DevCache/gradle/caches/modules-2/files-2.1/org.jetbrains.compose.foundation/foundation-layout-desktop/1.12.1/64d4f43ec090a85f3069762a5c39a147c6d2c9aa/foundation-layout-desktop-1.12.1.jar:/Volumes/Box/DevCache/gradle/caches/modules-2/files-2.1/io.coil-kt.coil3/coil-compose-jvm/3.6.3/2fb8abf7c7be435403d4bbd295e4ad67bebcc577/coil-compose-jvm-3.6.3.jar:/Volumes/Box/DevCache/gradle/caches/modules-2/files-2.1/io.coil-kt.coil3/coil-compose-core-jvm/3.6.3/8498f8eb1ba3517190b425963924d5d58eb6f2d8/coil-compose-core-jvm-3.6.3.jar:/Volumes/Box/DevCache/gradle/caches/modules-2/files-2.1/org.jetbrains.compose.foundation/foundation-desktop/1.12.1/cb418f810ab36f9268c13816a6b21d9cd6ffa4b7/foundation-desktop-1.12.1.jar:/Volumes/Box/DevCache/gradle/caches/modules-2/files-2.1/org.jetbrains.compose.material/material-icons-extended-desktop/1.7.3/c7c5465dd754043076875b32bce0dd7f5a354fe8/material-icons-extended-desktop-1.7.3.jar:/Volumes/Box/DevCache/gradle/caches/modules-2/files-2.1/org.jetbrains.compose.material/material-icons-core-desktop/1.7.3/414b3096050fe647b0638832eace80f22c06b85c/material-icons-core-desktop-1.7.3.jar:/Volumes/Box/DevCache/gradle/caches/modules-2/files-2.1/org.jetbrains.compose.ui/ui-unit-desktop/1.12.1/e0670f2fc4ace09368fdba41c15558e1fa79e866/ui-unit-desktop-1.12.1.jar:/Volumes/Box/DevCache/gradle/caches/modules-2/files-2.1/org.jetbrains.compose.ui/ui-graphics-desktop/1.12.1/dc0dbaa823b75a72d2306459e0a118b65769aa22/ui-graphics-desktop-1.12.1.jar:/Volumes/Box/DevCache/gradle/caches/modules-2/files-2.1/org.jetbrains.compose.ui/ui-geometry-desktop/1.12.1/21ca5715bcde50586e57506f07b280ff8b626bdb/ui-geometry-desktop-1.12.1.jar:/Volumes/Box/DevCache/gradle/caches/modules-2/files-2.1/org.jetbrains.compose.ui/ui-backhandler-desktop/1.12.1/170494f680ff0f7532eeba0f4ba936b54224ed32/ui-backhandler-desktop-1.12.1.jar:/Volumes/Box/DevCache/gradle/caches/modules-2/files-2.1/org.jetbrains.compose.ui/ui-util-desktop/1.12.1/2d41b1dcda0c16efa86718f309fe2159a2890028/ui-util-desktop-1.12.1.jar:/Volumes/Box/DevCache/gradle/caches/modules-2/files-2.1/org.jetbrains.compose.ui/ui-text-desktop/1.12.1/af2aab56220491e300daa1def6ce1e586f18d84/ui-text-desktop-1.12.1.jar:/Volumes/Box/DevCache/gradle/caches/modules-2/files-2.1/org.jetbrains.compose.ui/ui-tooling-preview-desktop/1.12.1/9871d626c28849c2f353e15d7694e38d7996ddcc/ui-tooling-preview-desktop-1.12.1.jar:/Volumes/Box/DevCache/gradle/caches/modules-2/files-2.1/io.github.vinceglb/filekit-dialogs-compose-jvm/0.16.0/6f09f32cb15f2e25249af93a688286ad060f152c/filekit-dialogs-compose-jvm.jar:/Volumes/Box/DevCache/gradle/caches/modules-2/files-2.1/org.jetbrains.compose.ui/ui-desktop/1.12.1/a6d765fb5086ca7046af0172a7fc2ff3b32a3e59/ui-desktop-1.12.1.jar:/Volumes/Box/DevCache/gradle/caches/modules-2/files-2.1/org.jetbrains.skiko/skiko-awt-runtime-macos-arm64/0.150.1/22e0f09cd9c161686d6fba382e82fd9dd18ed919/skiko-awt-runtime-macos-arm64-0.150.1.jar:/Volumes/Box/DevCache/gradle/caches/modules-2/files-2.1/io.coil-kt.coil3/coil-svg-jvm/3.6.3/1540b3709f807028cdae231e3433f557b1b4e925/coil-svg-jvm-3.6.3.jar:/Volumes/Box/DevCache/gradle/caches/modules-2/files-2.1/io.coil-kt.coil3/coil-jvm/3.6.3/ea66ca5921be7ce8029ed104e0fa91a10f5be705/coil-jvm-3.6.3.jar:/Volumes/Box/DevCache/gradle/caches/modules-2/files-2.1/io.coil-kt.coil3/coil-core-jvm/3.6.3/1be096d9c4e73144282b72daea92fd9553fc1214/coil-core-jvm-3.6.3.jar:/Volumes/Box/DevCache/gradle/caches/modules-2/files-2.1/org.jetbrains.skiko/skiko-awt/0.150.1/e03fd8140c0e331c3c7018b00a9710ec98d78fc1/skiko-awt-0.150.1.jar:/Volumes/Box/DevCache/gradle/caches/modules-2/files-2.1/io.insert-koin/koin-core-viewmodel-jvm/4.2.2/b45f79c0f7434b1cd735dae352e32a3944e28af2/koin-core-viewmodel-jvm-4.2.2.jar:/Volumes/Box/DevCache/gradle/caches/modules-2/files-2.1/org.jetbrains.androidx.savedstate/savedstate-compose-desktop/1.4.0/63692375ffe667f12cb3ea8aa1e605d659ed2add/savedstate-compose-desktop-1.4.0.jar:/Volumes/Box/DevCache/gradle/caches/modules-2/files-2.1/androidx.savedstate/savedstate-compose-desktop/1.4.0/d3d6e0e2108528eb6080dc250da925a572be4202/savedstate-compose-desktop-1.4.0.jar:/Volumes/Box/DevCache/gradle/caches/modules-2/files-2.1/androidx.savedstate/savedstate-desktop/1.4.0/3b049a0f81643d6b4b900de95bc23efc085c32d5/savedstate-desktop-1.4.0.jar:/Volumes/Box/DevCache/gradle/caches/modules-2/files-2.1/androidx.lifecycle/lifecycle-viewmodel-desktop/2.11.0/156dea0e0e4862b60bc14881891bae1e5df64f81/lifecycle-viewmodel-desktop-2.11.0.jar:/Volumes/Box/DevCache/gradle/caches/modules-2/files-2.1/androidx.lifecycle/lifecycle-common-jvm/2.11.0/2c4f7d92f1fd723121d394c93455f50158403ad9/lifecycle-common-jvm-2.11.0.jar:/Volumes/Box/DevCache/gradle/caches/modules-2/files-2.1/androidx.lifecycle/lifecycle-runtime-compose-desktop/2.11.0/8a85615b7e4f5728106bf7bc3cfa95f429eb6264/lifecycle-runtime-compose-desktop-2.11.0.jar:/Volumes/Box/DevCache/gradle/caches/modules-2/files-2.1/androidx.lifecycle/lifecycle-runtime-desktop/2.11.0/c2b5e2f7d739375538c2a74757531a30607f85ff/lifecycle-runtime-desktop-2.11.0.jar:/Volumes/Box/DevCache/gradle/caches/modules-2/files-2.1/org.jetbrains.androidx.lifecycle/lifecycle-runtime-desktop/2.11.0/b4e8a3260204a504b7008677906ba944162497f7/lifecycle-runtime-desktop-2.11.0.jar:/Volumes/Box/DevCache/gradle/caches/modules-2/files-2.1/org.jetbrains.androidx.lifecycle/lifecycle-viewmodel-desktop/2.11.0/f918680fbce7246e0f818359148a1a520ee4d4fe/lifecycle-viewmodel-desktop-2.11.0.jar:/Volumes/Box/DevCache/gradle/caches/modules-2/files-2.1/org.jetbrains.androidx.lifecycle/lifecycle-common-jvm/2.11.0/a56a66ee80e26159ac4281e8eca66857aa995fd3/lifecycle-common-jvm-2.11.0.jar:/Volumes/Box/DevCache/gradle/caches/modules-2/files-2.1/org.jetbrains.androidx.lifecycle/lifecycle-viewmodel-savedstate-desktop/2.11.0/ed1746452bd8f44f675b6c4c3a3c892d25517ff9/lifecycle-viewmodel-savedstate-desktop-2.11.0.jar:/Volumes/Box/DevCache/gradle/caches/modules-2/files-2.1/androidx.lifecycle/lifecycle-viewmodel-savedstate-desktop/2.11.0/4e8025bc47a196b0ee403b8d915393ae7922c21a/lifecycle-viewmodel-savedstate-desktop-2.11.0.jar:/Volumes/Box/DevCache/gradle/caches/modules-2/files-2.1/androidx.lifecycle/lifecycle-viewmodel-compose-desktop/2.11.0/29daa46bc0d2d574ee95309be1f325764f40b35b/lifecycle-viewmodel-compose-desktop-2.11.0.jar:/Volumes/Box/DevCache/gradle/caches/modules-2/files-2.1/androidx.lifecycle/lifecycle-viewmodel-navigation3-desktop/2.11.0/cf5137f18b6ffc0696c89d9417e9d7478cbead56/lifecycle-viewmodel-navigation3-desktop-2.11.0.jar:/Volumes/Box/DevCache/gradle/caches/modules-2/files-2.1/androidx.navigation3/navigation3-runtime-desktop/1.2.0-beta01/bb55908a5bd421eac8584bd1d24ad96478d85166/navigation3-runtime-desktop-1.2.0-beta01.jar:/Volumes/Box/DevCache/gradle/caches/modules-2/files-2.1/org.jetbrains.androidx.navigationevent/navigationevent-compose-desktop/1.1.0/d4c4408fbc6ac4dbddaef91d82013f435c02a9c5/navigationevent-compose-desktop-1.1.0.jar:/Volumes/Box/DevCache/gradle/caches/modules-2/files-2.1/androidx.navigationevent/navigationevent-compose-desktop/1.1.1/ef8d1270c6439178474691b1886e2c3dc97f9ce/navigationevent-compose-desktop-1.1.1.jar:/Volumes/Box/DevCache/gradle/caches/modules-2/files-2.1/androidx.navigationevent/navigationevent-desktop/1.1.1/10a65e605d90c6dc98f3de9d32ae32824a7d0a1f/navigationevent-desktop-1.1.1.jar:/Volumes/Box/DevCache/gradle/caches/modules-2/files-2.1/androidx.compose.runtime/runtime-annotation-jvm/1.12.1/4cf2b71ea98c0d69c95a2885e521ba28af5fa7a0/runtime-annotation-jvm-1.12.1.jar:/Volumes/Box/DevCache/gradle/caches/modules-2/files-2.1/androidx.compose.runtime/runtime-retain-desktop/1.12.1/3aa3ec26ef2a3d26bc556b51b33d09efc1a198e8/runtime-retain-desktop-1.12.1.jar:/Volumes/Box/DevCache/gradle/caches/modules-2/files-2.1/androidx.compose.runtime/runtime-saveable-desktop/1.12.1/8cacc17c590b2ac5fabf040c4f66d432092a821/runtime-saveable-desktop-1.12.1.jar:/Volumes/Box/DevCache/gradle/caches/modules-2/files-2.1/org.jetbrains.compose.runtime/runtime-saveable-desktop/1.12.1/b4a48d211ac0281b049bf42cb21f715c71b69145/runtime-saveable-desktop-1.12.1.jar:/Volumes/Box/DevCache/gradle/caches/modules-2/files-2.1/org.jetbrains.androidx.lifecycle/lifecycle-runtime-compose-desktop/2.11.0/1cca06f1b4a646e4608e2be2ac84eb1a2a7b5d6/lifecycle-runtime-compose-desktop-2.11.0.jar:/Volumes/Box/DevCache/gradle/caches/modules-2/files-2.1/org.jetbrains.androidx.lifecycle/lifecycle-viewmodel-navigation3-desktop/2.11.0/1a5a2848a515e157862777debb005eedaa93ef9f/lifecycle-viewmodel-navigation3-desktop-2.11.0.jar:/Volumes/Box/DevCache/gradle/caches/modules-2/files-2.1/org.jetbrains.androidx.lifecycle/lifecycle-viewmodel-compose-desktop/2.11.0/ff2664cede898eb2b62baf979d3deec68f16b54e/lifecycle-viewmodel-compose-desktop-2.11.0.jar:/Volumes/Box/DevCache/gradle/caches/modules-2/files-2.1/org.jetbrains.compose.runtime/runtime-desktop/1.12.1/d9b0c5277cd9ba7a116fbb06e1716d02d0b33401/runtime-desktop-1.12.1.jar:/Volumes/Box/DevCache/gradle/caches/modules-2/files-2.1/androidx.compose.runtime/runtime-desktop/1.12.1/82e40832ddf785e9c0c15c4186d32f8c894fd914/runtime-desktop-1.12.1.jar:/Volumes/Box/DevCache/gradle/caches/modules-2/files-2.1/androidx.room/room-common-jvm/2.8.5/3aeefef6615720bec8c860dd0786b48552ef3300/room-common-jvm-2.8.5.jar:/Volumes/Box/DevCache/gradle/caches/modules-2/files-2.1/androidx.room/room-runtime-jvm/2.8.5/2575b5e0c129353ebec73cf5b5ed3f0a9182bb38/room-runtime-jvm-2.8.5.jar:/Volumes/Box/DevCache/gradle/caches/modules-2/files-2.1/io.github.vinceglb/filekit-dialogs-jvm/0.16.0/eaf051d77292b1e18e5785df3e38b3ccc0b14610/filekit-dialogs-jvm.jar:/Volumes/Box/DevCache/gradle/caches/modules-2/files-2.1/androidx.datastore/datastore-preferences-external-protobuf/1.3.0-alpha11/b627a510dd2815273e603da57004aae1b823810d/datastore-preferences-external-protobuf-1.3.0-alpha11.jar:/Volumes/Box/DevCache/gradle/caches/modules-2/files-2.1/androidx.datastore/datastore-core-okio-jvm/1.3.0-alpha11/b20f8ecd72d4d6083ae47e9b80d630fde305996a/datastore-core-okio-jvm-1.3.0-alpha11.jar:/Volumes/Box/DevCache/gradle/caches/modules-2/files-2.1/androidx.datastore/datastore-preferences-proto/1.3.0-alpha11/a7d0015dfe14b658e04c0d8b07a80867d49ee295/datastore-preferences-proto-1.3.0-alpha11.jar:/Volumes/Box/DevCache/gradle/caches/modules-2/files-2.1/androidx.datastore/datastore-preferences-core-jvm/1.3.0-alpha11/4a6fca2d8c5373e7887768854e457465f454b84a/datastore-preferences-core-jvm-1.3.0-alpha11.jar:/Volumes/Box/DevCache/gradle/caches/modules-2/files-2.1/androidx.datastore/datastore-core-jvm/1.3.0-alpha11/489711709c7b86d27138a2d897a3edbd2b5b53e7/datastore-core-jvm-1.3.0-alpha11.jar:/Volumes/Box/DevCache/gradle/caches/modules-2/files-2.1/io.github.vinceglb/filekit-core-jvm/0.16.0/76bb515ddea1923bb01cbdcc31de9570bd9e955b/filekit-core-jvm.jar:/Volumes/Box/DevCache/gradle/caches/modules-2/files-2.1/org.jetbrains.kotlinx/kotlinx-coroutines-core-jvm/1.11.0/3d57dc678bd8d72a60e7adf0eca5c54e3f4f4b79/kotlinx-coroutines-core-jvm-1.11.0.jar:/Volumes/Box/DevCache/gradle/caches/modules-2/files-2.1/org.jetbrains.kotlinx/kotlinx-coroutines-swing/1.11.0/3cf134b8aefd813622edc37e60d66b939b55cb36/kotlinx-coroutines-swing-1.11.0.jar:/Volumes/Box/DevCache/gradle/caches/modules-2/files-2.1/org.jetbrains.compose.hot-reload/hot-reload-devtools-api/1.2.0/33d7788af49b43f2fb91ffdb3251f9b00cf3d184/hot-reload-devtools-api-1.2.0.jar:/Volumes/Box/DevCache/gradle/caches/modules-2/files-2.1/io.insert-koin/koin-core-jvm/4.2.2/26362c66b1f77fcc24f1fc2617bfa33cb2e158d2/koin-core-jvm-4.2.2.jar:/Volumes/Box/DevCache/gradle/caches/modules-2/files-2.1/org.jetbrains.kotlinx/kotlinx-datetime-jvm/0.8.0/316346a7d44778581ff91154f72dfa576bce4ee2/kotlinx-datetime-jvm-0.8.0.jar:/Volumes/Box/DevCache/gradle/caches/modules-2/files-2.1/co.touchlab/kermit-jvm/2.2.0/7f49f3484964ca9dab144ba186ceacd8a8a733d9/kermit-jvm-2.2.0.jar:/Volumes/Box/DevCache/gradle/caches/modules-2/files-2.1/dev.icerock.moko/resources-jvm/0.27.1/8c7b4203c379df41f1dfb2e192b9dfe2f313c647/resources-jvm-0.27.1.jar:/Volumes/Box/DevCache/gradle/caches/modules-2/files-2.1/com.mikepenz/aboutlibraries-core-jvm/15.2.0/430dd4ed839ef586af9c31a862e9e0ce770907e4/aboutlibraries-core-jvm.jar:/Volumes/Box/DevCache/gradle/caches/modules-2/files-2.1/androidx.graphics/graphics-shapes-desktop/1.1.0/a5d2198960bdc0915f74c6b2954d3323f35f40ea/graphics-shapes-desktop-1.1.0.jar:/Volumes/Box/DevCache/gradle/caches/modules-2/files-2.1/androidx.collection/collection-jvm/1.5.0/7ba2c69414d46ebc2dd76598bdd0a75c54281a57/collection-jvm-1.5.0.jar:/Volumes/Box/DevCache/gradle/caches/modules-2/files-2.1/org.jetbrains.kotlinx/atomicfu-jvm/0.28.0/6a9ac536f4b2144e57c176fd4e26821eb12084f4/atomicfu-jvm-0.28.0.jar:/Volumes/Box/DevCache/gradle/caches/modules-2/files-2.1/co.touchlab/stately-concurrent-collections-jvm/2.1.0/5c03b644537d7926a8f77e5735a8bebb55dafdcd/stately-concurrent-collections-jvm-2.1.0.jar:/Volumes/Box/DevCache/gradle/caches/modules-2/files-2.1/co.touchlab/stately-concurrency-jvm/2.1.0/6285428408c4d7e4a6d9a09511de877103effd81/stately-concurrency-jvm-2.1.0.jar:/Volumes/Box/DevCache/gradle/caches/modules-2/files-2.1/androidx.sqlite/sqlite-jvm/2.7.1/cd20707af0a21ac0e5d3150218ac0f23771dc56b/sqlite-jvm-2.7.1.jar:/Volumes/Box/DevCache/gradle/caches/modules-2/files-2.1/androidx.sqlite/sqlite-bundled-jvm/2.7.1/ab882d5991b28bcbe4a02f480284f4c3c3a84bb9/sqlite-bundled-jvm-2.7.1.jar:/Volumes/Box/DevCache/gradle/caches/modules-2/files-2.1/co.touchlab/kermit-core-jvm/2.2.0/71c211bd7d639f29ef4652c25cc2400e8a78fddd/kermit-core-jvm-2.2.0.jar:/Volumes/Box/DevCache/gradle/caches/modules-2/files-2.1/dev.icerock.moko/graphics-jvm/0.10.2/9adefb13ef1024329a51383441209eca8e520d05/graphics-jvm-0.10.2.jar:/Volumes/Box/DevCache/gradle/caches/modules-2/files-2.1/androidx.arch.core/core-common/2.2.0/5e1b8b81dfd5f52c56a8d53b18ca759c19a301f3/core-common-2.2.0.jar:/Volumes/Box/DevCache/gradle/caches/modules-2/files-2.1/androidx.annotation/annotation-jvm/1.10.0/388cfaa79001d0f024d28f6a13d5a3dfc2f0e18f/annotation-jvm-1.10.0.jar:/Volumes/Box/DevCache/gradle/caches/modules-2/files-2.1/org.jetbrains.kotlinx/kotlinx-serialization-core-jvm/1.11.0/c1905c9bf7452b045d5af9248835abe64ddad6bf/kotlinx-serialization-core-jvm-1.11.0.jar:/Volumes/Box/DevCache/gradle/caches/modules-2/files-2.1/org.jetbrains.kotlinx/kotlinx-serialization-json-jvm/1.11.0/e7e045e99e56f07599bb9ccb708c2190e2af0606/kotlinx-serialization-json-jvm-1.11.0.jar:/Volumes/Box/DevCache/gradle/caches/modules-2/files-2.1/co.touchlab/stately-strict-jvm/2.1.0/3ae8369209065455f4630793bf6aca0fb88c8b6b/stately-strict-jvm-2.1.0.jar:/Volumes/Box/DevCache/gradle/caches/modules-2/files-2.1/com.squareup.okio/okio-jvm/3.18.1/a3a8128bb3a0157d23ecc18c17e8330d9c0ac96c/okio-jvm-3.18.1.jar:/Volumes/Box/DevCache/gradle/caches/modules-2/files-2.1/org.jetbrains.kotlinx/kotlinx-io-core-jvm/0.9.1/8c926478f17f8109e01e68adee93795c68dcad3c/kotlinx-io-core-jvm-0.9.1.jar:/Volumes/Box/DevCache/gradle/caches/modules-2/files-2.1/org.jetbrains.kotlinx/kotlinx-io-bytestring-jvm/0.9.1/7a28d93fce9fc8b663a6fe19cb2ae14a6ade7e8a/kotlinx-io-bytestring-jvm-0.9.1.jar:/Volumes/Box/DevCache/gradle/caches/modules-2/files-2.1/org.jetbrains.kotlin/kotlin-stdlib/2.4.20/94c1451890d164aed65d43b3db0b7ecef7c183e7/kotlin-stdlib-2.4.20.jar:/Volumes/Box/DevCache/gradle/caches/modules-2/files-2.1/org.jetbrains/annotations/23.0.0/8cc20c07506ec18e0834947b84a864bfc094484e/annotations-23.0.0.jar:/Volumes/Box/DevCache/gradle/caches/modules-2/files-2.1/org.jetbrains.runtime/jbr-api/1.9.0/2bc161f5472b5fd5610740e4d6ebe896c811cb0e/jbr-api-1.9.0.jar:/Volumes/Box/DevCache/gradle/caches/modules-2/files-2.1/com.ibm.icu/icu4j/73.1/693cf05bf78b603515a10653098fbb9a10fbb7e3/icu4j-73.1.jar:/Volumes/Box/DevCache/gradle/caches/modules-2/files-2.1/org.apache.xmlgraphics/batik-rasterizer/1.17/469215616099ebafa51bfae8b2987482207cf818/batik-rasterizer-1.17.jar:/Volumes/Box/DevCache/gradle/caches/modules-2/files-2.1/org.apache.xmlgraphics/batik-svgrasterizer/1.17/ddb8b536e3b3fd5add3fea795879ba17b4751e89/batik-svgrasterizer-1.17.jar:/Volumes/Box/DevCache/gradle/caches/modules-2/files-2.1/org.apache.xmlgraphics/batik-codec/1.17/7cceac705d050a9730e7032da43a42c66cfadc41/batik-codec-1.17.jar:/Volumes/Box/DevCache/gradle/caches/modules-2/files-2.1/org.apache.xmlgraphics/batik-transcoder/1.17/59714b2b8848f0ade8de47ca555f9a75d5191834/batik-transcoder-1.17.jar:/Volumes/Box/DevCache/gradle/caches/modules-2/files-2.1/org.apache.xmlgraphics/batik-bridge/1.17/d8246a26d8e0503fc30822fed2a8595b3659af90/batik-bridge-1.17.jar:/Volumes/Box/DevCache/gradle/caches/modules-2/files-2.1/org.apache.xmlgraphics/batik-script/1.17/958bad8baa3a77a73152281418256b608801232d/batik-script-1.17.jar:/Volumes/Box/DevCache/gradle/caches/modules-2/files-2.1/org.apache.xmlgraphics/batik-anim/1.17/89e5d61a4328d6755dd7903fb5e7f0b265ff8fbe/batik-anim-1.17.jar:/Volumes/Box/DevCache/gradle/caches/modules-2/files-2.1/org.apache.xmlgraphics/batik-gvt/1.17/33f70788de9f7d31d69db22c0afaf304424ff799/batik-gvt-1.17.jar:/Volumes/Box/DevCache/gradle/caches/modules-2/files-2.1/org.apache.xmlgraphics/batik-svggen/1.17/2ecd4a5ab064e89172fbdd025c422e04a57a1024/batik-svggen-1.17.jar:/Volumes/Box/DevCache/gradle/caches/modules-2/files-2.1/org.apache.xmlgraphics/batik-svg-dom/1.17/54a25b9b691bcc302c0dd36d80f56e81a9ebed91/batik-svg-dom-1.17.jar:/Volumes/Box/DevCache/gradle/caches/modules-2/files-2.1/org.apache.xmlgraphics/batik-parser/1.17/da9d3057be108e6ac8799cc8efed1e2b490ba37c/batik-parser-1.17.jar:/Volumes/Box/DevCache/gradle/caches/modules-2/files-2.1/org.apache.xmlgraphics/batik-awt-util/1.17/e3f71c6f07da863228b64a59bf059c4611c3952/batik-awt-util-1.17.jar:/Volumes/Box/DevCache/gradle/caches/modules-2/files-2.1/org.apache.xmlgraphics/batik-dom/1.17/efcb39f1007187565c264a5f1d12ebcf67efb761/batik-dom-1.17.jar:/Volumes/Box/DevCache/gradle/caches/modules-2/files-2.1/org.apache.xmlgraphics/batik-xml/1.17/15a0b4ba6260f3430632e4b1dad95383196107a8/batik-xml-1.17.jar:/Volumes/Box/DevCache/gradle/caches/modules-2/files-2.1/org.apache.xmlgraphics/batik-css/1.17/d5ff4e0463af8a0ea5ab8d782c5418bab2f45c4d/batik-css-1.17.jar:/Volumes/Box/DevCache/gradle/caches/modules-2/files-2.1/org.apache.xmlgraphics/batik-util/1.17/83ef2a8b449444a1d57e91e938522899317a8672/batik-util-1.17.jar:/Volumes/Box/DevCache/gradle/caches/modules-2/files-2.1/org.apache.xmlgraphics/batik-ext/1.17/fd2e4166a14f8bbe099162ad88cfe64be09d35a2/batik-ext-1.17.jar:/Volumes/Box/DevCache/gradle/caches/modules-2/files-2.1/org.apache.xmlgraphics/batik-constants/1.17/22bf8b4c207dc46859db0269853186d8dfc8cb9a/batik-constants-1.17.jar:/Volumes/Box/DevCache/gradle/caches/modules-2/files-2.1/org.apache.xmlgraphics/batik-i18n/1.17/39b233a71430ffa9d0282d47789a58fa8bf4f861/batik-i18n-1.17.jar:/Volumes/Box/DevCache/gradle/caches/modules-2/files-2.1/org.apache.xmlgraphics/batik-shared-resources/1.17/2862b81d9dc63990cb5586323b4a2410fc1f2249/batik-shared-resources-1.17.jar:/Volumes/Box/DevCache/gradle/caches/modules-2/files-2.1/xml-apis/xml-apis-ext/1.3.04/41a8b86b358e87f3f13cf46069721719105aff66/xml-apis-ext-1.3.04.jar:/Volumes/Box/DevCache/gradle/caches/modules-2/files-2.1/org.apache.xmlgraphics/xmlgraphics-commons/2.9/de2d1bd8d40474bbe876bb269410c750489f08e5/xmlgraphics-commons-2.9.jar:/Volumes/Box/DevCache/gradle/caches/modules-2/files-2.1/xml-apis/xml-apis/1.4.01/3789d9fada2d3d458c4ba2de349d48780f381ee3/xml-apis-1.4.01.jar:/Volumes/Box/DevCache/gradle/caches/modules-2/files-2.1/net.java.dev.jna/jna-platform/5.19.1/d1e54d9231da5ca3fa730d52960deaa555475468/jna-platform-5.19.1.jar:/Volumes/Box/DevCache/gradle/caches/modules-2/files-2.1/net.java.dev.jna/jna/5.19.1/ca303052cd617c1af2e2c8d344c98a706fb63143/jna-5.19.1.jar:/Volumes/Box/DevCache/gradle/caches/modules-2/files-2.1/com.github.hypfvieh/dbus-java-transport-native-unixsocket/5.2.0/6ef0e26cd6b1c1cf8046e1cc0949821d29e4f487/dbus-java-transport-native-unixsocket-5.2.0.jar:/Volumes/Box/DevCache/gradle/caches/modules-2/files-2.1/com.github.hypfvieh/dbus-java-core/5.2.0/32a76bec4c9e6576b6e049a90d8ad9384253e7f1/dbus-java-core-5.2.0.jar:/Volumes/Box/DevCache/gradle/caches/modules-2/files-2.1/commons-io/commons-io/2.11.0/a2503f302b11ebde7ebc3df41daebe0e4eea3689/commons-io-2.11.0.jar:/Volumes/Box/DevCache/gradle/caches/modules-2/files-2.1/commons-logging/commons-logging/1.0.4/f029a2aefe2b3e1517573c580f948caac31b1056/commons-logging-1.0.4.jar:/Volumes/Box/DevCache/gradle/caches/modules-2/files-2.1/org.jspecify/jspecify/1.0.0/7425a601c1c7ec76645a78d22b8c6a627edee507/jspecify-1.0.0.jar:/Volumes/Box/DevCache/gradle/caches/modules-2/files-2.1/org.slf4j/slf4j-api/2.0.17/d9e58ac9c7779ba3bf8142aff6c830617a7fe60f/slf4j-api-2.0.17.jar
Launcher Type: SUN_STANDARD

[Global flags]
     bool AllowEnhancedClassRedefinition           = true                                      {product} {command line}
     intx CICompilerCount                          = 4                                         {product} {ergonomic}
     uint ConcGCThreads                            = 2                                         {product} {ergonomic}
     uint G1ConcRefinementThreads                  = 9                                         {product} {ergonomic}
   size_t G1HeapRegionSize                         = 2097152                                   {product} {ergonomic}
     bool IgnoreUnrecognizedVMOptions              = true                                      {product} {command line}
   size_t InitialHeapSize                          = 268435456                                 {product} {ergonomic}
   size_t MarkStackSize                            = 4194304                                   {product} {ergonomic}
   size_t MarkStackSizeMax                         = 536870912                                 {product} {ergonomic}
   size_t MaxHeapSize                              = 4294967296                                {product} {ergonomic}
   size_t MaxNewSize                               = 2575302656                                {product} {ergonomic}
   size_t MinHeapDeltaBytes                        = 2097152                                   {product} {ergonomic}
   size_t MinHeapSize                              = 8388608                                   {product} {ergonomic}
    uintx NonNMethodCodeHeapSize                   = 5849088                                {pd product} {ergonomic}
    uintx NonProfiledCodeHeapSize                  = 122912768                              {pd product} {ergonomic}
    uintx ProfiledCodeHeapSize                     = 122912768                              {pd product} {ergonomic}
    uintx ReservedCodeCacheSize                    = 251674624                              {pd product} {ergonomic}
     bool SegmentedCodeCache                       = true                                      {product} {ergonomic}
   size_t SoftMaxHeapSize                          = 4294967296                             {manageable} {ergonomic}
     bool UseCompressedOops                        = true                           {product lp64_product} {ergonomic}
     bool UseG1GC                                  = true                                      {product} {ergonomic}
     bool UseNUMA                                  = false                                     {product} {ergonomic}
     bool UseNUMAInterleaving                      = false                                     {product} {ergonomic}

Logging:
Log output configuration:
 #0: stdout all=warning uptime,level,tags foldmultilines=false
 #1: stderr all=off uptime,level,tags foldmultilines=false

Release file:
JAVA_VERSION="25.0.4.1"
MODULES="java.base java.datatransfer java.xml java.prefs java.desktop gluegen.rt java.compiler java.instrument java.logging java.management java.security.sasl java.naming java.rmi java.management.rmi java.net.http java.scripting java.security.jgss java.transaction.xa java.sql java.sql.rowset java.xml.crypto java.se java.smartcardio jogl.all jcef jdk.accessibility jdk.internal.jvmstat jdk.attach jdk.charsets jdk.internal.opt jdk.zipfs jdk.compiler jdk.crypto.cryptoki jdk.crypto.ec jdk.dynalink jdk.internal.ed jdk.editpad jdk.internal.vm.ci jdk.graal.compiler jdk.graal.compiler.management jdk.hotspot.agent jdk.httpserver jdk.incubator.vector jdk.internal.le jdk.internal.md jdk.jartool jdk.javadoc jdk.jcmd jdk.management jdk.management.agent jdk.jconsole jdk.jdeps jdk.jdwp.agent jdk.jdi jdk.jfr jdk.jlink jdk.jpackage jdk.jshell jdk.jsobject jdk.jstatd jdk.localedata jdk.management.jfr jdk.naming.dns jdk.naming.rmi jdk.net jdk.nio.mapmode jdk.sctp jdk.security.auth jdk.security.jgss jdk.unsupported jdk.unsupported.desktop jdk.xml.dom"
IMPLEMENTOR="JetBrains s.r.o."
IMPLEMENTOR_VERSION="JBRSDK-25.0.4.1+1-583.48-jcef"
JAVA_RUNTIME_VERSION="25.0.4.1+1-b583.48"
LIBC="default"
OS_ARCH="aarch64"
OS_NAME="Darwin"
SOURCE=".:git:868e6eaecc70+ jcef_git:git:4a605f44671a"
JCEF_VERSION="150.0.14.1214+g3f4e03e"
JCEF_COMMIT_HASH="3f4e03e099488e0e2ae264041986a9a1e19536a7"
JCEF_VERSION_DETAILED=150.0.14-g7c1aa68-chromium-150.0.7871.129-api-1.21-263-b10

Environment Variables:
PATH=/Users/mean/.codebuddy/bin:/Users/mean/Library/Python/3.9/bin:/Users/mean/.local/bin:/Users/mean/Library/pnpm:/opt/homebrew/bin:/opt/homebrew/sbin:/usr/local/bin:/System/Cryptexes/App/usr/bin:/usr/bin:/bin:/usr/sbin:/sbin:/var/run/com.apple.security.cryptexd/codex.system/bootstrap/usr/local/bin:/var/run/com.apple.security.cryptexd/codex.system/bootstrap/usr/bin:/var/run/com.apple.security.cryptexd/codex.system/bootstrap/usr/appleinternal/bin:/pkg/env/global/bin:/Library/Apple/usr/bin:/Applications/VMware Fusion.app/Contents/Public:/opt/homebrew/opt/node@22/bin:/opt/homebrew/opt/ruby/bin:/opt/homebrew/lib/ruby/gems/3.4.0/bin:/Users/mean/Library/flutter/bin:/Users/mean/.pub-cache/bin:/Users/mean/.orbstack/bin
SHELL=/bin/zsh
LANG=C.UTF-8
TMPDIR=/var/folders/nv/r30ny8j529g3g1_80dttnkxr0000gn/T/

Active Locale:
LC_ALL=C.UTF-8
LC_COLLATE=C.UTF-8
LC_CTYPE=C.UTF-8
LC_MESSAGES=C.UTF-8
LC_MONETARY=C.UTF-8
LC_NUMERIC=C.UTF-8
LC_TIME=C.UTF-8

Signal Handlers:
   SIGSEGV: crash_handler in libjvm.dylib, mask=11100110000111110111111111111111, flags=SA_ONSTACK|SA_RESTART|SA_SIGINFO, unblocked
    SIGBUS: crash_handler in libjvm.dylib, mask=11100110000111110111111111111111, flags=SA_RESTART|SA_SIGINFO, unblocked
    SIGFPE: crash_handler in libjvm.dylib, mask=11100110000111110111111111111111, flags=SA_RESTART|SA_SIGINFO, unblocked
   SIGPIPE: javaSignalHandler in libjvm.dylib, mask=11100110000111110111111111111111, flags=SA_RESTART|SA_SIGINFO, blocked
   SIGXFSZ: javaSignalHandler in libjvm.dylib, mask=11100110000111110111111111111111, flags=SA_RESTART|SA_SIGINFO, blocked
    SIGILL: crash_handler in libjvm.dylib, mask=11100110000111110111111111111111, flags=SA_RESTART|SA_SIGINFO, unblocked
   SIGUSR2: SR_handler in libjvm.dylib, mask=00000000000000000000000000000000, flags=SA_RESTART|SA_SIGINFO, blocked
    SIGHUP: UserHandler in libjvm.dylib, mask=11100110000111110111111111111111, flags=SA_RESTART|SA_SIGINFO, blocked
    SIGINT: UserHandler in libjvm.dylib, mask=11100110000111110111111111111111, flags=SA_RESTART|SA_SIGINFO, blocked
   SIGTERM: UserHandler in libjvm.dylib, mask=11100110000111110111111111111111, flags=SA_RESTART|SA_SIGINFO, blocked
   SIGQUIT: UserHandler in libjvm.dylib, mask=11100110000111110111111111111111, flags=SA_RESTART|SA_SIGINFO, blocked
   SIGTRAP: crash_handler in libjvm.dylib, mask=11100110000111110111111111111111, flags=SA_RESTART|SA_SIGINFO, unblocked


Compilation memory statistics disabled.

Periodic native trim disabled

JNI global refs:
JNI global refs: 149, weak refs: 11

JNI global refs memory usage: 2099, weak refs: 833

Process memory usage:
Resident Set Size: 212160K (1% of 16777216K total physical memory with 2868896K free physical memory)

OOME stack traces (most recent first):
Classloader memory used:
Loader jdk.internal.loader.ClassLoaders$AppClassLoader                                 : 37405 K
Loader bootstrap                                                                       : 9658 K
Loader jdk.internal.loader.ClassLoaders$PlatformClassLoader                            : 5584 B

---------------  S Y S T E M  ---------------

OS:
uname: Darwin 27.0.0 Darwin Kernel Version 27.0.0: Tue Aug 11 21:02:57 PDT 2026; root:xnu-13432.1.9~1/RELEASE_ARM64_T8132 arm64
OS uptime: 1 days 21:37 hours
rlimit (soft/hard): STACK 8176k/65520k , CORE 0k/infinity , NPROC 2666/4000 , NOFILE 1048576/infinity , AS infinity/infinity , CPU infinity/infinity , DATA infinity/infinity , FSIZE infinity/infinity , MEMLOCK infinity/infinity , RSS infinity/infinity
load average: 5.55 4.50 4.43

CPU: total 10 (initial active 10) 0x61:0x0:0x6f5129ac:0, fp, asimd, aes, pmull, sha1, sha256, crc32, lse, sha3, sha512
machdep.cpu.brand_string:Apple M4
hw.cachelinesize:128
hw.l1icachesize:131072
hw.l1dcachesize:65536
hw.l2cachesize:4194304

Memory: 16k page, physical 16777216k(2868896k free), swap 9437184k(1015296k free)

vm_info: OpenJDK 64-Bit Server VM (25.0.4.1+1-b583.48) for bsd-aarch64 JRE (25.0.4.1+1-b583.48), built on 2026-08-20 with clang Apple LLVM 16.0.0 (clang-1600.0.26.6)

END.
